ID,Description,setSize,enrichmentScore,NES,pvalue,p.adjust,qvalue,rank,leading_edge,core_enrichment
GO:0051640,organelle localization,113,0.9588139245362981,1.7715601711446674,1.4422471745142903e-9,4.243091187421042e-6,4.243091187421042e-6,1,"tags=1%, list=0%, signal=1%",Alb
GO:0051646,mitochondrion localization,11,0.9946252987287497,1.6495436343491687,2.3514015169479362e-6,0.0034589116314304143,0.0034589116314304143,1,"tags=9%, list=0%, signal=9%",Alb
GO:0050891,multicellular organismal water homeostasis,11,0.9796552965035945,1.6247165241718395,7.108938122488522e-5,0.0697149865212041,0.0697149865212041,2,"tags=9%, list=0%, signal=9%",Scd1
