assoc_id,exposure,outcome,arm,method,is_primary,is_sensitivity,scale,b,se,ci_lo,ci_hi,p,n_snp,ivw_residual_se,egger_intercept,egger_intercept_se,egger_intercept_p,presso_global_p,presso_n_outlier,presso_estimate,presso_distortion_p,mrbee_n_pleiotropic,mrbee_error_cor,n_snp_diag,Q,Q_df,Q_p,I2,Q_rucker,Q_rucker_p,I2_GX,R2,N_exposure,mean_F,total_F,steiger_r2_exposure,steiger_r2_outcome,steiger_correct_direction,steiger_n_snp_wrong,note,apss_n_valid_iv,apss_pi0,apss_tau2,apss_C12...16,apss_rg,apss_overlap_flag,apss_threshold,apss_bg_slope,apss_bg_slope_se,apss_bg_slope_lo,apss_bg_slope_hi,apss_omega11,apss_omega12,apss_omega22,apss_C11,apss_C12...28,apss_C22,apss_C_slope_z,apss_C_slope_beta,p_gamma_below_0,ci_excludes_0,cause_rho,cause_eta_median,cause_q_median,elpd_sharing_vs_causal,elpd_se,elpd_p,cause_gamma_est,cause_gamma_lo,cause_gamma_hi,cause_eta_est,cause_eta_lo,cause_eta_hi,cause_q_est,cause_q_lo,cause_q_hi,cause_qeta_est,cause_qeta_lo,cause_qeta_hi,cause_naive_est,cause_naive_lo,cause_naive_hi,cause_frac_est,cause_frac_lo,cause_frac_hi,cause_q_sharing_est,cause_q_sharing_lo,cause_q_sharing_hi,cause_delta_elpd,cause_delta_elpd_se,cause_flags,mraid_rho,mraid_sigmabeta,mraid_sigmaeta,mraid_sigma2x,mraid_sigma2y,mraid_n_independent_start,mraid_r2_used,block,primary_method,sensitivity_method,overlap,stable,stability_note,method_handles_overlap
bmi_ukb__fg_dupuis__raw,bmi_ukb,fg_dupuis,raw,MR-APSS,TRUE,FALSE,SD(outcome) per SD(exposure),0.078468166696833,0.025879003894770644,0.027745319063082537,0.12919101433058347,0.0024285,1650,NA,NA,NA,NA,NA,NA,NA,NA,NA,NA,NA,NA,NA,NA,NA,NA,NA,NA,NA,NA,NA,NA,NA,NA,NA,NA,NA,793.242673719803,0.4806860192147085,1.812462225276775e-8,-0.005968452397872144,0.23415174028596236,FALSE,5e-5,0.11366475139495243,0.018609583961565826,0.07718996683028341,0.15013953595962143,3.938775470609496e-8,4.476999346673651e-9,9.281497617492994e-9,1.3461454906696595,-0.005968452397872144,1.0074491522080846,-0.004433735015449965,-0.013914412969580237,NA,NA,NA,NA,NA,NA,NA,NA,NA,NA,NA,NA,NA,NA,NA,NA,NA,NA,NA,NA,NA,NA,NA,NA,NA,NA,NA,NA,NA,NA,NA,NA,NA,NA,NA,NA,NA,NA,NA,adiposity_to_glycemic,MR-APSS,CAUSE,none,NA,NA,TRUE
bmi_ukb__fg_dupuis__raw,bmi_ukb,fg_dupuis,raw,CAUSE,FALSE,TRUE,SD(outcome) per SD(exposure),0.05046889288231125,NA,0.010547957624060434,0.09352062718007016,NA,3647,NA,NA,NA,NA,NA,NA,NA,NA,NA,NA,NA,NA,NA,NA,NA,NA,NA,NA,NA,NA,NA,NA,NA,NA,NA,NA,NA,NA,NA,NA,NA,NA,NA,NA,NA,NA,NA,NA,NA,NA,NA,NA,NA,NA,NA,NA,0.025,TRUE,0.052056076030077315,-0.11447510181514695,0.030370487900590805,-1.5193191518569287,1.3858354116318978,0.136469368385843,0.05051700913532807,0.009821259477589928,0.09422902268819279,-0.11371248072178387,-1.4097347414435795,0.609850091244626,0.030145761003068677,9.787015698227708e-4,0.24422549232176144,-0.002519216480790903,-0.04090412886511359,0.02641025218216461,0.04666918606604631,0.017758366810269578,0.07501332036517631,-0.054414469551330946,-1.1288988298906972,0.6534443797194918,0.13767944936607635,0.011072325094360765,0.3737826652442707,-1.5193191518569287,1.3858354116318978,,NA,NA,NA,NA,NA,NA,NA,adiposity_to_glycemic,MR-APSS,CAUSE,none,NA,NA,TRUE
bmi_ukb__fg_dupuis__raw,bmi_ukb,fg_dupuis,raw,IVW-FE,FALSE,FALSE,per unit of GWAS beta,0.07032085453770519,0.01738389784127365,0.036248414768808836,0.10439329430660155,5.2284751586901855e-5,166,NA,NA,NA,NA,NA,NA,NA,NA,NA,NA,166,181.7111091163377,165,0.17696734512706663,0.09196525846770694,181.69210086111258,0.16346576579105693,0.8637409154261481,0.022839675124561944,454884,62.602522108052696,64.0261223003892,0.022839675124561944,0.004271616400965474,TRUE,6,NA,NA,NA,NA,NA,NA,NA,NA,NA,NA,NA,NA,NA,NA,NA,NA,NA,NA,NA,NA,NA,NA,NA,NA,NA,NA,NA,NA,NA,NA,NA,NA,NA,NA,NA,NA,NA,NA,NA,NA,NA,NA,NA,NA,NA,NA,NA,NA,NA,NA,NA,NA,NA,NA,NA,NA,NA,NA,NA,adiposity_to_glycemic,MR-APSS,CAUSE,none,NA,NA,FALSE
bmi_ukb__fg_dupuis__raw,bmi_ukb,fg_dupuis,raw,IVW-MRE,FALSE,FALSE,per unit of GWAS beta,0.07032085453770519,0.018242986158904746,0.03456460166625189,0.10607710740915849,1.1588160178043565e-4,166,1.0494186243772907,NA,NA,NA,NA,NA,NA,NA,NA,NA,166,181.7111091163377,165,0.17696734512706663,0.09196525846770694,181.69210086111258,0.16346576579105693,0.8637409154261481,0.022839675124561944,454884,62.602522108052696,64.0261223003892,0.022839675124561944,0.004271616400965474,TRUE,6,NA,NA,NA,NA,NA,NA,NA,NA,NA,NA,NA,NA,NA,NA,NA,NA,NA,NA,NA,NA,NA,NA,NA,NA,NA,NA,NA,NA,NA,NA,NA,NA,NA,NA,NA,NA,NA,NA,NA,NA,NA,NA,NA,NA,NA,NA,NA,NA,NA,NA,NA,NA,NA,NA,NA,NA,NA,NA,NA,adiposity_to_glycemic,MR-APSS,CAUSE,none,NA,NA,FALSE
bmi_ukb__fg_dupuis__raw,bmi_ukb,fg_dupuis,raw,MR-APSS (p<5e-8),FALSE,FALSE,SD(outcome) per SD(exposure),0.07625264608757494,0.0317204469682869,0.014080570029732613,0.13842472214541726,0.016221,605,NA,NA,NA,NA,NA,NA,NA,NA,NA,NA,NA,NA,NA,NA,NA,NA,NA,NA,NA,NA,NA,NA,NA,NA,NA,NA,NA,287.065004140611,0.4744848313575797,2.2245167768735917e-8,-0.005968452397872144,0.23415174028596236,FALSE,5e-8,0.11366475139495243,0.018609583961565826,0.07718996683028341,0.15013953595962143,3.938775470609496e-8,4.476999346673651e-9,9.281497617492994e-9,1.3461454906696595,-0.005968452397872144,1.0074491522080846,-0.004433735015449965,-0.013914412969580237,NA,NA,NA,NA,NA,NA,NA,NA,NA,NA,NA,NA,NA,NA,NA,NA,NA,NA,NA,NA,NA,NA,NA,NA,NA,NA,NA,NA,NA,NA,NA,NA,NA,NA,NA,NA,NA,NA,NA,adiposity_to_glycemic,MR-APSS,CAUSE,none,NA,NA,TRUE
bmi_ukb__fg_dupuis__raw,bmi_ukb,fg_dupuis,raw,MR-Egger,FALSE,FALSE,per unit of GWAS beta,0.06375748834204112,0.053343690798766934,-0.04079614562354207,0.1683111223076243,0.23372626589110992,166,NA,1.231169404048588e-4,9.399241021285262e-4,0.8959468881097131,NA,NA,NA,NA,NA,NA,166,181.7111091163377,165,0.17696734512706663,0.09196525846770694,181.69210086111258,0.16346576579105693,0.8637409154261481,0.022839675124561944,454884,62.602522108052696,64.0261223003892,0.022839675124561944,0.004271616400965474,TRUE,6,NA,NA,NA,NA,NA,NA,NA,NA,NA,NA,NA,NA,NA,NA,NA,NA,NA,NA,NA,NA,NA,NA,NA,NA,NA,NA,NA,NA,NA,NA,NA,NA,NA,NA,NA,NA,NA,NA,NA,NA,NA,NA,NA,NA,NA,NA,NA,NA,NA,NA,NA,NA,NA,NA,NA,NA,NA,NA,NA,adiposity_to_glycemic,MR-APSS,CAUSE,none,NA,NA,FALSE
bmi_ukb__fg_dupuis__raw,bmi_ukb,fg_dupuis,raw,MR-PRESSO,FALSE,FALSE,per unit of GWAS beta,0.0703208545377052,0.0182429861589047,0.03456460166625199,0.1060771074091584,1.65736614265513e-4,166,NA,NA,NA,NA,0.191,0,Raw,NA,NA,NA,166,181.7111091163377,165,0.17696734512706663,0.09196525846770694,181.69210086111258,0.16346576579105693,0.8637409154261481,0.022839675124561944,454884,62.602522108052696,64.0261223003892,0.022839675124561944,0.004271616400965474,TRUE,6,NA,NA,NA,NA,NA,NA,NA,NA,NA,NA,NA,NA,NA,NA,NA,NA,NA,NA,NA,NA,NA,NA,NA,NA,NA,NA,NA,NA,NA,NA,NA,NA,NA,NA,NA,NA,NA,NA,NA,NA,NA,NA,NA,NA,NA,NA,NA,NA,NA,NA,NA,NA,NA,NA,NA,NA,NA,NA,NA,adiposity_to_glycemic,MR-APSS,CAUSE,none,NA,NA,FALSE
bmi_ukb__fg_dupuis__raw,bmi_ukb,fg_dupuis,raw,MR-RAPS,FALSE,FALSE,per unit of GWAS beta,0.06991019229797434,0.018673297826797046,0.033310528557452125,0.10650985603849655,1.812154425246178e-4,166,NA,NA,NA,NA,NA,NA,NA,NA,NA,NA,166,181.7111091163377,165,0.17696734512706663,0.09196525846770694,181.69210086111258,0.16346576579105693,0.8637409154261481,0.022839675124561944,454884,62.602522108052696,64.0261223003892,0.022839675124561944,0.004271616400965474,TRUE,6,NA,NA,NA,NA,NA,NA,NA,NA,NA,NA,NA,NA,NA,NA,NA,NA,NA,NA,NA,NA,NA,NA,NA,NA,NA,NA,NA,NA,NA,NA,NA,NA,NA,NA,NA,NA,NA,NA,NA,NA,NA,NA,NA,NA,NA,NA,NA,NA,NA,NA,NA,NA,NA,NA,NA,NA,NA,NA,NA,adiposity_to_glycemic,MR-APSS,CAUSE,none,TRUE,warnings: The estimated overdispersion parameter is very small. Consider using the simple model without overdispersion.,FALSE
bmi_ukb__fg_dupuis__raw,bmi_ukb,fg_dupuis,raw,MRAID,FALSE,FALSE,SD(outcome) per SD(exposure),NA,NA,NA,NA,NA,2147,NA,NA,NA,NA,NA,NA,NA,NA,NA,NA,NA,NA,NA,NA,NA,NA,NA,NA,NA,NA,NA,NA,NA,NA,NA,NA,not run: 2147 candidates > 1000 (pre-specified cap),NA,NA,NA,NA,NA,NA,NA,NA,NA,NA,NA,NA,NA,NA,NA,NA,NA,NA,NA,NA,NA,NA,NA,NA,NA,NA,NA,NA,NA,NA,NA,NA,NA,NA,NA,NA,NA,NA,NA,NA,NA,NA,NA,NA,NA,NA,NA,NA,NA,NA,NA,NA,NA,NA,NA,NA,NA,NA,adiposity_to_glycemic,MR-APSS,CAUSE,none,NA,NA,FALSE
bmi_ukb__fg_dupuis__raw,bmi_ukb,fg_dupuis,raw,MRBEE,FALSE,FALSE,per unit of GWAS beta,0.0711461892201688,0.018788377068685774,0.03432097016554468,0.10797140827479292,1.5265332563503404e-4,166,NA,NA,NA,NA,NA,NA,NA,NA,0,0.010922371445437397,166,181.7111091163377,165,0.17696734512706663,0.09196525846770694,181.69210086111258,0.16346576579105693,0.8637409154261481,0.022839675124561944,454884,62.602522108052696,64.0261223003892,0.022839675124561944,0.004271616400965474,TRUE,6,NA,NA,NA,NA,NA,NA,NA,NA,NA,NA,NA,NA,NA,NA,NA,NA,NA,NA,NA,NA,NA,NA,NA,NA,NA,NA,NA,NA,NA,NA,NA,NA,NA,NA,NA,NA,NA,NA,NA,NA,NA,NA,NA,NA,NA,NA,NA,NA,NA,NA,NA,NA,NA,NA,NA,NA,NA,NA,NA,adiposity_to_glycemic,MR-APSS,CAUSE,none,TRUE,,TRUE
bmi_ukb__fg_dupuis__raw,bmi_ukb,fg_dupuis,raw,Weighted median,FALSE,FALSE,per unit of GWAS beta,0.054855614056054845,0.028421387758302375,-8.503059502178098e-4,0.1105615340623275,0.0535966560049115,166,NA,NA,NA,NA,NA,NA,NA,NA,NA,NA,166,181.7111091163377,165,0.17696734512706663,0.09196525846770694,181.69210086111258,0.16346576579105693,0.8637409154261481,0.022839675124561944,454884,62.602522108052696,64.0261223003892,0.022839675124561944,0.004271616400965474,TRUE,6,NA,NA,NA,NA,NA,NA,NA,NA,NA,NA,NA,NA,NA,NA,NA,NA,NA,NA,NA,NA,NA,NA,NA,NA,NA,NA,NA,NA,NA,NA,NA,NA,NA,NA,NA,NA,NA,NA,NA,NA,NA,NA,NA,NA,NA,NA,NA,NA,NA,NA,NA,NA,NA,NA,NA,NA,NA,NA,NA,adiposity_to_glycemic,MR-APSS,CAUSE,none,NA,NA,FALSE
bmi_ukb__fg_dupuis__raw,bmi_ukb,fg_dupuis,raw,Weighted mode,FALSE,FALSE,per unit of GWAS beta,0.0554663745168793,0.051594355477243885,-0.04565856221851872,0.15659131125227732,0.28392305497064907,166,NA,NA,NA,NA,NA,NA,NA,NA,NA,NA,166,181.7111091163377,165,0.17696734512706663,0.09196525846770694,181.69210086111258,0.16346576579105693,0.8637409154261481,0.022839675124561944,454884,62.602522108052696,64.0261223003892,0.022839675124561944,0.004271616400965474,TRUE,6,NA,NA,NA,NA,NA,NA,NA,NA,NA,NA,NA,NA,NA,NA,NA,NA,NA,NA,NA,NA,NA,NA,NA,NA,NA,NA,NA,NA,NA,NA,NA,NA,NA,NA,NA,NA,NA,NA,NA,NA,NA,NA,NA,NA,NA,NA,NA,NA,NA,NA,NA,NA,NA,NA,NA,NA,NA,NA,NA,adiposity_to_glycemic,MR-APSS,CAUSE,none,NA,NA,FALSE
bmi_ukb__fg_manning__raw,bmi_ukb,fg_manning,raw,MR-APSS,TRUE,FALSE,SD(outcome) per SD(exposure),0.1041409220038685,0.025044184820344997,0.05505431975599231,0.15322752425174468,3.2064e-5,1649,NA,NA,NA,NA,NA,NA,NA,NA,NA,NA,NA,NA,NA,NA,NA,NA,NA,NA,NA,NA,NA,NA,NA,NA,NA,NA,NA,772.439355846342,0.4684106309751533,3.8061542877093895e-8,0.02274880801005827,0.28200082630991674,TRUE,5e-5,0.1583851864291679,0.016065285923791525,0.12689722601853654,0.18987314683979928,3.973329366732135e-8,6.293165124943568e-9,1.2533804767063037e-8,1.348256321311836,0.02274880801005827,1.0193927899278217,0.016872761989295902,0.04722213743560868,NA,NA,NA,NA,NA,NA,NA,NA,NA,NA,NA,NA,NA,NA,NA,NA,NA,NA,NA,NA,NA,NA,NA,NA,NA,NA,NA,NA,NA,NA,NA,NA,NA,NA,NA,NA,NA,NA,NA,adiposity_to_glycemic,MR-APSS,CAUSE,none,NA,NA,TRUE
bmi_ukb__fg_manning__raw,bmi_ukb,fg_manning,raw,CAUSE,FALSE,TRUE,SD(outcome) per SD(exposure),0.08900215628923398,NA,0.0555178669474772,0.12126146301901984,NA,3691,NA,NA,NA,NA,NA,NA,NA,NA,NA,NA,NA,NA,NA,NA,NA,NA,NA,NA,NA,NA,NA,NA,NA,NA,NA,NA,NA,NA,NA,NA,NA,NA,NA,NA,NA,NA,NA,NA,NA,NA,NA,NA,NA,NA,NA,NA,0.025,TRUE,0.10053984152706272,-0.010378764948841792,0.027908447689236438,-3.67690636037641,1.5731920947085767,0.00971370320978747,0.08892817652850665,0.05541034603192985,0.12179968969932567,-0.010340061056324469,-0.7682312161654237,0.7949428559209162,0.027766482716799414,7.557038558797553e-4,0.24098734350056547,-1.5251963998480543e-4,-0.020086681041606762,0.021033540681221864,0.08811313968298656,0.05942271002523251,0.11589500417762415,-0.0017463673347311928,-0.23981925908628904,0.2597162530773936,0.35834554802586127,0.17874032554825414,0.5779309849561304,-3.67690636037641,1.5731920947085767,,NA,NA,NA,NA,NA,NA,NA,adiposity_to_glycemic,MR-APSS,CAUSE,none,NA,NA,TRUE
bmi_ukb__fg_manning__raw,bmi_ukb,fg_manning,raw,IVW-FE,FALSE,FALSE,per unit of GWAS beta,0.06051023761187691,0.014386752048847522,0.03231220359613576,0.08870827162761806,2.5996551048510143e-5,203,NA,NA,NA,NA,NA,NA,NA,NA,NA,NA,203,276.1839166245232,202,4.0602660415467115e-4,0.26860331887239297,276.14054435242576,3.441960087139302e-4,0.8492889960461185,0.027247977046880065,454884,61.07182627153297,62.739627454299274,0.027247977046880065,0.005060084578690317,TRUE,8,NA,NA,NA,NA,NA,NA,NA,NA,NA,NA,NA,NA,NA,NA,NA,NA,NA,NA,NA,NA,NA,NA,NA,NA,NA,NA,NA,NA,NA,NA,NA,NA,NA,NA,NA,NA,NA,NA,NA,NA,NA,NA,NA,NA,NA,NA,NA,NA,NA,NA,NA,NA,NA,NA,NA,NA,NA,NA,NA,adiposity_to_glycemic,MR-APSS,CAUSE,none,NA,NA,FALSE
bmi_ukb__fg_manning__raw,bmi_ukb,fg_manning,raw,IVW-MRE,FALSE,FALSE,per unit of GWAS beta,0.06051023761187691,0.01682233456708368,0.027538461860392903,0.09348201336336093,3.218864099288502e-4,203,1.1692934242535489,NA,NA,NA,NA,NA,NA,NA,NA,NA,203,276.1839166245232,202,4.0602660415467115e-4,0.26860331887239297,276.14054435242576,3.441960087139302e-4,0.8492889960461185,0.027247977046880065,454884,61.07182627153297,62.739627454299274,0.027247977046880065,0.005060084578690317,TRUE,8,NA,NA,NA,NA,NA,NA,NA,NA,NA,NA,NA,NA,NA,NA,NA,NA,NA,NA,NA,NA,NA,NA,NA,NA,NA,NA,NA,NA,NA,NA,NA,NA,NA,NA,NA,NA,NA,NA,NA,NA,NA,NA,NA,NA,NA,NA,NA,NA,NA,NA,NA,NA,NA,NA,NA,NA,NA,NA,NA,adiposity_to_glycemic,MR-APSS,CAUSE,none,NA,NA,FALSE
bmi_ukb__fg_manning__raw,bmi_ukb,fg_manning,raw,MR-APSS (p<5e-8),FALSE,FALSE,SD(outcome) per SD(exposure),0.09735340937242512,0.03071844852514265,0.037145250263145524,0.15756156848170472,0.0015285,609,NA,NA,NA,NA,NA,NA,NA,NA,NA,NA,NA,NA,NA,NA,NA,NA,NA,NA,NA,NA,NA,NA,NA,NA,NA,NA,NA,284.8410701444913,0.467712353881563,3.904165554858785e-8,0.02274880801005827,0.28200082630991674,TRUE,5e-8,0.1583851864291679,0.016065285923791525,0.12689722601853654,0.18987314683979928,3.973329366732135e-8,6.293165124943568e-9,1.2533804767063037e-8,1.348256321311836,0.02274880801005827,1.0193927899278217,0.016872761989295902,0.04722213743560868,NA,NA,NA,NA,NA,NA,NA,NA,NA,NA,NA,NA,NA,NA,NA,NA,NA,NA,NA,NA,NA,NA,NA,NA,NA,NA,NA,NA,NA,NA,NA,NA,NA,NA,NA,NA,NA,NA,NA,adiposity_to_glycemic,MR-APSS,CAUSE,none,NA,NA,TRUE
bmi_ukb__fg_manning__raw,bmi_ukb,fg_manning,raw,MR-Egger,FALSE,FALSE,per unit of GWAS beta,0.051912654221235824,0.05124206745580256,-0.04852179799213718,0.15234710643460883,0.3122367293255137,203,NA,1.5908830206640996e-4,8.953631563328153e-4,0.8591530704336715,NA,NA,NA,NA,NA,NA,203,276.1839166245232,202,4.0602660415467115e-4,0.26860331887239297,276.14054435242576,3.441960087139302e-4,0.8492889960461185,0.027247977046880065,454884,61.07182627153297,62.739627454299274,0.027247977046880065,0.005060084578690317,TRUE,8,NA,NA,NA,NA,NA,NA,NA,NA,NA,NA,NA,NA,NA,NA,NA,NA,NA,NA,NA,NA,NA,NA,NA,NA,NA,NA,NA,NA,NA,NA,NA,NA,NA,NA,NA,NA,NA,NA,NA,NA,NA,NA,NA,NA,NA,NA,NA,NA,NA,NA,NA,NA,NA,NA,NA,NA,NA,NA,NA,adiposity_to_glycemic,MR-APSS,CAUSE,none,NA,NA,FALSE
bmi_ukb__fg_manning__raw,bmi_ukb,fg_manning,raw,MR-PRESSO,FALSE,FALSE,per unit of GWAS beta,0.0698532342217443,0.0159740642357044,0.03854406831976368,0.10116240012372493,1.97074154324697e-5,201,NA,NA,NA,NA,0.001,2,Outlier-corrected,0.614,NA,NA,203,276.1839166245232,202,4.0602660415467115e-4,0.26860331887239297,276.14054435242576,3.441960087139302e-4,0.8492889960461185,0.027247977046880065,454884,61.07182627153297,62.739627454299274,0.027247977046880065,0.005060084578690317,TRUE,8,NA,NA,NA,NA,NA,NA,NA,NA,NA,NA,NA,NA,NA,NA,NA,NA,NA,NA,NA,NA,NA,NA,NA,NA,NA,NA,NA,NA,NA,NA,NA,NA,NA,NA,NA,NA,NA,NA,NA,NA,NA,NA,NA,NA,NA,NA,NA,NA,NA,NA,NA,NA,NA,NA,NA,NA,NA,NA,NA,adiposity_to_glycemic,MR-APSS,CAUSE,none,NA,NA,FALSE
bmi_ukb__fg_manning__raw,bmi_ukb,fg_manning,raw,MR-RAPS,FALSE,FALSE,per unit of GWAS beta,0.07044968947975153,0.016720144054286967,0.03767820713334907,0.10322117182615398,2.514860559497008e-5,203,NA,NA,NA,NA,NA,NA,NA,NA,NA,NA,203,276.1839166245232,202,4.0602660415467115e-4,0.26860331887239297,276.14054435242576,3.441960087139302e-4,0.8492889960461185,0.027247977046880065,454884,61.07182627153297,62.739627454299274,0.027247977046880065,0.005060084578690317,TRUE,8,NA,NA,NA,NA,NA,NA,NA,NA,NA,NA,NA,NA,NA,NA,NA,NA,NA,NA,NA,NA,NA,NA,NA,NA,NA,NA,NA,NA,NA,NA,NA,NA,NA,NA,NA,NA,NA,NA,NA,NA,NA,NA,NA,NA,NA,NA,NA,NA,NA,NA,NA,NA,NA,NA,NA,NA,NA,NA,NA,adiposity_to_glycemic,MR-APSS,CAUSE,none,TRUE,,FALSE
bmi_ukb__fg_manning__raw,bmi_ukb,fg_manning,raw,MRAID,FALSE,FALSE,SD(outcome) per SD(exposure),NA,NA,NA,NA,NA,2147,NA,NA,NA,NA,NA,NA,NA,NA,NA,NA,NA,NA,NA,NA,NA,NA,NA,NA,NA,NA,NA,NA,NA,NA,NA,NA,not run: 2147 candidates > 1000 (pre-specified cap),NA,NA,NA,NA,NA,NA,NA,NA,NA,NA,NA,NA,NA,NA,NA,NA,NA,NA,NA,NA,NA,NA,NA,NA,NA,NA,NA,NA,NA,NA,NA,NA,NA,NA,NA,NA,NA,NA,NA,NA,NA,NA,NA,NA,NA,NA,NA,NA,NA,NA,NA,NA,NA,NA,NA,NA,NA,NA,adiposity_to_glycemic,MR-APSS,CAUSE,none,NA,NA,FALSE
bmi_ukb__fg_manning__raw,bmi_ukb,fg_manning,raw,MRBEE,FALSE,FALSE,per unit of GWAS beta,0.06089867704662722,0.01776894612448511,0.026071542642636406,0.09572581145061804,6.097203136146467e-4,203,NA,NA,NA,NA,NA,NA,NA,NA,0,0.023334668624560562,203,276.1839166245232,202,4.0602660415467115e-4,0.26860331887239297,276.14054435242576,3.441960087139302e-4,0.8492889960461185,0.027247977046880065,454884,61.07182627153297,62.739627454299274,0.027247977046880065,0.005060084578690317,TRUE,8,NA,NA,NA,NA,NA,NA,NA,NA,NA,NA,NA,NA,NA,NA,NA,NA,NA,NA,NA,NA,NA,NA,NA,NA,NA,NA,NA,NA,NA,NA,NA,NA,NA,NA,NA,NA,NA,NA,NA,NA,NA,NA,NA,NA,NA,NA,NA,NA,NA,NA,NA,NA,NA,NA,NA,NA,NA,NA,NA,adiposity_to_glycemic,MR-APSS,CAUSE,none,TRUE,,TRUE
bmi_ukb__fg_manning__raw,bmi_ukb,fg_manning,raw,Weighted median,FALSE,FALSE,per unit of GWAS beta,0.0772054063948411,0.024454687426177832,0.029274219039532548,0.12513659375014963,0.001593575792396443,203,NA,NA,NA,NA,NA,NA,NA,NA,NA,NA,203,276.1839166245232,202,4.0602660415467115e-4,0.26860331887239297,276.14054435242576,3.441960087139302e-4,0.8492889960461185,0.027247977046880065,454884,61.07182627153297,62.739627454299274,0.027247977046880065,0.005060084578690317,TRUE,8,NA,NA,NA,NA,NA,NA,NA,NA,NA,NA,NA,NA,NA,NA,NA,NA,NA,NA,NA,NA,NA,NA,NA,NA,NA,NA,NA,NA,NA,NA,NA,NA,NA,NA,NA,NA,NA,NA,NA,NA,NA,NA,NA,NA,NA,NA,NA,NA,NA,NA,NA,NA,NA,NA,NA,NA,NA,NA,NA,adiposity_to_glycemic,MR-APSS,CAUSE,none,NA,NA,FALSE
bmi_ukb__fg_manning__raw,bmi_ukb,fg_manning,raw,Weighted mode,FALSE,FALSE,per unit of GWAS beta,0.08493383356310225,0.041856951484770935,0.002894208652951216,0.1669734584732533,0.04375557659615327,203,NA,NA,NA,NA,NA,NA,NA,NA,NA,NA,203,276.1839166245232,202,4.0602660415467115e-4,0.26860331887239297,276.14054435242576,3.441960087139302e-4,0.8492889960461185,0.027247977046880065,454884,61.07182627153297,62.739627454299274,0.027247977046880065,0.005060084578690317,TRUE,8,NA,NA,NA,NA,NA,NA,NA,NA,NA,NA,NA,NA,NA,NA,NA,NA,NA,NA,NA,NA,NA,NA,NA,NA,NA,NA,NA,NA,NA,NA,NA,NA,NA,NA,NA,NA,NA,NA,NA,NA,NA,NA,NA,NA,NA,NA,NA,NA,NA,NA,NA,NA,NA,NA,NA,NA,NA,NA,NA,adiposity_to_glycemic,MR-APSS,CAUSE,none,NA,NA,FALSE
bmi_ukb__glu2h_chen__raw,bmi_ukb,glu2h_chen,raw,MR-APSS,TRUE,FALSE,SD(outcome) per SD(exposure),-0.09220454453911422,0.02551674820298956,-0.14221737101697376,-0.042191718061254685,3.021e-4,1661,NA,NA,NA,NA,NA,NA,NA,NA,NA,NA,NA,NA,NA,NA,NA,NA,NA,NA,NA,NA,NA,NA,NA,NA,NA,NA,NA,761.3173160106653,0.45839783721261784,7.383520267594204e-8,-0.028139873645841564,-0.08065546958717358,TRUE,5e-5,-0.039594641199056584,0.020315921412815352,-0.07941384716817468,2.2456477006150416e-4,3.9962670838863856e-8,-1.5823076132208159e-9,9.630740508770499e-9,1.3523012449226934,-0.028139873645841564,1.013337601292158,-0.02080887949448736,-0.05574014542821587,NA,NA,NA,NA,NA,NA,NA,NA,NA,NA,NA,NA,NA,NA,NA,NA,NA,NA,NA,NA,NA,NA,NA,NA,NA,NA,NA,NA,NA,NA,NA,NA,NA,NA,NA,NA,NA,NA,NA,adiposity_to_glycemic,MR-APSS,CAUSE,none,NA,NA,TRUE
bmi_ukb__glu2h_chen__raw,bmi_ukb,glu2h_chen,raw,CAUSE,FALSE,TRUE,SD(outcome) per SD(exposure),-0.020971450414870973,NA,-0.05212429844466739,0.009833516051231853,NA,3735,NA,NA,NA,NA,NA,NA,NA,NA,NA,NA,NA,NA,NA,NA,NA,NA,NA,NA,NA,NA,NA,NA,NA,NA,NA,NA,NA,NA,NA,NA,NA,NA,NA,NA,NA,NA,NA,NA,NA,NA,NA,NA,NA,NA,NA,NA,0.9076345894347656,FALSE,-0.04302854699210277,-0.03423158207769045,0.027794771430006106,0.0581180928118914,1.6204937010112923,0.5143047732583143,-0.020809506664391644,-0.05299973126298929,0.0098653598203865,-0.030543173609015876,-1.2299783044692658,0.6888735201957241,0.027718682641709094,7.266217349402872e-4,0.24089130659804048,-5.149097997237572e-4,-0.023210841279770536,0.02230427997682269,-0.021880703459064496,-0.04835230358833554,0.004032016814486492,NA,NA,NA,0.00651740837203575,8.023093486485395e-4,0.1965575937436296,0.0581180928118914,1.6204937010112923,gamma + q*eta interval spans 0: fraction not reported,NA,NA,NA,NA,NA,NA,NA,adiposity_to_glycemic,MR-APSS,CAUSE,none,NA,NA,TRUE
bmi_ukb__glu2h_chen__raw,bmi_ukb,glu2h_chen,raw,IVW-FE,FALSE,FALSE,per unit of GWAS beta,-0.09922792077383956,0.026268742436238304,-0.15071465594886663,-0.047741185598812484,1.5846506809766184e-4,425,NA,NA,NA,NA,NA,NA,NA,NA,NA,NA,425,636.1795589440052,424,1.0227358517314101e-10,0.3335214971323539,633.5929549579565,1.2926418948372874e-10,0.8842889705080521,0.05911116032861253,454884,63.28953553606045,67.17937979731863,0.05911116032861253,0.01025731709445847,TRUE,10,NA,NA,NA,NA,NA,NA,NA,NA,NA,NA,NA,NA,NA,NA,NA,NA,NA,NA,NA,NA,NA,NA,NA,NA,NA,NA,NA,NA,NA,NA,NA,NA,NA,NA,NA,NA,NA,NA,NA,NA,NA,NA,NA,NA,NA,NA,NA,NA,NA,NA,NA,NA,NA,NA,NA,NA,NA,NA,NA,adiposity_to_glycemic,MR-APSS,CAUSE,none,NA,NA,FALSE
bmi_ukb__glu2h_chen__raw,bmi_ukb,glu2h_chen,raw,IVW-MRE,FALSE,FALSE,per unit of GWAS beta,-0.09922792077383956,0.032177048813957825,-0.1622949364491969,-0.03616090509848223,0.0020436772987592728,425,1.2249177474734718,NA,NA,NA,NA,NA,NA,NA,NA,NA,425,636.1795589440052,424,1.0227358517314101e-10,0.3335214971323539,633.5929549579565,1.2926418948372874e-10,0.8842889705080521,0.05911116032861253,454884,63.28953553606045,67.17937979731863,0.05911116032861253,0.01025731709445847,TRUE,10,NA,NA,NA,NA,NA,NA,NA,NA,NA,NA,NA,NA,NA,NA,NA,NA,NA,NA,NA,NA,NA,NA,NA,NA,NA,NA,NA,NA,NA,NA,NA,NA,NA,NA,NA,NA,NA,NA,NA,NA,NA,NA,NA,NA,NA,NA,NA,NA,NA,NA,NA,NA,NA,NA,NA,NA,NA,NA,NA,adiposity_to_glycemic,MR-APSS,CAUSE,none,NA,NA,FALSE
bmi_ukb__glu2h_chen__raw,bmi_ukb,glu2h_chen,raw,MR-APSS (p<5e-8),FALSE,FALSE,SD(outcome) per SD(exposure),-0.1053572224948543,0.03304875310888068,-0.17013277858826042,-0.040581666401448155,0.0014329,615,NA,NA,NA,NA,NA,NA,NA,NA,NA,NA,NA,NA,NA,NA,NA,NA,NA,NA,NA,NA,NA,NA,NA,NA,NA,NA,NA,280.3955132372101,0.4559098518623854,1.0062945899404397e-7,-0.028139873645841564,-0.08065546958717358,TRUE,5e-8,-0.039594641199056584,0.020315921412815352,-0.07941384716817468,2.2456477006150416e-4,3.9962670838863856e-8,-1.5823076132208159e-9,9.630740508770499e-9,1.3523012449226934,-0.028139873645841564,1.013337601292158,-0.02080887949448736,-0.05574014542821587,NA,NA,NA,NA,NA,NA,NA,NA,NA,NA,NA,NA,NA,NA,NA,NA,NA,NA,NA,NA,NA,NA,NA,NA,NA,NA,NA,NA,NA,NA,NA,NA,NA,NA,NA,NA,NA,NA,NA,adiposity_to_glycemic,MR-APSS,CAUSE,none,NA,NA,TRUE
bmi_ukb__glu2h_chen__raw,bmi_ukb,glu2h_chen,raw,MR-Egger,FALSE,FALSE,per unit of GWAS beta,-0.20093355411373628,0.08380713000957214,-0.3651955289324977,-0.03667157929497489,0.016936890517028156,425,NA,0.002036760698895011,0.0015499226365210373,0.18952312173465438,NA,NA,NA,NA,NA,NA,425,636.1795589440052,424,1.0227358517314101e-10,0.3335214971323539,633.5929549579565,1.2926418948372874e-10,0.8842889705080521,0.05911116032861253,454884,63.28953553606045,67.17937979731863,0.05911116032861253,0.01025731709445847,TRUE,10,NA,NA,NA,NA,NA,NA,NA,NA,NA,NA,NA,NA,NA,NA,NA,NA,NA,NA,NA,NA,NA,NA,NA,NA,NA,NA,NA,NA,NA,NA,NA,NA,NA,NA,NA,NA,NA,NA,NA,NA,NA,NA,NA,NA,NA,NA,NA,NA,NA,NA,NA,NA,NA,NA,NA,NA,NA,NA,NA,adiposity_to_glycemic,MR-APSS,CAUSE,none,NA,NA,FALSE
bmi_ukb__glu2h_chen__raw,bmi_ukb,glu2h_chen,raw,MR-PRESSO,FALSE,FALSE,per unit of GWAS beta,-0.0721803873687571,0.0294340206519882,-0.12987106784665398,-0.01448970689086023,0.0145995795388635,423,NA,NA,NA,NA,0.001,2,Outlier-corrected,0.2,NA,NA,425,636.1795589440052,424,1.0227358517314101e-10,0.3335214971323539,633.5929549579565,1.2926418948372874e-10,0.8842889705080521,0.05911116032861253,454884,63.28953553606045,67.17937979731863,0.05911116032861253,0.01025731709445847,TRUE,10,NA,NA,NA,NA,NA,NA,NA,NA,NA,NA,NA,NA,NA,NA,NA,NA,NA,NA,NA,NA,NA,NA,NA,NA,NA,NA,NA,NA,NA,NA,NA,NA,NA,NA,NA,NA,NA,NA,NA,NA,NA,NA,NA,NA,NA,NA,NA,NA,NA,NA,NA,NA,NA,NA,NA,NA,NA,NA,NA,adiposity_to_glycemic,MR-APSS,CAUSE,none,NA,NA,FALSE
bmi_ukb__glu2h_chen__raw,bmi_ukb,glu2h_chen,raw,MR-RAPS,FALSE,FALSE,per unit of GWAS beta,-0.0820460364381857,0.03211584593722154,-0.14499309447513992,-0.01909897840123148,0.010628234983354568,425,NA,NA,NA,NA,NA,NA,NA,NA,NA,NA,425,636.1795589440052,424,1.0227358517314101e-10,0.3335214971323539,633.5929549579565,1.2926418948372874e-10,0.8842889705080521,0.05911116032861253,454884,63.28953553606045,67.17937979731863,0.05911116032861253,0.01025731709445847,TRUE,10,NA,NA,NA,NA,NA,NA,NA,NA,NA,NA,NA,NA,NA,NA,NA,NA,NA,NA,NA,NA,NA,NA,NA,NA,NA,NA,NA,NA,NA,NA,NA,NA,NA,NA,NA,NA,NA,NA,NA,NA,NA,NA,NA,NA,NA,NA,NA,NA,NA,NA,NA,NA,NA,NA,NA,NA,NA,NA,NA,adiposity_to_glycemic,MR-APSS,CAUSE,none,TRUE,,FALSE
bmi_ukb__glu2h_chen__raw,bmi_ukb,glu2h_chen,raw,MRAID,FALSE,FALSE,SD(outcome) per SD(exposure),NA,NA,NA,NA,NA,2147,NA,NA,NA,NA,NA,NA,NA,NA,NA,NA,NA,NA,NA,NA,NA,NA,NA,NA,NA,NA,NA,NA,NA,NA,NA,NA,not run: 2147 candidates > 1000 (pre-specified cap),NA,NA,NA,NA,NA,NA,NA,NA,NA,NA,NA,NA,NA,NA,NA,NA,NA,NA,NA,NA,NA,NA,NA,NA,NA,NA,NA,NA,NA,NA,NA,NA,NA,NA,NA,NA,NA,NA,NA,NA,NA,NA,NA,NA,NA,NA,NA,NA,NA,NA,NA,NA,NA,NA,NA,NA,NA,NA,adiposity_to_glycemic,MR-APSS,CAUSE,none,NA,NA,FALSE
bmi_ukb__glu2h_chen__raw,bmi_ukb,glu2h_chen,raw,MRBEE,FALSE,FALSE,per unit of GWAS beta,-0.07703609480383468,0.030746688277473153,-0.13729960382768205,-0.016772585779987297,0.012227539204505896,425,NA,NA,NA,NA,NA,NA,NA,NA,1,-0.006709102251225144,425,636.1795589440052,424,1.0227358517314101e-10,0.3335214971323539,633.5929549579565,1.2926418948372874e-10,0.8842889705080521,0.05911116032861253,454884,63.28953553606045,67.17937979731863,0.05911116032861253,0.01025731709445847,TRUE,10,NA,NA,NA,NA,NA,NA,NA,NA,NA,NA,NA,NA,NA,NA,NA,NA,NA,NA,NA,NA,NA,NA,NA,NA,NA,NA,NA,NA,NA,NA,NA,NA,NA,NA,NA,NA,NA,NA,NA,NA,NA,NA,NA,NA,NA,NA,NA,NA,NA,NA,NA,NA,NA,NA,NA,NA,NA,NA,NA,adiposity_to_glycemic,MR-APSS,CAUSE,none,TRUE,,TRUE
bmi_ukb__glu2h_chen__raw,bmi_ukb,glu2h_chen,raw,Weighted median,FALSE,FALSE,per unit of GWAS beta,-0.03734168652807216,0.05295763225147154,-0.1411386457409564,0.06645527268481205,0.48073320081886317,425,NA,NA,NA,NA,NA,NA,NA,NA,NA,NA,425,636.1795589440052,424,1.0227358517314101e-10,0.3335214971323539,633.5929549579565,1.2926418948372874e-10,0.8842889705080521,0.05911116032861253,454884,63.28953553606045,67.17937979731863,0.05911116032861253,0.01025731709445847,TRUE,10,NA,NA,NA,NA,NA,NA,NA,NA,NA,NA,NA,NA,NA,NA,NA,NA,NA,NA,NA,NA,NA,NA,NA,NA,NA,NA,NA,NA,NA,NA,NA,NA,NA,NA,NA,NA,NA,NA,NA,NA,NA,NA,NA,NA,NA,NA,NA,NA,NA,NA,NA,NA,NA,NA,NA,NA,NA,NA,NA,adiposity_to_glycemic,MR-APSS,CAUSE,none,NA,NA,FALSE
bmi_ukb__glu2h_chen__raw,bmi_ukb,glu2h_chen,raw,Weighted mode,FALSE,FALSE,per unit of GWAS beta,-0.04269300212239191,0.08095843511882869,-0.20137153495529614,0.11598553071051232,0.5982300515894129,425,NA,NA,NA,NA,NA,NA,NA,NA,NA,NA,425,636.1795589440052,424,1.0227358517314101e-10,0.3335214971323539,633.5929549579565,1.2926418948372874e-10,0.8842889705080521,0.05911116032861253,454884,63.28953553606045,67.17937979731863,0.05911116032861253,0.01025731709445847,TRUE,10,NA,NA,NA,NA,NA,NA,NA,NA,NA,NA,NA,NA,NA,NA,NA,NA,NA,NA,NA,NA,NA,NA,NA,NA,NA,NA,NA,NA,NA,NA,NA,NA,NA,NA,NA,NA,NA,NA,NA,NA,NA,NA,NA,NA,NA,NA,NA,NA,NA,NA,NA,NA,NA,NA,NA,NA,NA,NA,NA,adiposity_to_glycemic,MR-APSS,CAUSE,none,NA,NA,FALSE
bmi_ukb__t2d_xue__raw,bmi_ukb,t2d_xue,raw,MR-APSS,TRUE,FALSE,SD(outcome) per SD(exposure),0.21121614179613196,0.018916150916062507,0.17414048600064946,0.24829179759161446,5.9871e-29,1597,NA,NA,NA,NA,NA,NA,NA,NA,NA,NA,NA,NA,NA,NA,NA,NA,NA,NA,NA,NA,NA,NA,NA,NA,NA,NA,NA,504.42484078070055,0.31579633610394214,6.565327514126961e-8,0.24305914158272968,0.5297322057158602,TRUE,5e-5,0.2223768791385195,0.010745344428432212,0.20131600405879235,0.24343775421824665,3.6845317972650046e-8,8.19354682162432e-9,6.493051034880462e-9,1.453715413934833,0.24305914158272968,1.175115019957215,0.16719857219153453,0.13926486524443898,NA,NA,NA,NA,NA,NA,NA,NA,NA,NA,NA,NA,NA,NA,NA,NA,NA,NA,NA,NA,NA,NA,NA,NA,NA,NA,NA,NA,NA,NA,NA,NA,NA,NA,NA,NA,NA,NA,NA,adiposity_to_glycemic,MR-APSS,CAUSE,UKB,NA,NA,TRUE
bmi_ukb__t2d_xue__raw,bmi_ukb,t2d_xue,raw,CAUSE,FALSE,TRUE,SD(outcome) per SD(exposure),0.10393772706312761,NA,0.09083612668938526,0.1182690680867316,NA,3391,NA,NA,NA,NA,NA,NA,NA,NA,NA,NA,NA,NA,NA,NA,NA,NA,NA,NA,NA,NA,NA,NA,NA,NA,NA,NA,NA,NA,NA,NA,NA,NA,NA,NA,NA,NA,NA,NA,NA,NA,NA,NA,NA,NA,NA,NA,0.025,TRUE,0.6459107824470242,-0.004761993802601505,0.030492597327503465,-7.227332905820711,1.2125738830691448,1.258693494814135e-9,0.1038839057859118,0.09087066655316414,0.11824726366834445,-0.0044555332014295625,-0.24989575651795284,0.22182511241769215,0.031108904724802683,6.785382603177035e-4,0.23097595102420235,-6.389820194056329e-5,-0.007619186494818566,0.006884133853530428,0.10358647800999848,0.0916762038136495,0.11557413360948648,-6.061978631261538e-4,-0.07358476224345616,0.06724258229026475,0.7845496478844787,0.6704645955254006,0.880349501279038,-7.227332905820711,1.2125738830691448,,NA,NA,NA,NA,NA,NA,NA,adiposity_to_glycemic,MR-APSS,CAUSE,UKB,NA,NA,TRUE
bmi_ukb__t2d_xue__raw,bmi_ukb,t2d_xue,raw,IVW-FE,FALSE,FALSE,per unit of GWAS beta,1.0811610379596777,0.026460243134522967,1.0292989614160126,1.1330231145033427,0,337,NA,NA,NA,NA,NA,NA,NA,NA,NA,NA,337,768.3887028822625,336,6.84827051282571e-36,0.5627213170370048,767.0448569778738,6.604078490810927e-36,0.8810133504935984,0.047266251439554575,454884,63.82452764668959,66.91562688985827,0.047266251439554575,0.0037180794110155888,TRUE,1,NA,NA,NA,NA,NA,NA,NA,NA,NA,NA,NA,NA,NA,NA,NA,NA,NA,NA,NA,NA,NA,NA,NA,NA,NA,NA,NA,NA,NA,NA,NA,NA,NA,NA,NA,NA,NA,NA,NA,NA,NA,NA,NA,NA,NA,NA,NA,NA,NA,NA,NA,NA,NA,NA,NA,NA,NA,NA,NA,adiposity_to_glycemic,MR-APSS,CAUSE,UKB,NA,NA,FALSE
bmi_ukb__t2d_xue__raw,bmi_ukb,t2d_xue,raw,IVW-MRE,FALSE,FALSE,per unit of GWAS beta,1.0811610379596777,0.040014249642912135,1.0027331086595699,1.1595889672597854,8.745033094676726e-161,337,1.5122404370769031,NA,NA,NA,NA,NA,NA,NA,NA,NA,337,768.3887028822625,336,6.84827051282571e-36,0.5627213170370048,767.0448569778738,6.604078490810927e-36,0.8810133504935984,0.047266251439554575,454884,63.82452764668959,66.91562688985827,0.047266251439554575,0.0037180794110155888,TRUE,1,NA,NA,NA,NA,NA,NA,NA,NA,NA,NA,NA,NA,NA,NA,NA,NA,NA,NA,NA,NA,NA,NA,NA,NA,NA,NA,NA,NA,NA,NA,NA,NA,NA,NA,NA,NA,NA,NA,NA,NA,NA,NA,NA,NA,NA,NA,NA,NA,NA,NA,NA,NA,NA,NA,NA,NA,NA,NA,NA,adiposity_to_glycemic,MR-APSS,CAUSE,UKB,NA,NA,FALSE
bmi_ukb__t2d_xue__raw,bmi_ukb,t2d_xue,raw,MR-APSS (p<5e-8),FALSE,FALSE,SD(outcome) per SD(exposure),0.21459334271782488,0.03017436418109124,0.15545158892288605,0.27373509651276373,1.1456e-12,579,NA,NA,NA,NA,NA,NA,NA,NA,NA,NA,NA,NA,NA,NA,NA,NA,NA,NA,NA,NA,NA,NA,NA,NA,NA,NA,NA,183.19110548563123,0.3163757260048562,1.2633894927004501e-7,0.24305914158272968,0.5297322057158602,TRUE,5e-8,0.2223768791385195,0.010745344428432212,0.20131600405879235,0.24343775421824665,3.6845317972650046e-8,8.19354682162432e-9,6.493051034880462e-9,1.453715413934833,0.24305914158272968,1.175115019957215,0.16719857219153453,0.13926486524443898,NA,NA,NA,NA,NA,NA,NA,NA,NA,NA,NA,NA,NA,NA,NA,NA,NA,NA,NA,NA,NA,NA,NA,NA,NA,NA,NA,NA,NA,NA,NA,NA,NA,NA,NA,NA,NA,NA,NA,adiposity_to_glycemic,MR-APSS,CAUSE,UKB,NA,NA,TRUE
bmi_ukb__t2d_xue__raw,bmi_ukb,t2d_xue,raw,MR-Egger,FALSE,FALSE,per unit of GWAS beta,1.1591393533405447,0.10937758085226917,0.9447592948700971,1.3735194118109924,8.010292552908684e-23,337,NA,-0.001510441323631609,0.001971592241389078,0.44415490958815773,NA,NA,NA,NA,NA,NA,337,768.3887028822625,336,6.84827051282571e-36,0.5627213170370048,767.0448569778738,6.604078490810927e-36,0.8810133504935984,0.047266251439554575,454884,63.82452764668959,66.91562688985827,0.047266251439554575,0.0037180794110155888,TRUE,1,NA,NA,NA,NA,NA,NA,NA,NA,NA,NA,NA,NA,NA,NA,NA,NA,NA,NA,NA,NA,NA,NA,NA,NA,NA,NA,NA,NA,NA,NA,NA,NA,NA,NA,NA,NA,NA,NA,NA,NA,NA,NA,NA,NA,NA,NA,NA,NA,NA,NA,NA,NA,NA,NA,NA,NA,NA,NA,NA,adiposity_to_glycemic,MR-APSS,CAUSE,UKB,NA,NA,FALSE
bmi_ukb__t2d_xue__raw,bmi_ukb,t2d_xue,raw,MR-PRESSO,FALSE,FALSE,per unit of GWAS beta,1.11563039370807,0.03257164029818,1.0517899787236373,1.1794708086925028,7.09097381866878e-110,326,NA,NA,NA,NA,0.001,11,Outlier-corrected,0.396,NA,NA,337,768.3887028822625,336,6.84827051282571e-36,0.5627213170370048,767.0448569778738,6.604078490810927e-36,0.8810133504935984,0.047266251439554575,454884,63.82452764668959,66.91562688985827,0.047266251439554575,0.0037180794110155888,TRUE,1,NA,NA,NA,NA,NA,NA,NA,NA,NA,NA,NA,NA,NA,NA,NA,NA,NA,NA,NA,NA,NA,NA,NA,NA,NA,NA,NA,NA,NA,NA,NA,NA,NA,NA,NA,NA,NA,NA,NA,NA,NA,NA,NA,NA,NA,NA,NA,NA,NA,NA,NA,NA,NA,NA,NA,NA,NA,NA,NA,adiposity_to_glycemic,MR-APSS,CAUSE,UKB,NA,NA,FALSE
bmi_ukb__t2d_xue__raw,bmi_ukb,t2d_xue,raw,MR-RAPS,FALSE,FALSE,per unit of GWAS beta,1.1217137542587732,0.0376122796951953,1.0479936860561905,1.1954338224613559,1.962194772362792e-195,337,NA,NA,NA,NA,NA,NA,NA,NA,NA,NA,337,768.3887028822625,336,6.84827051282571e-36,0.5627213170370048,767.0448569778738,6.604078490810927e-36,0.8810133504935984,0.047266251439554575,454884,63.82452764668959,66.91562688985827,0.047266251439554575,0.0037180794110155888,TRUE,1,NA,NA,NA,NA,NA,NA,NA,NA,NA,NA,NA,NA,NA,NA,NA,NA,NA,NA,NA,NA,NA,NA,NA,NA,NA,NA,NA,NA,NA,NA,NA,NA,NA,NA,NA,NA,NA,NA,NA,NA,NA,NA,NA,NA,NA,NA,NA,NA,NA,NA,NA,NA,NA,NA,NA,NA,NA,NA,NA,adiposity_to_glycemic,MR-APSS,CAUSE,UKB,TRUE,,FALSE
bmi_ukb__t2d_xue__raw,bmi_ukb,t2d_xue,raw,MRBEE,FALSE,FALSE,per unit of GWAS beta,1.1145482931795545,0.04352930280417734,1.0292308596833668,1.1998657266757422,1.3574841808902016e-144,337,NA,NA,NA,NA,NA,NA,NA,NA,3,0.1546750478016986,337,768.3887028822625,336,6.84827051282571e-36,0.5627213170370048,767.0448569778738,6.604078490810927e-36,0.8810133504935984,0.047266251439554575,454884,63.82452764668959,66.91562688985827,0.047266251439554575,0.0037180794110155888,TRUE,1,NA,NA,NA,NA,NA,NA,NA,NA,NA,NA,NA,NA,NA,NA,NA,NA,NA,NA,NA,NA,NA,NA,NA,NA,NA,NA,NA,NA,NA,NA,NA,NA,NA,NA,NA,NA,NA,NA,NA,NA,NA,NA,NA,NA,NA,NA,NA,NA,NA,NA,NA,NA,NA,NA,NA,NA,NA,NA,NA,adiposity_to_glycemic,MR-APSS,CAUSE,UKB,TRUE,,TRUE
bmi_ukb__t2d_xue__raw,bmi_ukb,t2d_xue,raw,Weighted median,FALSE,FALSE,per unit of GWAS beta,1.076791708243605,0.048345562558690096,0.9820344056285724,1.1715490108586375,6.780705678322526e-110,337,NA,NA,NA,NA,NA,NA,NA,NA,NA,NA,337,768.3887028822625,336,6.84827051282571e-36,0.5627213170370048,767.0448569778738,6.604078490810927e-36,0.8810133504935984,0.047266251439554575,454884,63.82452764668959,66.91562688985827,0.047266251439554575,0.0037180794110155888,TRUE,1,NA,NA,NA,NA,NA,NA,NA,NA,NA,NA,NA,NA,NA,NA,NA,NA,NA,NA,NA,NA,NA,NA,NA,NA,NA,NA,NA,NA,NA,NA,NA,NA,NA,NA,NA,NA,NA,NA,NA,NA,NA,NA,NA,NA,NA,NA,NA,NA,NA,NA,NA,NA,NA,NA,NA,NA,NA,NA,NA,adiposity_to_glycemic,MR-APSS,CAUSE,UKB,NA,NA,FALSE
bmi_ukb__t2d_xue__raw,bmi_ukb,t2d_xue,raw,Weighted mode,FALSE,FALSE,per unit of GWAS beta,1.114481490198286,0.13116873065109805,0.8573907781221338,1.371572202274438,6.43770582678219e-16,337,NA,NA,NA,NA,NA,NA,NA,NA,NA,NA,337,768.3887028822625,336,6.84827051282571e-36,0.5627213170370048,767.0448569778738,6.604078490810927e-36,0.8810133504935984,0.047266251439554575,454884,63.82452764668959,66.91562688985827,0.047266251439554575,0.0037180794110155888,TRUE,1,NA,NA,NA,NA,NA,NA,NA,NA,NA,NA,NA,NA,NA,NA,NA,NA,NA,NA,NA,NA,NA,NA,NA,NA,NA,NA,NA,NA,NA,NA,NA,NA,NA,NA,NA,NA,NA,NA,NA,NA,NA,NA,NA,NA,NA,NA,NA,NA,NA,NA,NA,NA,NA,NA,NA,NA,NA,NA,NA,adiposity_to_glycemic,MR-APSS,CAUSE,UKB,NA,NA,FALSE
fatmass_ukb__fg_dupuis__raw,fatmass_ukb,fg_dupuis,raw,MR-APSS,TRUE,FALSE,SD(outcome) per SD(exposure),0.08038176898514984,0.026091100543820342,0.02924321191926197,0.13152032605103772,0.0020644,1603,NA,NA,NA,NA,NA,NA,NA,NA,NA,NA,NA,NA,NA,NA,NA,NA,NA,NA,NA,NA,NA,NA,NA,NA,NA,NA,NA,777.5791759730502,0.48507280400854097,2.1122580095573072e-8,-0.008058657668918376,0.20227736582795594,FALSE,5e-5,0.10004082728754748,0.019151765568368437,0.06250336677354534,0.13757828780154963,3.7736973275066787e-8,3.775238025765752e-9,9.23053842432866e-9,1.346415228029839,-0.008058657668918376,1.0076943519898416,-0.005985269255094745,-0.01876817136751239,NA,NA,NA,NA,NA,NA,NA,NA,NA,NA,NA,NA,NA,NA,NA,NA,NA,NA,NA,NA,NA,NA,NA,NA,NA,NA,NA,NA,NA,NA,NA,NA,NA,NA,NA,NA,NA,NA,NA,adiposity_to_glycemic,MR-APSS,CAUSE,none,NA,NA,TRUE
fatmass_ukb__fg_dupuis__raw,fatmass_ukb,fg_dupuis,raw,CAUSE,FALSE,TRUE,SD(outcome) per SD(exposure),0.044531501038691135,NA,0.004616675541651942,0.08747854350146143,NA,3561,NA,NA,NA,NA,NA,NA,NA,NA,NA,NA,NA,NA,NA,NA,NA,NA,NA,NA,NA,NA,NA,NA,NA,NA,NA,NA,NA,NA,NA,NA,NA,NA,NA,NA,NA,NA,NA,NA,NA,NA,NA,NA,NA,NA,NA,NA,0.025,TRUE,0.039348688430122215,-0.06929655245571716,0.028105940835631487,-1.1618239759235522,1.394749763800195,0.20242288572248288,0.04462999890690747,0.004858259815410678,0.08785957096431833,-0.07477675314989776,-1.652611343933935,0.6977847216782206,0.028399619325189557,7.238870507391542e-4,0.23907776890567137,-0.00145234876970974,-0.03338054127442907,0.02518851689404942,0.04234693606407877,0.0120660999136686,0.0730957734234856,-0.0347778452902061,-1.0658722351045982,0.7914374057985261,0.10479803541784961,0.005019594056873586,0.34160091654648017,-1.1618239759235522,1.394749763800195,,NA,NA,NA,NA,NA,NA,NA,adiposity_to_glycemic,MR-APSS,CAUSE,none,NA,NA,TRUE
fatmass_ukb__fg_dupuis__raw,fatmass_ukb,fg_dupuis,raw,IVW-FE,FALSE,FALSE,per unit of GWAS beta,0.026153726182478063,0.01693263275401747,-0.007034234015396178,0.0593416863803523,0.12244902641189052,175,NA,NA,NA,NA,NA,NA,NA,NA,NA,NA,175,226.71308268131085,174,0.004434475073113822,0.23251010509794576,226.45085003407894,0.003946179100244209,0.8671926053213458,0.02488770277582042,454137,64.60097416986177,66.20803117153638,0.02488770277582042,0.004940542569866926,TRUE,8,NA,NA,NA,NA,NA,NA,NA,NA,NA,NA,NA,NA,NA,NA,NA,NA,NA,NA,NA,NA,NA,NA,NA,NA,NA,NA,NA,NA,NA,NA,NA,NA,NA,NA,NA,NA,NA,NA,NA,NA,NA,NA,NA,NA,NA,NA,NA,NA,NA,NA,NA,NA,NA,NA,NA,NA,NA,NA,NA,adiposity_to_glycemic,MR-APSS,CAUSE,none,NA,NA,FALSE
fatmass_ukb__fg_dupuis__raw,fatmass_ukb,fg_dupuis,raw,IVW-MRE,FALSE,FALSE,per unit of GWAS beta,0.026153726182478063,0.0193280551514294,-0.011729261914323559,0.06403671427927968,0.1760082378890805,175,1.1414678055214769,NA,NA,NA,NA,NA,NA,NA,NA,NA,175,226.71308268131085,174,0.004434475073113822,0.23251010509794576,226.45085003407894,0.003946179100244209,0.8671926053213458,0.02488770277582042,454137,64.60097416986177,66.20803117153638,0.02488770277582042,0.004940542569866926,TRUE,8,NA,NA,NA,NA,NA,NA,NA,NA,NA,NA,NA,NA,NA,NA,NA,NA,NA,NA,NA,NA,NA,NA,NA,NA,NA,NA,NA,NA,NA,NA,NA,NA,NA,NA,NA,NA,NA,NA,NA,NA,NA,NA,NA,NA,NA,NA,NA,NA,NA,NA,NA,NA,NA,NA,NA,NA,NA,NA,NA,adiposity_to_glycemic,MR-APSS,CAUSE,none,NA,NA,FALSE
fatmass_ukb__fg_dupuis__raw,fatmass_ukb,fg_dupuis,raw,MR-APSS (p<5e-8),FALSE,FALSE,SD(outcome) per SD(exposure),0.08356498027418241,0.031635800610682614,0.021558811077244486,0.14557114947112032,0.0082547,563,NA,NA,NA,NA,NA,NA,NA,NA,NA,NA,NA,NA,NA,NA,NA,NA,NA,NA,NA,NA,NA,NA,NA,NA,NA,NA,NA,297.36428630145053,0.5281746200222872,2.5291401775484614e-8,-0.008058657668918376,0.20227736582795594,FALSE,5e-8,0.10004082728754748,0.019151765568368437,0.06250336677354534,0.13757828780154963,3.7736973275066787e-8,3.775238025765752e-9,9.23053842432866e-9,1.346415228029839,-0.008058657668918376,1.0076943519898416,-0.005985269255094745,-0.01876817136751239,NA,NA,NA,NA,NA,NA,NA,NA,NA,NA,NA,NA,NA,NA,NA,NA,NA,NA,NA,NA,NA,NA,NA,NA,NA,NA,NA,NA,NA,NA,NA,NA,NA,NA,NA,NA,NA,NA,NA,adiposity_to_glycemic,MR-APSS,CAUSE,none,NA,NA,TRUE
fatmass_ukb__fg_dupuis__raw,fatmass_ukb,fg_dupuis,raw,MR-Egger,FALSE,FALSE,per unit of GWAS beta,0.0022823268844507595,0.056742743693843425,-0.10893345075548234,0.11349810452438387,0.9679622344069801,175,NA,4.401061572724379e-4,9.832817781648643e-4,0.655009745936669,NA,NA,NA,NA,NA,NA,175,226.71308268131085,174,0.004434475073113822,0.23251010509794576,226.45085003407894,0.003946179100244209,0.8671926053213458,0.02488770277582042,454137,64.60097416986177,66.20803117153638,0.02488770277582042,0.004940542569866926,TRUE,8,NA,NA,NA,NA,NA,NA,NA,NA,NA,NA,NA,NA,NA,NA,NA,NA,NA,NA,NA,NA,NA,NA,NA,NA,NA,NA,NA,NA,NA,NA,NA,NA,NA,NA,NA,NA,NA,NA,NA,NA,NA,NA,NA,NA,NA,NA,NA,NA,NA,NA,NA,NA,NA,NA,NA,NA,NA,NA,NA,adiposity_to_glycemic,MR-APSS,CAUSE,none,NA,NA,FALSE
fatmass_ukb__fg_dupuis__raw,fatmass_ukb,fg_dupuis,raw,MR-PRESSO,FALSE,FALSE,per unit of GWAS beta,0.0369446245074661,0.0179540087984667,0.0017547672624713684,0.07213448175246083,0.0411243493052035,173,NA,NA,NA,NA,0.003,2,Outlier-corrected,0.614,NA,NA,175,226.71308268131085,174,0.004434475073113822,0.23251010509794576,226.45085003407894,0.003946179100244209,0.8671926053213458,0.02488770277582042,454137,64.60097416986177,66.20803117153638,0.02488770277582042,0.004940542569866926,TRUE,8,NA,NA,NA,NA,NA,NA,NA,NA,NA,NA,NA,NA,NA,NA,NA,NA,NA,NA,NA,NA,NA,NA,NA,NA,NA,NA,NA,NA,NA,NA,NA,NA,NA,NA,NA,NA,NA,NA,NA,NA,NA,NA,NA,NA,NA,NA,NA,NA,NA,NA,NA,NA,NA,NA,NA,NA,NA,NA,NA,adiposity_to_glycemic,MR-APSS,CAUSE,none,NA,NA,FALSE
fatmass_ukb__fg_dupuis__raw,fatmass_ukb,fg_dupuis,raw,MR-RAPS,FALSE,FALSE,per unit of GWAS beta,0.026828086962004512,0.019267437364072035,-0.010936090271576673,0.0645922641955857,0.16379962097978387,175,NA,NA,NA,NA,NA,NA,NA,NA,NA,NA,175,226.71308268131085,174,0.004434475073113822,0.23251010509794576,226.45085003407894,0.003946179100244209,0.8671926053213458,0.02488770277582042,454137,64.60097416986177,66.20803117153638,0.02488770277582042,0.004940542569866926,TRUE,8,NA,NA,NA,NA,NA,NA,NA,NA,NA,NA,NA,NA,NA,NA,NA,NA,NA,NA,NA,NA,NA,NA,NA,NA,NA,NA,NA,NA,NA,NA,NA,NA,NA,NA,NA,NA,NA,NA,NA,NA,NA,NA,NA,NA,NA,NA,NA,NA,NA,NA,NA,NA,NA,NA,NA,NA,NA,NA,NA,adiposity_to_glycemic,MR-APSS,CAUSE,none,TRUE,,FALSE
fatmass_ukb__fg_dupuis__raw,fatmass_ukb,fg_dupuis,raw,MRAID,FALSE,FALSE,SD(outcome) per SD(exposure),NA,NA,NA,NA,NA,1874,NA,NA,NA,NA,NA,NA,NA,NA,NA,NA,NA,NA,NA,NA,NA,NA,NA,NA,NA,NA,NA,NA,NA,NA,NA,NA,not run: 1874 candidates > 1000 (pre-specified cap),NA,NA,NA,NA,NA,NA,NA,NA,NA,NA,NA,NA,NA,NA,NA,NA,NA,NA,NA,NA,NA,NA,NA,NA,NA,NA,NA,NA,NA,NA,NA,NA,NA,NA,NA,NA,NA,NA,NA,NA,NA,NA,NA,NA,NA,NA,NA,NA,NA,NA,NA,NA,NA,NA,NA,NA,NA,NA,adiposity_to_glycemic,MR-APSS,CAUSE,none,NA,NA,FALSE
fatmass_ukb__fg_dupuis__raw,fatmass_ukb,fg_dupuis,raw,MRBEE,FALSE,FALSE,per unit of GWAS beta,0.03250660888989,0.018262228696438763,-0.0032873593551299707,0.06830057713490997,0.07507737831337741,175,NA,NA,NA,NA,NA,NA,NA,NA,1,0.00586559134860094,175,226.71308268131085,174,0.004434475073113822,0.23251010509794576,226.45085003407894,0.003946179100244209,0.8671926053213458,0.02488770277582042,454137,64.60097416986177,66.20803117153638,0.02488770277582042,0.004940542569866926,TRUE,8,NA,NA,NA,NA,NA,NA,NA,NA,NA,NA,NA,NA,NA,NA,NA,NA,NA,NA,NA,NA,NA,NA,NA,NA,NA,NA,NA,NA,NA,NA,NA,NA,NA,NA,NA,NA,NA,NA,NA,NA,NA,NA,NA,NA,NA,NA,NA,NA,NA,NA,NA,NA,NA,NA,NA,NA,NA,NA,NA,adiposity_to_glycemic,MR-APSS,CAUSE,none,TRUE,,TRUE
fatmass_ukb__fg_dupuis__raw,fatmass_ukb,fg_dupuis,raw,Weighted median,FALSE,FALSE,per unit of GWAS beta,0.018779464076988,0.027356584961883663,-0.034839442448303976,0.07239837060227998,0.4924170248266263,175,NA,NA,NA,NA,NA,NA,NA,NA,NA,NA,175,226.71308268131085,174,0.004434475073113822,0.23251010509794576,226.45085003407894,0.003946179100244209,0.8671926053213458,0.02488770277582042,454137,64.60097416986177,66.20803117153638,0.02488770277582042,0.004940542569866926,TRUE,8,NA,NA,NA,NA,NA,NA,NA,NA,NA,NA,NA,NA,NA,NA,NA,NA,NA,NA,NA,NA,NA,NA,NA,NA,NA,NA,NA,NA,NA,NA,NA,NA,NA,NA,NA,NA,NA,NA,NA,NA,NA,NA,NA,NA,NA,NA,NA,NA,NA,NA,NA,NA,NA,NA,NA,NA,NA,NA,NA,adiposity_to_glycemic,MR-APSS,CAUSE,none,NA,NA,FALSE
fatmass_ukb__fg_dupuis__raw,fatmass_ukb,fg_dupuis,raw,Weighted mode,FALSE,FALSE,per unit of GWAS beta,0.02078798454592312,0.04584044059346411,-0.06905927901726652,0.11063524810911277,0.6507640835802738,175,NA,NA,NA,NA,NA,NA,NA,NA,NA,NA,175,226.71308268131085,174,0.004434475073113822,0.23251010509794576,226.45085003407894,0.003946179100244209,0.8671926053213458,0.02488770277582042,454137,64.60097416986177,66.20803117153638,0.02488770277582042,0.004940542569866926,TRUE,8,NA,NA,NA,NA,NA,NA,NA,NA,NA,NA,NA,NA,NA,NA,NA,NA,NA,NA,NA,NA,NA,NA,NA,NA,NA,NA,NA,NA,NA,NA,NA,NA,NA,NA,NA,NA,NA,NA,NA,NA,NA,NA,NA,NA,NA,NA,NA,NA,NA,NA,NA,NA,NA,NA,NA,NA,NA,NA,NA,adiposity_to_glycemic,MR-APSS,CAUSE,none,NA,NA,FALSE
fatmass_ukb__fg_manning__raw,fatmass_ukb,fg_manning,raw,MR-APSS,TRUE,FALSE,SD(outcome) per SD(exposure),0.09157697641780783,0.02509313062701785,0.04239444038885285,0.14075951244676282,2.6277e-4,1610,NA,NA,NA,NA,NA,NA,NA,NA,NA,NA,NA,NA,NA,NA,NA,NA,NA,NA,NA,NA,NA,NA,NA,NA,NA,NA,NA,771.4670759985837,0.4791575396985338,3.5258244551539894e-8,0.015964881418126103,0.260243721209251,FALSE,5e-5,0.14895314059678377,0.01821800201645986,0.11324585664452244,0.1846604245490451,3.8273161849749855e-8,5.700907658089251e-9,1.2538141028022285e-8,1.3423024314836352,0.015964881418126103,1.0194106943358001,0.011893654547343894,0.033259666751057695,NA,NA,NA,NA,NA,NA,NA,NA,NA,NA,NA,NA,NA,NA,NA,NA,NA,NA,NA,NA,NA,NA,NA,NA,NA,NA,NA,NA,NA,NA,NA,NA,NA,NA,NA,NA,NA,NA,NA,adiposity_to_glycemic,MR-APSS,CAUSE,none,NA,NA,TRUE
fatmass_ukb__fg_manning__raw,fatmass_ukb,fg_manning,raw,CAUSE,FALSE,TRUE,SD(outcome) per SD(exposure),0.06803754564338156,NA,0.03360073414829762,0.09996751843596222,NA,3596,NA,NA,NA,NA,NA,NA,NA,NA,NA,NA,NA,NA,NA,NA,NA,NA,NA,NA,NA,NA,NA,NA,NA,NA,NA,NA,NA,NA,NA,NA,NA,NA,NA,NA,NA,NA,NA,NA,NA,NA,NA,NA,NA,NA,NA,NA,0.025,TRUE,0.09223851411985745,-0.04346716451023333,0.024512628772915504,-2.560025662227683,1.502490053428399,0.04420406051672765,0.06824148015127839,0.03350095435074307,0.10089398261328844,-0.046811200966957144,-1.6614497606504774,0.7035388040061442,0.025034927050049983,6.04504021100217e-4,0.20728996507519665,-7.868530608063473e-4,-0.022037584927800405,0.019517403252797046,0.06753595189284649,0.0365958414898563,0.09743924228113121,-0.01170480565442619,-0.3690279196905092,0.31048831953968964,0.2408458428547794,0.0749873053140802,0.47676412326874407,-2.560025662227683,1.502490053428399,,NA,NA,NA,NA,NA,NA,NA,adiposity_to_glycemic,MR-APSS,CAUSE,none,NA,NA,TRUE
fatmass_ukb__fg_manning__raw,fatmass_ukb,fg_manning,raw,IVW-FE,FALSE,FALSE,per unit of GWAS beta,0.05310332449139529,0.014237289399985352,0.025198237267424,0.08100841171536659,1.9157400348520653e-4,209,NA,NA,NA,NA,NA,NA,NA,NA,NA,NA,209,302.01176410626493,208,2.188934785223226e-5,0.3112851063417061,299.1278078083475,2.8886627369566597e-5,0.857246540115514,0.02866532343855767,454137,62.301228141197974,64.09552110415103,0.02866532343855767,0.005439485525987448,TRUE,6,NA,NA,NA,NA,NA,NA,NA,NA,NA,NA,NA,NA,NA,NA,NA,NA,NA,NA,NA,NA,NA,NA,NA,NA,NA,NA,NA,NA,NA,NA,NA,NA,NA,NA,NA,NA,NA,NA,NA,NA,NA,NA,NA,NA,NA,NA,NA,NA,NA,NA,NA,NA,NA,NA,NA,NA,NA,NA,NA,adiposity_to_glycemic,MR-APSS,CAUSE,none,NA,NA,FALSE
fatmass_ukb__fg_manning__raw,fatmass_ukb,fg_manning,raw,IVW-MRE,FALSE,FALSE,per unit of GWAS beta,0.05310332449139529,0.017155665727861775,0.019478219664786217,0.08672842931800437,0.001965601227164734,209,1.204981176253917,NA,NA,NA,NA,NA,NA,NA,NA,NA,209,302.01176410626493,208,2.188934785223226e-5,0.3112851063417061,299.1278078083475,2.8886627369566597e-5,0.857246540115514,0.02866532343855767,454137,62.301228141197974,64.09552110415103,0.02866532343855767,0.005439485525987448,TRUE,6,NA,NA,NA,NA,NA,NA,NA,NA,NA,NA,NA,NA,NA,NA,NA,NA,NA,NA,NA,NA,NA,NA,NA,NA,NA,NA,NA,NA,NA,NA,NA,NA,NA,NA,NA,NA,NA,NA,NA,NA,NA,NA,NA,NA,NA,NA,NA,NA,NA,NA,NA,NA,NA,NA,NA,NA,NA,NA,NA,adiposity_to_glycemic,MR-APSS,CAUSE,none,NA,NA,FALSE
fatmass_ukb__fg_manning__raw,fatmass_ukb,fg_manning,raw,MR-APSS (p<5e-8),FALSE,FALSE,SD(outcome) per SD(exposure),0.08466033182291582,0.03094029877292666,0.024017346227979568,0.14530331741785207,0.0062144,564,NA,NA,NA,NA,NA,NA,NA,NA,NA,NA,NA,NA,NA,NA,NA,NA,NA,NA,NA,NA,NA,NA,NA,NA,NA,NA,NA,299.0516181792162,0.5302084004887702,5.5939665501759507e-8,0.015964881418126103,0.260243721209251,FALSE,5e-8,0.14895314059678377,0.01821800201645986,0.11324585664452244,0.1846604245490451,3.8273161849749855e-8,5.700907658089251e-9,1.2538141028022285e-8,1.3423024314836352,0.015964881418126103,1.0194106943358001,0.011893654547343894,0.033259666751057695,NA,NA,NA,NA,NA,NA,NA,NA,NA,NA,NA,NA,NA,NA,NA,NA,NA,NA,NA,NA,NA,NA,NA,NA,NA,NA,NA,NA,NA,NA,NA,NA,NA,NA,NA,NA,NA,NA,NA,adiposity_to_glycemic,MR-APSS,CAUSE,none,NA,NA,TRUE
fatmass_ukb__fg_manning__raw,fatmass_ukb,fg_manning,raw,MR-Egger,FALSE,FALSE,per unit of GWAS beta,0.12063088396475895,0.050771804308317674,0.021118147520456307,0.2201436204090616,0.018416464860430817,209,NA,-0.0012308060533446508,8.712414063807246e-4,0.15924458366820132,NA,NA,NA,NA,NA,NA,209,302.01176410626493,208,2.188934785223226e-5,0.3112851063417061,299.1278078083475,2.8886627369566597e-5,0.857246540115514,0.02866532343855767,454137,62.301228141197974,64.09552110415103,0.02866532343855767,0.005439485525987448,TRUE,6,NA,NA,NA,NA,NA,NA,NA,NA,NA,NA,NA,NA,NA,NA,NA,NA,NA,NA,NA,NA,NA,NA,NA,NA,NA,NA,NA,NA,NA,NA,NA,NA,NA,NA,NA,NA,NA,NA,NA,NA,NA,NA,NA,NA,NA,NA,NA,NA,NA,NA,NA,NA,NA,NA,NA,NA,NA,NA,NA,adiposity_to_glycemic,MR-APSS,CAUSE,none,NA,NA,FALSE
fatmass_ukb__fg_manning__raw,fatmass_ukb,fg_manning,raw,MR-PRESSO,FALSE,FALSE,per unit of GWAS beta,0.0655878312374069,0.0151153993167405,0.03596164857659552,0.09521401389821828,2.24943008136394e-5,205,NA,NA,NA,NA,0.001,4,Outlier-corrected,0.525,NA,NA,209,302.01176410626493,208,2.188934785223226e-5,0.3112851063417061,299.1278078083475,2.8886627369566597e-5,0.857246540115514,0.02866532343855767,454137,62.301228141197974,64.09552110415103,0.02866532343855767,0.005439485525987448,TRUE,6,NA,NA,NA,NA,NA,NA,NA,NA,NA,NA,NA,NA,NA,NA,NA,NA,NA,NA,NA,NA,NA,NA,NA,NA,NA,NA,NA,NA,NA,NA,NA,NA,NA,NA,NA,NA,NA,NA,NA,NA,NA,NA,NA,NA,NA,NA,NA,NA,NA,NA,NA,NA,NA,NA,NA,NA,NA,NA,NA,adiposity_to_glycemic,MR-APSS,CAUSE,none,NA,NA,FALSE
fatmass_ukb__fg_manning__raw,fatmass_ukb,fg_manning,raw,MR-RAPS,FALSE,FALSE,per unit of GWAS beta,0.06131446465709745,0.016503728498517722,0.028967156800002718,0.0936617725141922,2.0305215462028455e-4,209,NA,NA,NA,NA,NA,NA,NA,NA,NA,NA,209,302.01176410626493,208,2.188934785223226e-5,0.3112851063417061,299.1278078083475,2.8886627369566597e-5,0.857246540115514,0.02866532343855767,454137,62.301228141197974,64.09552110415103,0.02866532343855767,0.005439485525987448,TRUE,6,NA,NA,NA,NA,NA,NA,NA,NA,NA,NA,NA,NA,NA,NA,NA,NA,NA,NA,NA,NA,NA,NA,NA,NA,NA,NA,NA,NA,NA,NA,NA,NA,NA,NA,NA,NA,NA,NA,NA,NA,NA,NA,NA,NA,NA,NA,NA,NA,NA,NA,NA,NA,NA,NA,NA,NA,NA,NA,NA,adiposity_to_glycemic,MR-APSS,CAUSE,none,TRUE,,FALSE
fatmass_ukb__fg_manning__raw,fatmass_ukb,fg_manning,raw,MRAID,FALSE,FALSE,SD(outcome) per SD(exposure),NA,NA,NA,NA,NA,1874,NA,NA,NA,NA,NA,NA,NA,NA,NA,NA,NA,NA,NA,NA,NA,NA,NA,NA,NA,NA,NA,NA,NA,NA,NA,NA,not run: 1874 candidates > 1000 (pre-specified cap),NA,NA,NA,NA,NA,NA,NA,NA,NA,NA,NA,NA,NA,NA,NA,NA,NA,NA,NA,NA,NA,NA,NA,NA,NA,NA,NA,NA,NA,NA,NA,NA,NA,NA,NA,NA,NA,NA,NA,NA,NA,NA,NA,NA,NA,NA,NA,NA,NA,NA,NA,NA,NA,NA,NA,NA,NA,NA,adiposity_to_glycemic,MR-APSS,CAUSE,none,NA,NA,FALSE
fatmass_ukb__fg_manning__raw,fatmass_ukb,fg_manning,raw,MRBEE,FALSE,FALSE,per unit of GWAS beta,0.06873965859890765,0.01670583195433793,0.03599622796840531,0.10148308922940999,3.876660051319601e-5,209,NA,NA,NA,NA,NA,NA,NA,NA,3,0.025620077766981494,209,302.01176410626493,208,2.188934785223226e-5,0.3112851063417061,299.1278078083475,2.8886627369566597e-5,0.857246540115514,0.02866532343855767,454137,62.301228141197974,64.09552110415103,0.02866532343855767,0.005439485525987448,TRUE,6,NA,NA,NA,NA,NA,NA,NA,NA,NA,NA,NA,NA,NA,NA,NA,NA,NA,NA,NA,NA,NA,NA,NA,NA,NA,NA,NA,NA,NA,NA,NA,NA,NA,NA,NA,NA,NA,NA,NA,NA,NA,NA,NA,NA,NA,NA,NA,NA,NA,NA,NA,NA,NA,NA,NA,NA,NA,NA,NA,adiposity_to_glycemic,MR-APSS,CAUSE,none,TRUE,,TRUE
fatmass_ukb__fg_manning__raw,fatmass_ukb,fg_manning,raw,Weighted median,FALSE,FALSE,per unit of GWAS beta,0.07286764290424164,0.02251997323382926,0.028728495365936288,0.11700679044254698,0.0012134926978840726,209,NA,NA,NA,NA,NA,NA,NA,NA,NA,NA,209,302.01176410626493,208,2.188934785223226e-5,0.3112851063417061,299.1278078083475,2.8886627369566597e-5,0.857246540115514,0.02866532343855767,454137,62.301228141197974,64.09552110415103,0.02866532343855767,0.005439485525987448,TRUE,6,NA,NA,NA,NA,NA,NA,NA,NA,NA,NA,NA,NA,NA,NA,NA,NA,NA,NA,NA,NA,NA,NA,NA,NA,NA,NA,NA,NA,NA,NA,NA,NA,NA,NA,NA,NA,NA,NA,NA,NA,NA,NA,NA,NA,NA,NA,NA,NA,NA,NA,NA,NA,NA,NA,NA,NA,NA,NA,NA,adiposity_to_glycemic,MR-APSS,CAUSE,none,NA,NA,FALSE
fatmass_ukb__fg_manning__raw,fatmass_ukb,fg_manning,raw,Weighted mode,FALSE,FALSE,per unit of GWAS beta,0.10230441211006247,0.04451444196828219,0.01505610585222937,0.18955271836789556,0.022542568224281544,209,NA,NA,NA,NA,NA,NA,NA,NA,NA,NA,209,302.01176410626493,208,2.188934785223226e-5,0.3112851063417061,299.1278078083475,2.8886627369566597e-5,0.857246540115514,0.02866532343855767,454137,62.301228141197974,64.09552110415103,0.02866532343855767,0.005439485525987448,TRUE,6,NA,NA,NA,NA,NA,NA,NA,NA,NA,NA,NA,NA,NA,NA,NA,NA,NA,NA,NA,NA,NA,NA,NA,NA,NA,NA,NA,NA,NA,NA,NA,NA,NA,NA,NA,NA,NA,NA,NA,NA,NA,NA,NA,NA,NA,NA,NA,NA,NA,NA,NA,NA,NA,NA,NA,NA,NA,NA,NA,adiposity_to_glycemic,MR-APSS,CAUSE,none,NA,NA,FALSE
fatmass_ukb__glu2h_chen__raw,fatmass_ukb,glu2h_chen,raw,MR-APSS,TRUE,FALSE,SD(outcome) per SD(exposure),-0.12213898828497408,0.025736524128362883,-0.1725825755765653,-0.07169540099338283,2.0774e-6,1635,NA,NA,NA,NA,NA,NA,NA,NA,NA,NA,NA,NA,NA,NA,NA,NA,NA,NA,NA,NA,NA,NA,NA,NA,NA,NA,NA,749.9914306675972,0.45869731671935604,6.908720804189097e-8,-0.029238825360636843,-0.08111294676383457,TRUE,5e-5,-0.0405220938427092,0.0211143028891088,-0.08190612750536244,8.619398199440423e-4,3.8415763400352755e-8,-1.556687169548408e-9,9.587665316845898e-9,1.3500168506529655,-0.029238825360636843,1.013620809741744,-0.021658118820142756,-0.057967323318665144,NA,NA,NA,NA,NA,NA,NA,NA,NA,NA,NA,NA,NA,NA,NA,NA,NA,NA,NA,NA,NA,NA,NA,NA,NA,NA,NA,NA,NA,NA,NA,NA,NA,NA,NA,NA,NA,NA,NA,adiposity_to_glycemic,MR-APSS,CAUSE,none,NA,NA,TRUE
fatmass_ukb__glu2h_chen__raw,fatmass_ukb,glu2h_chen,raw,CAUSE,FALSE,TRUE,SD(outcome) per SD(exposure),-0.0361979976145669,NA,-0.07081580934282167,0.0013223625361492315,NA,3665,NA,NA,NA,NA,NA,NA,NA,NA,NA,NA,NA,NA,NA,NA,NA,NA,NA,NA,NA,NA,NA,NA,NA,NA,NA,NA,NA,NA,NA,NA,NA,NA,NA,NA,NA,NA,NA,NA,NA,NA,NA,NA,NA,NA,NA,NA,0.9713267658414871,FALSE,-0.035306367937940314,-0.09236254731709745,0.02631988015955477,-1.3494348156935425,1.3612471693889503,0.16076408841335255,-0.036261573220438284,-0.07123107305946134,0.0015096489259378816,-0.0921218118255157,-1.6422352205850166,0.47701404511264617,0.026477238772082638,7.031453808068741e-4,0.24113037731809697,-0.001763499878918994,-0.030215816640705596,0.022259896700159248,-0.03870765120631857,-0.06616301190672534,-0.011533591570965705,0.0472917803729394,-0.713657246611568,1.0587562035023255,0.07553829459641254,0.003533167788611493,0.29925942697924024,-1.3494348156935425,1.3612471693889503,,NA,NA,NA,NA,NA,NA,NA,adiposity_to_glycemic,MR-APSS,CAUSE,none,NA,NA,TRUE
fatmass_ukb__glu2h_chen__raw,fatmass_ukb,glu2h_chen,raw,IVW-FE,FALSE,FALSE,per unit of GWAS beta,-0.21952529900101408,0.027247128757356597,-0.272929671365433,-0.16612092663659517,7.830277921857061e-16,409,NA,NA,NA,NA,NA,NA,NA,NA,NA,NA,409,767.9495349780315,408,2.3251531124079438e-24,0.46871508944702783,767.6779824531725,1.7995713839170603e-24,0.8765266928227475,0.05632315851583303,454137,62.55652089413049,66.21174286014804,0.05632315851583303,0.01313409706794801,TRUE,22,NA,NA,NA,NA,NA,NA,NA,NA,NA,NA,NA,NA,NA,NA,NA,NA,NA,NA,NA,NA,NA,NA,NA,NA,NA,NA,NA,NA,NA,NA,NA,NA,NA,NA,NA,NA,NA,NA,NA,NA,NA,NA,NA,NA,NA,NA,NA,NA,NA,NA,NA,NA,NA,NA,NA,NA,NA,NA,NA,adiposity_to_glycemic,MR-APSS,CAUSE,none,NA,NA,FALSE
fatmass_ukb__glu2h_chen__raw,fatmass_ukb,glu2h_chen,raw,IVW-MRE,FALSE,FALSE,per unit of GWAS beta,-0.21952529900101408,0.03738152402443726,-0.2927930860889111,-0.14625751191311706,4.291124207977432e-9,409,1.371943603941917,NA,NA,NA,NA,NA,NA,NA,NA,NA,409,767.9495349780315,408,2.3251531124079438e-24,0.46871508944702783,767.6779824531725,1.7995713839170603e-24,0.8765266928227475,0.05632315851583303,454137,62.55652089413049,66.21174286014804,0.05632315851583303,0.01313409706794801,TRUE,22,NA,NA,NA,NA,NA,NA,NA,NA,NA,NA,NA,NA,NA,NA,NA,NA,NA,NA,NA,NA,NA,NA,NA,NA,NA,NA,NA,NA,NA,NA,NA,NA,NA,NA,NA,NA,NA,NA,NA,NA,NA,NA,NA,NA,NA,NA,NA,NA,NA,NA,NA,NA,NA,NA,NA,NA,NA,NA,NA,adiposity_to_glycemic,MR-APSS,CAUSE,none,NA,NA,FALSE
fatmass_ukb__glu2h_chen__raw,fatmass_ukb,glu2h_chen,raw,MR-APSS (p<5e-8),FALSE,FALSE,SD(outcome) per SD(exposure),-0.16268205966687854,0.0358817814643847,-0.23301035133707254,-0.09235376799668453,5.7922e-6,577,NA,NA,NA,NA,NA,NA,NA,NA,NA,NA,NA,NA,NA,NA,NA,NA,NA,NA,NA,NA,NA,NA,NA,NA,NA,NA,NA,293.5288364138569,0.508667527755436,1.456517047932753e-7,-0.029238825360636843,-0.08111294676383457,TRUE,5e-8,-0.0405220938427092,0.0211143028891088,-0.08190612750536244,8.619398199440423e-4,3.8415763400352755e-8,-1.556687169548408e-9,9.587665316845898e-9,1.3500168506529655,-0.029238825360636843,1.013620809741744,-0.021658118820142756,-0.057967323318665144,NA,NA,NA,NA,NA,NA,NA,NA,NA,NA,NA,NA,NA,NA,NA,NA,NA,NA,NA,NA,NA,NA,NA,NA,NA,NA,NA,NA,NA,NA,NA,NA,NA,NA,NA,NA,NA,NA,NA,adiposity_to_glycemic,MR-APSS,CAUSE,none,NA,NA,TRUE
fatmass_ukb__glu2h_chen__raw,fatmass_ukb,glu2h_chen,raw,MR-Egger,FALSE,FALSE,per unit of GWAS beta,-0.25536650482033924,0.10160222198943715,-0.454506859919636,-0.05622614972104242,0.012342843219721705,409,NA,6.938284209971936e-4,0.0018285948864387328,0.7045645720146981,NA,NA,NA,NA,NA,NA,409,767.9495349780315,408,2.3251531124079438e-24,0.46871508944702783,767.6779824531725,1.7995713839170603e-24,0.8765266928227475,0.05632315851583303,454137,62.55652089413049,66.21174286014804,0.05632315851583303,0.01313409706794801,TRUE,22,NA,NA,NA,NA,NA,NA,NA,NA,NA,NA,NA,NA,NA,NA,NA,NA,NA,NA,NA,NA,NA,NA,NA,NA,NA,NA,NA,NA,NA,NA,NA,NA,NA,NA,NA,NA,NA,NA,NA,NA,NA,NA,NA,NA,NA,NA,NA,NA,NA,NA,NA,NA,NA,NA,NA,NA,NA,NA,NA,adiposity_to_glycemic,MR-APSS,CAUSE,none,NA,NA,FALSE
fatmass_ukb__glu2h_chen__raw,fatmass_ukb,glu2h_chen,raw,MR-PRESSO,FALSE,FALSE,per unit of GWAS beta,-0.167711636367352,0.0335012163414294,-0.23337402039655364,-0.10204925233815039,8.3411309638496e-7,401,NA,NA,NA,NA,0.001,8,Outlier-corrected,0.071,NA,NA,409,767.9495349780315,408,2.3251531124079438e-24,0.46871508944702783,767.6779824531725,1.7995713839170603e-24,0.8765266928227475,0.05632315851583303,454137,62.55652089413049,66.21174286014804,0.05632315851583303,0.01313409706794801,TRUE,22,NA,NA,NA,NA,NA,NA,NA,NA,NA,NA,NA,NA,NA,NA,NA,NA,NA,NA,NA,NA,NA,NA,NA,NA,NA,NA,NA,NA,NA,NA,NA,NA,NA,NA,NA,NA,NA,NA,NA,NA,NA,NA,NA,NA,NA,NA,NA,NA,NA,NA,NA,NA,NA,NA,NA,NA,NA,NA,NA,adiposity_to_glycemic,MR-APSS,CAUSE,none,NA,NA,FALSE
fatmass_ukb__glu2h_chen__raw,fatmass_ukb,glu2h_chen,raw,MR-RAPS,FALSE,FALSE,per unit of GWAS beta,-0.17969989649805693,0.036819584660351005,-0.2518662824323449,-0.10753351056376896,1.0578932978353725e-6,409,NA,NA,NA,NA,NA,NA,NA,NA,NA,NA,409,767.9495349780315,408,2.3251531124079438e-24,0.46871508944702783,767.6779824531725,1.7995713839170603e-24,0.8765266928227475,0.05632315851583303,454137,62.55652089413049,66.21174286014804,0.05632315851583303,0.01313409706794801,TRUE,22,NA,NA,NA,NA,NA,NA,NA,NA,NA,NA,NA,NA,NA,NA,NA,NA,NA,NA,NA,NA,NA,NA,NA,NA,NA,NA,NA,NA,NA,NA,NA,NA,NA,NA,NA,NA,NA,NA,NA,NA,NA,NA,NA,NA,NA,NA,NA,NA,NA,NA,NA,NA,NA,NA,NA,NA,NA,NA,NA,adiposity_to_glycemic,MR-APSS,CAUSE,none,TRUE,,FALSE
fatmass_ukb__glu2h_chen__raw,fatmass_ukb,glu2h_chen,raw,MRAID,FALSE,FALSE,SD(outcome) per SD(exposure),NA,NA,NA,NA,NA,1874,NA,NA,NA,NA,NA,NA,NA,NA,NA,NA,NA,NA,NA,NA,NA,NA,NA,NA,NA,NA,NA,NA,NA,NA,NA,NA,not run: 1874 candidates > 1000 (pre-specified cap),NA,NA,NA,NA,NA,NA,NA,NA,NA,NA,NA,NA,NA,NA,NA,NA,NA,NA,NA,NA,NA,NA,NA,NA,NA,NA,NA,NA,NA,NA,NA,NA,NA,NA,NA,NA,NA,NA,NA,NA,NA,NA,NA,NA,NA,NA,NA,NA,NA,NA,NA,NA,NA,NA,NA,NA,NA,NA,adiposity_to_glycemic,MR-APSS,CAUSE,none,NA,NA,FALSE
fatmass_ukb__glu2h_chen__raw,fatmass_ukb,glu2h_chen,raw,MRBEE,FALSE,FALSE,per unit of GWAS beta,-0.19948899860743854,0.03850462006287766,-0.27495805393067874,-0.12401994328419834,2.2080517272423576e-7,409,NA,NA,NA,NA,NA,NA,NA,NA,1,-0.010001057680983144,409,767.9495349780315,408,2.3251531124079438e-24,0.46871508944702783,767.6779824531725,1.7995713839170603e-24,0.8765266928227475,0.05632315851583303,454137,62.55652089413049,66.21174286014804,0.05632315851583303,0.01313409706794801,TRUE,22,NA,NA,NA,NA,NA,NA,NA,NA,NA,NA,NA,NA,NA,NA,NA,NA,NA,NA,NA,NA,NA,NA,NA,NA,NA,NA,NA,NA,NA,NA,NA,NA,NA,NA,NA,NA,NA,NA,NA,NA,NA,NA,NA,NA,NA,NA,NA,NA,NA,NA,NA,NA,NA,NA,NA,NA,NA,NA,NA,adiposity_to_glycemic,MR-APSS,CAUSE,none,TRUE,,TRUE
fatmass_ukb__glu2h_chen__raw,fatmass_ukb,glu2h_chen,raw,Weighted median,FALSE,FALSE,per unit of GWAS beta,-0.09579108369910282,0.04786682175949386,-0.18961005434771078,-0.001972113050494856,0.04537084099092714,409,NA,NA,NA,NA,NA,NA,NA,NA,NA,NA,409,767.9495349780315,408,2.3251531124079438e-24,0.46871508944702783,767.6779824531725,1.7995713839170603e-24,0.8765266928227475,0.05632315851583303,454137,62.55652089413049,66.21174286014804,0.05632315851583303,0.01313409706794801,TRUE,22,NA,NA,NA,NA,NA,NA,NA,NA,NA,NA,NA,NA,NA,NA,NA,NA,NA,NA,NA,NA,NA,NA,NA,NA,NA,NA,NA,NA,NA,NA,NA,NA,NA,NA,NA,NA,NA,NA,NA,NA,NA,NA,NA,NA,NA,NA,NA,NA,NA,NA,NA,NA,NA,NA,NA,NA,NA,NA,NA,adiposity_to_glycemic,MR-APSS,CAUSE,none,NA,NA,FALSE
fatmass_ukb__glu2h_chen__raw,fatmass_ukb,glu2h_chen,raw,Weighted mode,FALSE,FALSE,per unit of GWAS beta,-0.07894721685395423,0.09491578867151776,-0.264982162650129,0.10708772894222057,0.40603060181589123,409,NA,NA,NA,NA,NA,NA,NA,NA,NA,NA,409,767.9495349780315,408,2.3251531124079438e-24,0.46871508944702783,767.6779824531725,1.7995713839170603e-24,0.8765266928227475,0.05632315851583303,454137,62.55652089413049,66.21174286014804,0.05632315851583303,0.01313409706794801,TRUE,22,NA,NA,NA,NA,NA,NA,NA,NA,NA,NA,NA,NA,NA,NA,NA,NA,NA,NA,NA,NA,NA,NA,NA,NA,NA,NA,NA,NA,NA,NA,NA,NA,NA,NA,NA,NA,NA,NA,NA,NA,NA,NA,NA,NA,NA,NA,NA,NA,NA,NA,NA,NA,NA,NA,NA,NA,NA,NA,NA,adiposity_to_glycemic,MR-APSS,CAUSE,none,NA,NA,FALSE
fatmass_ukb__t2d_xue__raw,fatmass_ukb,t2d_xue,raw,MR-APSS,TRUE,FALSE,SD(outcome) per SD(exposure),0.16213769077483467,0.02045166350501984,0.12205243030499578,0.20222295124467354,2.2298e-15,1531,NA,NA,NA,NA,NA,NA,NA,NA,NA,NA,NA,NA,NA,NA,NA,NA,NA,NA,NA,NA,NA,NA,NA,NA,NA,NA,NA,461.50536280441776,0.3013927206059944,9.332547417583304e-8,0.23320571724047445,0.5005655515790266,TRUE,5e-5,0.21572809687650257,0.01204325836128495,0.19212331048838407,0.23933288326462107,3.512452002326175e-8,7.577345858318865e-9,6.523819034398721e-9,1.4585154497066277,0.23320571724047445,1.1736689883921576,0.15989252447574862,0.13307003496959025,NA,NA,NA,NA,NA,NA,NA,NA,NA,NA,NA,NA,NA,NA,NA,NA,NA,NA,NA,NA,NA,NA,NA,NA,NA,NA,NA,NA,NA,NA,NA,NA,NA,NA,NA,NA,NA,NA,NA,adiposity_to_glycemic,MR-APSS,CAUSE,UKB,NA,NA,TRUE
fatmass_ukb__t2d_xue__raw,fatmass_ukb,t2d_xue,raw,CAUSE,FALSE,TRUE,SD(outcome) per SD(exposure),0.08781564651943449,NA,0.0719022826992448,0.1024585543083422,NA,3335,NA,NA,NA,NA,NA,NA,NA,NA,NA,NA,NA,NA,NA,NA,NA,NA,NA,NA,NA,NA,NA,NA,NA,NA,NA,NA,NA,NA,NA,NA,NA,NA,NA,NA,NA,NA,NA,NA,NA,NA,NA,NA,NA,NA,NA,NA,0.025,TRUE,0.6337695708225417,-0.010149179798762427,0.029460292088755717,-5.883187840349015,1.3426664340565042,5.887313996756817e-6,0.08780490987171982,0.07193310954943608,0.10245844307534115,-0.010506634633092796,-0.36313345260131336,0.263197040830197,0.029945968778063905,7.409530435192298e-4,0.24290000073851167,-1.9694878999953352e-4,-0.009556759956176353,0.00821944388360487,0.08764691663002053,0.0745413899970625,0.10049293789975265,-0.0022439352717131527,-0.10855902743517515,0.09526316066848686,0.6777192473286042,0.5318060214334799,0.8115239795500229,-5.883187840349015,1.3426664340565042,,NA,NA,NA,NA,NA,NA,NA,adiposity_to_glycemic,MR-APSS,CAUSE,UKB,NA,NA,TRUE
fatmass_ukb__t2d_xue__raw,fatmass_ukb,t2d_xue,raw,IVW-FE,FALSE,FALSE,per unit of GWAS beta,0.9209387838597086,0.02754045236700683,0.8669594972203752,0.974918070499042,3.6585119396483944e-245,320,NA,NA,NA,NA,NA,NA,NA,NA,NA,NA,320,1616.6832252232887,319,3.325250494792108e-172,0.8026824333777934,1615.8627107200145,2.048527675738331e-172,0.8678697295715698,0.045131627752248514,454137,64.06934548939067,67.02970592363313,0.045131627752248514,0.004170922599180724,TRUE,1,NA,NA,NA,NA,NA,NA,NA,NA,NA,NA,NA,NA,NA,NA,NA,NA,NA,NA,NA,NA,NA,NA,NA,NA,NA,NA,NA,NA,NA,NA,NA,NA,NA,NA,NA,NA,NA,NA,NA,NA,NA,NA,NA,NA,NA,NA,NA,NA,NA,NA,NA,NA,NA,NA,NA,NA,NA,NA,NA,adiposity_to_glycemic,MR-APSS,CAUSE,UKB,NA,NA,FALSE
fatmass_ukb__t2d_xue__raw,fatmass_ukb,t2d_xue,raw,IVW-MRE,FALSE,FALSE,per unit of GWAS beta,0.9209387838597086,0.06199950098594976,0.7994197619272471,1.04245780579217,6.556705078326197e-50,320,2.251215781053201,NA,NA,NA,NA,NA,NA,NA,NA,NA,320,1616.6832252232887,319,3.325250494792108e-172,0.8026824333777934,1615.8627107200145,2.048527675738331e-172,0.8678697295715698,0.045131627752248514,454137,64.06934548939067,67.02970592363313,0.045131627752248514,0.004170922599180724,TRUE,1,NA,NA,NA,NA,NA,NA,NA,NA,NA,NA,NA,NA,NA,NA,NA,NA,NA,NA,NA,NA,NA,NA,NA,NA,NA,NA,NA,NA,NA,NA,NA,NA,NA,NA,NA,NA,NA,NA,NA,NA,NA,NA,NA,NA,NA,NA,NA,NA,NA,NA,NA,NA,NA,NA,NA,NA,NA,NA,NA,adiposity_to_glycemic,MR-APSS,CAUSE,UKB,NA,NA,FALSE
fatmass_ukb__t2d_xue__raw,fatmass_ukb,t2d_xue,raw,MR-APSS (p<5e-8),FALSE,FALSE,SD(outcome) per SD(exposure),0.16060660248684633,0.03012938894297087,0.10155300015862342,0.21966020481506923,9.7909e-8,539,NA,NA,NA,NA,NA,NA,NA,NA,NA,NA,NA,NA,NA,NA,NA,NA,NA,NA,NA,NA,NA,NA,NA,NA,NA,NA,NA,198.31590624903717,0.3679234037331131,1.5252862836873592e-7,0.23320571724047445,0.5005655515790266,TRUE,5e-8,0.21572809687650257,0.01204325836128495,0.19212331048838407,0.23933288326462107,3.512452002326175e-8,7.577345858318865e-9,6.523819034398721e-9,1.4585154497066277,0.23320571724047445,1.1736689883921576,0.15989252447574862,0.13307003496959025,NA,NA,NA,NA,NA,NA,NA,NA,NA,NA,NA,NA,NA,NA,NA,NA,NA,NA,NA,NA,NA,NA,NA,NA,NA,NA,NA,NA,NA,NA,NA,NA,NA,NA,NA,NA,NA,NA,NA,adiposity_to_glycemic,MR-APSS,CAUSE,UKB,NA,NA,TRUE
fatmass_ukb__t2d_xue__raw,fatmass_ukb,t2d_xue,raw,MR-Egger,FALSE,FALSE,per unit of GWAS beta,0.9880193433098411,0.17810305300185425,0.6389373594262068,1.3371013271934755,6.107427083429404e-8,320,NA,-0.0012591667442143264,0.0031334933941527796,0.6880708335299208,NA,NA,NA,NA,NA,NA,320,1616.6832252232887,319,3.325250494792108e-172,0.8026824333777934,1615.8627107200145,2.048527675738331e-172,0.8678697295715698,0.045131627752248514,454137,64.06934548939067,67.02970592363313,0.045131627752248514,0.004170922599180724,TRUE,1,NA,NA,NA,NA,NA,NA,NA,NA,NA,NA,NA,NA,NA,NA,NA,NA,NA,NA,NA,NA,NA,NA,NA,NA,NA,NA,NA,NA,NA,NA,NA,NA,NA,NA,NA,NA,NA,NA,NA,NA,NA,NA,NA,NA,NA,NA,NA,NA,NA,NA,NA,NA,NA,NA,NA,NA,NA,NA,NA,adiposity_to_glycemic,MR-APSS,CAUSE,UKB,NA,NA,FALSE
fatmass_ukb__t2d_xue__raw,fatmass_ukb,t2d_xue,raw,MR-PRESSO,FALSE,FALSE,per unit of GWAS beta,1.07982387189842,0.0395374092830308,1.0023305497036796,1.1573171940931606,5.39211269202839e-83,298,NA,NA,NA,NA,0.001,22,Outlier-corrected,0.001,NA,NA,320,1616.6832252232887,319,3.325250494792108e-172,0.8026824333777934,1615.8627107200145,2.048527675738331e-172,0.8678697295715698,0.045131627752248514,454137,64.06934548939067,67.02970592363313,0.045131627752248514,0.004170922599180724,TRUE,1,NA,NA,NA,NA,NA,NA,NA,NA,NA,NA,NA,NA,NA,NA,NA,NA,NA,NA,NA,NA,NA,NA,NA,NA,NA,NA,NA,NA,NA,NA,NA,NA,NA,NA,NA,NA,NA,NA,NA,NA,NA,NA,NA,NA,NA,NA,NA,NA,NA,NA,NA,NA,NA,NA,NA,NA,NA,NA,NA,adiposity_to_glycemic,MR-APSS,CAUSE,UKB,NA,NA,FALSE
fatmass_ukb__t2d_xue__raw,fatmass_ukb,t2d_xue,raw,MR-RAPS,FALSE,FALSE,per unit of GWAS beta,1.0552671612506306,0.0506348444953158,0.9560228660398116,1.1545114564614496,1.8499335267376983e-96,320,NA,NA,NA,NA,NA,NA,NA,NA,NA,NA,320,1616.6832252232887,319,3.325250494792108e-172,0.8026824333777934,1615.8627107200145,2.048527675738331e-172,0.8678697295715698,0.045131627752248514,454137,64.06934548939067,67.02970592363313,0.045131627752248514,0.004170922599180724,TRUE,1,NA,NA,NA,NA,NA,NA,NA,NA,NA,NA,NA,NA,NA,NA,NA,NA,NA,NA,NA,NA,NA,NA,NA,NA,NA,NA,NA,NA,NA,NA,NA,NA,NA,NA,NA,NA,NA,NA,NA,NA,NA,NA,NA,NA,NA,NA,NA,NA,NA,NA,NA,NA,NA,NA,NA,NA,NA,NA,NA,adiposity_to_glycemic,MR-APSS,CAUSE,UKB,TRUE,,FALSE
fatmass_ukb__t2d_xue__raw,fatmass_ukb,t2d_xue,raw,MRBEE,FALSE,FALSE,per unit of GWAS beta,1.0615002209853084,0.057446495404005454,0.9489050899934577,1.174095351977159,3.1009047043202414e-76,320,NA,NA,NA,NA,NA,NA,NA,NA,8,0.15434838372552023,320,1616.6832252232887,319,3.325250494792108e-172,0.8026824333777934,1615.8627107200145,2.048527675738331e-172,0.8678697295715698,0.045131627752248514,454137,64.06934548939067,67.02970592363313,0.045131627752248514,0.004170922599180724,TRUE,1,NA,NA,NA,NA,NA,NA,NA,NA,NA,NA,NA,NA,NA,NA,NA,NA,NA,NA,NA,NA,NA,NA,NA,NA,NA,NA,NA,NA,NA,NA,NA,NA,NA,NA,NA,NA,NA,NA,NA,NA,NA,NA,NA,NA,NA,NA,NA,NA,NA,NA,NA,NA,NA,NA,NA,NA,NA,NA,NA,adiposity_to_glycemic,MR-APSS,CAUSE,UKB,TRUE,,TRUE
fatmass_ukb__t2d_xue__raw,fatmass_ukb,t2d_xue,raw,Weighted median,FALSE,FALSE,per unit of GWAS beta,1.0476800827975459,0.0504903109494594,0.9487190733366054,1.1466410922584862,1.2228224893678284e-95,320,NA,NA,NA,NA,NA,NA,NA,NA,NA,NA,320,1616.6832252232887,319,3.325250494792108e-172,0.8026824333777934,1615.8627107200145,2.048527675738331e-172,0.8678697295715698,0.045131627752248514,454137,64.06934548939067,67.02970592363313,0.045131627752248514,0.004170922599180724,TRUE,1,NA,NA,NA,NA,NA,NA,NA,NA,NA,NA,NA,NA,NA,NA,NA,NA,NA,NA,NA,NA,NA,NA,NA,NA,NA,NA,NA,NA,NA,NA,NA,NA,NA,NA,NA,NA,NA,NA,NA,NA,NA,NA,NA,NA,NA,NA,NA,NA,NA,NA,NA,NA,NA,NA,NA,NA,NA,NA,NA,adiposity_to_glycemic,MR-APSS,CAUSE,UKB,NA,NA,FALSE
fatmass_ukb__t2d_xue__raw,fatmass_ukb,t2d_xue,raw,Weighted mode,FALSE,FALSE,per unit of GWAS beta,1.0566778284881018,0.1818001832274261,0.7003494693623467,1.4130061876138569,1.493910889257062e-8,320,NA,NA,NA,NA,NA,NA,NA,NA,NA,NA,320,1616.6832252232887,319,3.325250494792108e-172,0.8026824333777934,1615.8627107200145,2.048527675738331e-172,0.8678697295715698,0.045131627752248514,454137,64.06934548939067,67.02970592363313,0.045131627752248514,0.004170922599180724,TRUE,1,NA,NA,NA,NA,NA,NA,NA,NA,NA,NA,NA,NA,NA,NA,NA,NA,NA,NA,NA,NA,NA,NA,NA,NA,NA,NA,NA,NA,NA,NA,NA,NA,NA,NA,NA,NA,NA,NA,NA,NA,NA,NA,NA,NA,NA,NA,NA,NA,NA,NA,NA,NA,NA,NA,NA,NA,NA,NA,NA,adiposity_to_glycemic,MR-APSS,CAUSE,UKB,NA,NA,FALSE
fg_dupuis__bmi_ukb__raw,fg_dupuis,bmi_ukb,raw,MR-APSS,TRUE,FALSE,SD(outcome) per SD(exposure),-0.022649095019683558,0.03368468853242263,-0.08867108454323192,0.043372894503864806,0.50134,65,NA,NA,NA,NA,NA,NA,NA,NA,NA,NA,NA,NA,NA,NA,NA,NA,NA,NA,NA,NA,NA,NA,NA,NA,NA,NA,NA,22.173528856044108,0.34113383764734595,1.0977227182698161e-7,-0.005968452397872144,0.23415174028596236,FALSE,5e-5,0.4823574310072305,0.14218435755324238,0.20367609020287541,0.7610387718115856,9.281497617492994e-9,4.476999346673651e-9,3.938775470609496e-8,1.0074491522080846,-0.005968452397872144,1.3461454906696595,-0.005924321227320249,-0.0018877454999911298,NA,NA,NA,NA,NA,NA,NA,NA,NA,NA,NA,NA,NA,NA,NA,NA,NA,NA,NA,NA,NA,NA,NA,NA,NA,NA,NA,NA,NA,NA,NA,NA,NA,NA,NA,NA,NA,NA,NA,adiposity_to_glycemic_reverse,MR-APSS,CAUSE,none,NA,NA,TRUE
fg_dupuis__bmi_ukb__raw,fg_dupuis,bmi_ukb,raw,CAUSE,FALSE,TRUE,SD(outcome) per SD(exposure),0.0024117484079047066,NA,-0.03178135948333962,0.03364384639103927,NA,540,NA,NA,NA,NA,NA,NA,NA,NA,NA,NA,NA,NA,NA,NA,NA,NA,NA,NA,NA,NA,NA,NA,NA,NA,NA,NA,NA,NA,NA,NA,NA,NA,NA,NA,NA,NA,NA,NA,NA,NA,NA,NA,NA,NA,NA,NA,0.44583313937971436,FALSE,0.05252511612782644,0.016791925245995997,0.04007838857000928,0.8957426747751818,0.28685602895944934,0.9991037581198644,0.0023693524650839,-0.03167715775417024,0.03361676955485219,0.016585058886183418,-0.5448503442478739,0.4671527804361118,0.03909186669978116,0.0013880449721726093,0.2533231039000598,3.4397696429362234e-4,-0.01917565321260943,0.02337982213825426,0.0031096196786428902,-0.027566566466860894,0.03338470519415941,NA,NA,NA,0.034573615289148985,0.0011684073380826465,0.22515258902690907,0.8957426747751818,0.28685602895944934,gamma + q*eta interval spans 0: fraction not reported,NA,NA,NA,NA,NA,NA,NA,adiposity_to_glycemic_reverse,MR-APSS,CAUSE,none,NA,NA,TRUE
fg_dupuis__bmi_ukb__raw,fg_dupuis,bmi_ukb,raw,IVW-FE,FALSE,FALSE,per unit of GWAS beta,0.026409409204750368,0.019346081169738693,-0.011508909887937468,0.0643277282974382,0.17222042325010323,11,NA,NA,NA,NA,NA,NA,NA,NA,NA,NA,11,24.976401448697985,10,0.005390415825012927,0.5996220664317798,24.96600905094374,0.0030090118915729104,0.9281825093002221,0.018365084978997043,46368,77.61328807558341,78.84174250892191,0.018365084978997043,5.900309141511747e-5,TRUE,0,NA,NA,NA,NA,NA,NA,NA,NA,NA,NA,NA,NA,NA,NA,NA,NA,NA,NA,NA,NA,NA,NA,NA,NA,NA,NA,NA,NA,NA,NA,NA,NA,NA,NA,NA,NA,NA,NA,NA,NA,NA,NA,NA,NA,NA,NA,NA,NA,NA,NA,NA,NA,NA,NA,NA,NA,NA,NA,NA,adiposity_to_glycemic_reverse,MR-APSS,CAUSE,none,NA,NA,FALSE
fg_dupuis__bmi_ukb__raw,fg_dupuis,bmi_ukb,raw,IVW-MRE,FALSE,FALSE,per unit of GWAS beta,0.026409409204750368,0.030574399692621945,-0.03351641419278864,0.08633523260228938,0.3877113760884579,11,1.5803924021804832,NA,NA,NA,NA,NA,NA,NA,NA,NA,11,24.976401448697985,10,0.005390415825012927,0.5996220664317798,24.96600905094374,0.0030090118915729104,0.9281825093002221,0.018365084978997043,46368,77.61328807558341,78.84174250892191,0.018365084978997043,5.900309141511747e-5,TRUE,0,NA,NA,NA,NA,NA,NA,NA,NA,NA,NA,NA,NA,NA,NA,NA,NA,NA,NA,NA,NA,NA,NA,NA,NA,NA,NA,NA,NA,NA,NA,NA,NA,NA,NA,NA,NA,NA,NA,NA,NA,NA,NA,NA,NA,NA,NA,NA,NA,NA,NA,NA,NA,NA,NA,NA,NA,NA,NA,NA,adiposity_to_glycemic_reverse,MR-APSS,CAUSE,none,NA,NA,FALSE
fg_dupuis__bmi_ukb__raw,fg_dupuis,bmi_ukb,raw,MR-APSS (p<5e-8),FALSE,FALSE,SD(outcome) per SD(exposure),0.007098621980073045,0.026113941139398477,-0.04408470265314797,0.058281946613294056,0.78575,10,NA,NA,NA,NA,NA,NA,NA,NA,NA,NA,NA,NA,NA,NA,NA,NA,NA,NA,NA,NA,NA,NA,NA,NA,NA,NA,NA,9.997011023246621,0.9997010917329806,5.1932121466739295e-9,-0.005968452397872144,0.23415174028596236,FALSE,5e-8,0.4823574310072305,0.14218435755324238,0.20367609020287541,0.7610387718115856,9.281497617492994e-9,4.476999346673651e-9,3.938775470609496e-8,1.0074491522080846,-0.005968452397872144,1.3461454906696595,-0.005924321227320249,-0.0018877454999911298,NA,NA,NA,NA,NA,NA,NA,NA,NA,NA,NA,NA,NA,NA,NA,NA,NA,NA,NA,NA,NA,NA,NA,NA,NA,NA,NA,NA,NA,NA,NA,NA,NA,NA,NA,NA,NA,NA,NA,adiposity_to_glycemic_reverse,MR-APSS,CAUSE,none,NA,NA,TRUE
fg_dupuis__bmi_ukb__raw,fg_dupuis,bmi_ukb,raw,MR-Egger,FALSE,FALSE,per unit of GWAS beta,0.030535068281963427,0.07471005079449629,-0.1158966312752493,0.17696676783917614,0.6923033857951388,11,NA,-1.7743251062657799e-4,0.0028988692311822423,0.9525316443661176,NA,NA,NA,NA,NA,NA,11,24.976401448697985,10,0.005390415825012927,0.5996220664317798,24.96600905094374,0.0030090118915729104,0.9281825093002221,0.018365084978997043,46368,77.61328807558341,78.84174250892191,0.018365084978997043,5.900309141511747e-5,TRUE,0,NA,NA,NA,NA,NA,NA,NA,NA,NA,NA,NA,NA,NA,NA,NA,NA,NA,NA,NA,NA,NA,NA,NA,NA,NA,NA,NA,NA,NA,NA,NA,NA,NA,NA,NA,NA,NA,NA,NA,NA,NA,NA,NA,NA,NA,NA,NA,NA,NA,NA,NA,NA,NA,NA,NA,NA,NA,NA,NA,adiposity_to_glycemic_reverse,MR-APSS,CAUSE,none,NA,NA,FALSE
fg_dupuis__bmi_ukb__raw,fg_dupuis,bmi_ukb,raw,MR-PRESSO,FALSE,FALSE,per unit of GWAS beta,-0.008525378730668,0.019483762530439,-0.04671355329032844,0.029662795828992443,0.673275479335488,9,NA,NA,NA,NA,0.014,2,Outlier-corrected,0.005,NA,NA,11,24.976401448697985,10,0.005390415825012927,0.5996220664317798,24.96600905094374,0.0030090118915729104,0.9281825093002221,0.018365084978997043,46368,77.61328807558341,78.84174250892191,0.018365084978997043,5.900309141511747e-5,TRUE,0,NA,NA,NA,NA,NA,NA,NA,NA,NA,NA,NA,NA,NA,NA,NA,NA,NA,NA,NA,NA,NA,NA,NA,NA,NA,NA,NA,NA,NA,NA,NA,NA,NA,NA,NA,NA,NA,NA,NA,NA,NA,NA,NA,NA,NA,NA,NA,NA,NA,NA,NA,NA,NA,NA,NA,NA,NA,NA,NA,adiposity_to_glycemic_reverse,MR-APSS,CAUSE,none,NA,NA,FALSE
fg_dupuis__bmi_ukb__raw,fg_dupuis,bmi_ukb,raw,MR-RAPS,FALSE,FALSE,per unit of GWAS beta,0.023587111847081482,0.02834971590348542,-0.03197833132374994,0.0791525550179129,0.4054059935077993,11,NA,NA,NA,NA,NA,NA,NA,NA,NA,NA,11,24.976401448697985,10,0.005390415825012927,0.5996220664317798,24.96600905094374,0.0030090118915729104,0.9281825093002221,0.018365084978997043,46368,77.61328807558341,78.84174250892191,0.018365084978997043,5.900309141511747e-5,TRUE,0,NA,NA,NA,NA,NA,NA,NA,NA,NA,NA,NA,NA,NA,NA,NA,NA,NA,NA,NA,NA,NA,NA,NA,NA,NA,NA,NA,NA,NA,NA,NA,NA,NA,NA,NA,NA,NA,NA,NA,NA,NA,NA,NA,NA,NA,NA,NA,NA,NA,NA,NA,NA,NA,NA,NA,NA,NA,NA,NA,adiposity_to_glycemic_reverse,MR-APSS,CAUSE,none,TRUE,,FALSE
fg_dupuis__bmi_ukb__raw,fg_dupuis,bmi_ukb,raw,MRAID,FALSE,FALSE,SD(outcome) per SD(exposure),-0.0025312644762220493,0.010198401867122555,-0.02252013213578226,0.01745760318333816,0.8039780631499827,26,NA,NA,NA,NA,NA,NA,NA,NA,NA,NA,NA,NA,NA,NA,NA,NA,NA,NA,NA,NA,NA,NA,NA,NA,NA,NA,NA,NA,NA,NA,NA,NA,NA,NA,NA,NA,NA,NA,NA,NA,NA,NA,NA,NA,NA,NA,NA,NA,NA,NA,NA,NA,NA,NA,NA,NA,NA,NA,NA,NA,NA,NA,NA,NA,NA,NA,NA,NA,NA,NA,NA,NA,NA,NA,NA,NA,NA,NA,0.0076709943331871614,0.021067997507830137,0.03643088409983179,0.9722584083306244,0.999947997636237,14,0.5,adiposity_to_glycemic_reverse,MR-APSS,CAUSE,none,NA,NA,FALSE
fg_dupuis__bmi_ukb__raw,fg_dupuis,bmi_ukb,raw,MRBEE,FALSE,FALSE,per unit of GWAS beta,0.012447376046359065,0.029845424110122164,-0.04604965520948037,0.0709444073021985,0.6766334564284492,11,NA,NA,NA,NA,NA,NA,NA,NA,1,0.010922362595465548,11,24.976401448697985,10,0.005390415825012927,0.5996220664317798,24.96600905094374,0.0030090118915729104,0.9281825093002221,0.018365084978997043,46368,77.61328807558341,78.84174250892191,0.018365084978997043,5.900309141511747e-5,TRUE,0,NA,NA,NA,NA,NA,NA,NA,NA,NA,NA,NA,NA,NA,NA,NA,NA,NA,NA,NA,NA,NA,NA,NA,NA,NA,NA,NA,NA,NA,NA,NA,NA,NA,NA,NA,NA,NA,NA,NA,NA,NA,NA,NA,NA,NA,NA,NA,NA,NA,NA,NA,NA,NA,NA,NA,NA,NA,NA,NA,adiposity_to_glycemic_reverse,MR-APSS,CAUSE,none,TRUE,,TRUE
fg_dupuis__bmi_ukb__raw,fg_dupuis,bmi_ukb,raw,Weighted median,FALSE,FALSE,per unit of GWAS beta,1.2281984379703336e-4,0.027395431604676012,-0.05357222610136795,0.05381786578896202,0.9964229171394078,11,NA,NA,NA,NA,NA,NA,NA,NA,NA,NA,11,24.976401448697985,10,0.005390415825012927,0.5996220664317798,24.96600905094374,0.0030090118915729104,0.9281825093002221,0.018365084978997043,46368,77.61328807558341,78.84174250892191,0.018365084978997043,5.900309141511747e-5,TRUE,0,NA,NA,NA,NA,NA,NA,NA,NA,NA,NA,NA,NA,NA,NA,NA,NA,NA,NA,NA,NA,NA,NA,NA,NA,NA,NA,NA,NA,NA,NA,NA,NA,NA,NA,NA,NA,NA,NA,NA,NA,NA,NA,NA,NA,NA,NA,NA,NA,NA,NA,NA,NA,NA,NA,NA,NA,NA,NA,NA,adiposity_to_glycemic_reverse,MR-APSS,CAUSE,none,NA,NA,FALSE
fg_dupuis__bmi_ukb__raw,fg_dupuis,bmi_ukb,raw,Weighted mode,FALSE,FALSE,per unit of GWAS beta,-0.017060318657355633,0.02706376113466683,-0.07010529048130262,0.03598465316659135,0.5425853625213408,11,NA,NA,NA,NA,NA,NA,NA,NA,NA,NA,11,24.976401448697985,10,0.005390415825012927,0.5996220664317798,24.96600905094374,0.0030090118915729104,0.9281825093002221,0.018365084978997043,46368,77.61328807558341,78.84174250892191,0.018365084978997043,5.900309141511747e-5,TRUE,0,NA,NA,NA,NA,NA,NA,NA,NA,NA,NA,NA,NA,NA,NA,NA,NA,NA,NA,NA,NA,NA,NA,NA,NA,NA,NA,NA,NA,NA,NA,NA,NA,NA,NA,NA,NA,NA,NA,NA,NA,NA,NA,NA,NA,NA,NA,NA,NA,NA,NA,NA,NA,NA,NA,NA,NA,NA,NA,NA,adiposity_to_glycemic_reverse,MR-APSS,CAUSE,none,NA,NA,FALSE
fg_dupuis__fatmass_ukb__raw,fg_dupuis,fatmass_ukb,raw,MR-APSS,TRUE,FALSE,SD(outcome) per SD(exposure),-0.043715901439927145,0.0297843534536853,-0.10209323420915034,0.014661431329296044,0.14217,65,NA,NA,NA,NA,NA,NA,NA,NA,NA,NA,NA,NA,NA,NA,NA,NA,NA,NA,NA,NA,NA,NA,NA,NA,NA,NA,NA,22.969415041250173,0.3533489061952536,6.291777430780718e-8,-0.008058657668918376,0.20227736582795594,FALSE,5e-5,0.40899434596528705,0.12523115020550546,0.16354129156249636,0.6544474003680778,9.23053842432866e-9,3.775238025765752e-9,3.7736973275066787e-8,1.0076943519898416,-0.008058657668918376,1.346415228029839,-0.007997124974458142,-0.0025503255112870856,NA,NA,NA,NA,NA,NA,NA,NA,NA,NA,NA,NA,NA,NA,NA,NA,NA,NA,NA,NA,NA,NA,NA,NA,NA,NA,NA,NA,NA,NA,NA,NA,NA,NA,NA,NA,NA,NA,NA,adiposity_to_glycemic_reverse,MR-APSS,CAUSE,none,NA,NA,TRUE
fg_dupuis__fatmass_ukb__raw,fg_dupuis,fatmass_ukb,raw,CAUSE,FALSE,TRUE,SD(outcome) per SD(exposure),-0.022972550144540613,NA,-0.04988529768503536,0.003134482425090814,NA,540,NA,NA,NA,NA,NA,NA,NA,NA,NA,NA,NA,NA,NA,NA,NA,NA,NA,NA,NA,NA,NA,NA,NA,NA,NA,NA,NA,NA,NA,NA,NA,NA,NA,NA,NA,NA,NA,NA,NA,NA,NA,NA,NA,NA,NA,NA,0.9547304818644061,FALSE,0.03927614391317497,0.05531000688472923,0.04590239361863123,-0.3784241251781406,1.7883589640339836,0.4162079473351388,-0.02312698546502101,-0.0494969316002884,0.0031842946581084296,0.05456486859404558,-0.45636853998462623,0.46340587217436846,0.04593612280594317,0.0015527852949676945,0.27162277532007534,0.0015787609887665836,-0.015295066970991112,0.027108713513036994,-0.020051783736706037,-0.04547609928805765,0.0071805570216650775,NA,NA,NA,0.04790492550358616,0.001537563996597253,0.3006159757876603,-0.3784241251781406,1.7883589640339836,gamma + q*eta interval spans 0: fraction not reported,NA,NA,NA,NA,NA,NA,NA,adiposity_to_glycemic_reverse,MR-APSS,CAUSE,none,NA,NA,TRUE
fg_dupuis__fatmass_ukb__raw,fg_dupuis,fatmass_ukb,raw,IVW-FE,FALSE,FALSE,per unit of GWAS beta,-0.02746249234468639,0.0189769163224166,-0.06465724833662292,0.009732263647250147,0.14785421017146516,11,NA,NA,NA,NA,NA,NA,NA,NA,NA,NA,11,13.381687003178476,10,0.203107107365015,0.25271006580674343,10.45976691176695,0.314561414978195,0.9281825093002221,0.018365084978997043,46368,77.61328807558341,78.84174250892191,0.018365084978997043,3.407760995799894e-5,TRUE,0,NA,NA,NA,NA,NA,NA,NA,NA,NA,NA,NA,NA,NA,NA,NA,NA,NA,NA,NA,NA,NA,NA,NA,NA,NA,NA,NA,NA,NA,NA,NA,NA,NA,NA,NA,NA,NA,NA,NA,NA,NA,NA,NA,NA,NA,NA,NA,NA,NA,NA,NA,NA,NA,NA,NA,NA,NA,NA,NA,adiposity_to_glycemic_reverse,MR-APSS,CAUSE,none,NA,NA,FALSE
fg_dupuis__fatmass_ukb__raw,fg_dupuis,fatmass_ukb,raw,IVW-MRE,FALSE,FALSE,per unit of GWAS beta,-0.02746249234468639,0.021952352934996283,-0.0704891040972791,0.015564119407906328,0.21093283503533738,11,1.1567924188538963,NA,NA,NA,NA,NA,NA,NA,NA,NA,11,13.381687003178476,10,0.203107107365015,0.25271006580674343,10.45976691176695,0.314561414978195,0.9281825093002221,0.018365084978997043,46368,77.61328807558341,78.84174250892191,0.018365084978997043,3.407760995799894e-5,TRUE,0,NA,NA,NA,NA,NA,NA,NA,NA,NA,NA,NA,NA,NA,NA,NA,NA,NA,NA,NA,NA,NA,NA,NA,NA,NA,NA,NA,NA,NA,NA,NA,NA,NA,NA,NA,NA,NA,NA,NA,NA,NA,NA,NA,NA,NA,NA,NA,NA,NA,NA,NA,NA,NA,NA,NA,NA,NA,NA,NA,adiposity_to_glycemic_reverse,MR-APSS,CAUSE,none,NA,NA,FALSE
fg_dupuis__fatmass_ukb__raw,fg_dupuis,fatmass_ukb,raw,MR-APSS (p<5e-8),FALSE,FALSE,SD(outcome) per SD(exposure),-0.011458458398684689,0.02494189933524085,-0.06034458109575675,0.03742766429838738,0.64594,10,NA,NA,NA,NA,NA,NA,NA,NA,NA,NA,NA,NA,NA,NA,NA,NA,NA,NA,NA,NA,NA,NA,NA,NA,NA,NA,NA,9.997215305770798,0.9997219664015707,5.5972523052088847e-11,-0.008058657668918376,0.20227736582795594,FALSE,5e-8,0.40899434596528705,0.12523115020550546,0.16354129156249636,0.6544474003680778,9.23053842432866e-9,3.775238025765752e-9,3.7736973275066787e-8,1.0076943519898416,-0.008058657668918376,1.346415228029839,-0.007997124974458142,-0.0025503255112870856,NA,NA,NA,NA,NA,NA,NA,NA,NA,NA,NA,NA,NA,NA,NA,NA,NA,NA,NA,NA,NA,NA,NA,NA,NA,NA,NA,NA,NA,NA,NA,NA,NA,NA,NA,NA,NA,NA,NA,adiposity_to_glycemic_reverse,MR-APSS,CAUSE,none,NA,NA,TRUE
fg_dupuis__fatmass_ukb__raw,fg_dupuis,fatmass_ukb,raw,MR-Egger,FALSE,FALSE,per unit of GWAS beta,-0.09532109073002663,0.047435146459100984,-0.18829397778986456,-0.0023482036701887032,0.07538841562361641,11,NA,0.002918491173616183,0.0018406192743536443,0.14729075439050893,NA,NA,NA,NA,NA,NA,11,13.381687003178476,10,0.203107107365015,0.25271006580674343,10.45976691176695,0.314561414978195,0.9281825093002221,0.018365084978997043,46368,77.61328807558341,78.84174250892191,0.018365084978997043,3.407760995799894e-5,TRUE,0,NA,NA,NA,NA,NA,NA,NA,NA,NA,NA,NA,NA,NA,NA,NA,NA,NA,NA,NA,NA,NA,NA,NA,NA,NA,NA,NA,NA,NA,NA,NA,NA,NA,NA,NA,NA,NA,NA,NA,NA,NA,NA,NA,NA,NA,NA,NA,NA,NA,NA,NA,NA,NA,NA,NA,NA,NA,NA,NA,adiposity_to_glycemic_reverse,MR-APSS,CAUSE,none,NA,NA,FALSE
fg_dupuis__fatmass_ukb__raw,fg_dupuis,fatmass_ukb,raw,MR-PRESSO,FALSE,FALSE,per unit of GWAS beta,-0.0274624923446864,0.0219523529349963,-0.07048910409727915,0.015564119407906352,0.239409043950695,11,NA,NA,NA,NA,0.217,0,Raw,NA,NA,NA,11,13.381687003178476,10,0.203107107365015,0.25271006580674343,10.45976691176695,0.314561414978195,0.9281825093002221,0.018365084978997043,46368,77.61328807558341,78.84174250892191,0.018365084978997043,3.407760995799894e-5,TRUE,0,NA,NA,NA,NA,NA,NA,NA,NA,NA,NA,NA,NA,NA,NA,NA,NA,NA,NA,NA,NA,NA,NA,NA,NA,NA,NA,NA,NA,NA,NA,NA,NA,NA,NA,NA,NA,NA,NA,NA,NA,NA,NA,NA,NA,NA,NA,NA,NA,NA,NA,NA,NA,NA,NA,NA,NA,NA,NA,NA,adiposity_to_glycemic_reverse,MR-APSS,CAUSE,none,NA,NA,FALSE
fg_dupuis__fatmass_ukb__raw,fg_dupuis,fatmass_ukb,raw,MR-RAPS,FALSE,FALSE,per unit of GWAS beta,-0.03254027205064758,0.021673470053627075,-0.07502027335575664,0.009939729254461488,0.13325542434839868,11,NA,NA,NA,NA,NA,NA,NA,NA,NA,NA,11,13.381687003178476,10,0.203107107365015,0.25271006580674343,10.45976691176695,0.314561414978195,0.9281825093002221,0.018365084978997043,46368,77.61328807558341,78.84174250892191,0.018365084978997043,3.407760995799894e-5,TRUE,0,NA,NA,NA,NA,NA,NA,NA,NA,NA,NA,NA,NA,NA,NA,NA,NA,NA,NA,NA,NA,NA,NA,NA,NA,NA,NA,NA,NA,NA,NA,NA,NA,NA,NA,NA,NA,NA,NA,NA,NA,NA,NA,NA,NA,NA,NA,NA,NA,NA,NA,NA,NA,NA,NA,NA,NA,NA,NA,NA,adiposity_to_glycemic_reverse,MR-APSS,CAUSE,none,TRUE,,FALSE
fg_dupuis__fatmass_ukb__raw,fg_dupuis,fatmass_ukb,raw,MRAID,FALSE,FALSE,SD(outcome) per SD(exposure),-0.020511032491523626,0.009685686118934955,-0.039494977284636135,-0.0015270876984111136,0.03420350155786505,26,NA,NA,NA,NA,NA,NA,NA,NA,NA,NA,NA,NA,NA,NA,NA,NA,NA,NA,NA,NA,NA,NA,NA,NA,NA,NA,NA,NA,NA,NA,NA,NA,NA,NA,NA,NA,NA,NA,NA,NA,NA,NA,NA,NA,NA,NA,NA,NA,NA,NA,NA,NA,NA,NA,NA,NA,NA,NA,NA,NA,NA,NA,NA,NA,NA,NA,NA,NA,NA,NA,NA,NA,NA,NA,NA,NA,NA,NA,1.542436361484424e-4,0.021428441796610867,0.03783544855200418,0.9721394440596967,0.999964135573595,14,0.5,adiposity_to_glycemic_reverse,MR-APSS,CAUSE,none,NA,NA,FALSE
fg_dupuis__fatmass_ukb__raw,fg_dupuis,fatmass_ukb,raw,MRBEE,FALSE,FALSE,per unit of GWAS beta,-0.027861566294000516,0.028393409556800364,-0.08351264902532923,0.027789516437328195,0.3264602152131123,11,NA,NA,NA,NA,NA,NA,NA,NA,0,0.00586559134860094,11,13.381687003178476,10,0.203107107365015,0.25271006580674343,10.45976691176695,0.314561414978195,0.9281825093002221,0.018365084978997043,46368,77.61328807558341,78.84174250892191,0.018365084978997043,3.407760995799894e-5,TRUE,0,NA,NA,NA,NA,NA,NA,NA,NA,NA,NA,NA,NA,NA,NA,NA,NA,NA,NA,NA,NA,NA,NA,NA,NA,NA,NA,NA,NA,NA,NA,NA,NA,NA,NA,NA,NA,NA,NA,NA,NA,NA,NA,NA,NA,NA,NA,NA,NA,NA,NA,NA,NA,NA,NA,NA,NA,NA,NA,NA,adiposity_to_glycemic_reverse,MR-APSS,CAUSE,none,TRUE,,TRUE
fg_dupuis__fatmass_ukb__raw,fg_dupuis,fatmass_ukb,raw,Weighted median,FALSE,FALSE,per unit of GWAS beta,-0.055424531726394756,0.025213310346230394,-0.10484262000500633,-0.006006443447783186,0.02793306865514676,11,NA,NA,NA,NA,NA,NA,NA,NA,NA,NA,11,13.381687003178476,10,0.203107107365015,0.25271006580674343,10.45976691176695,0.314561414978195,0.9281825093002221,0.018365084978997043,46368,77.61328807558341,78.84174250892191,0.018365084978997043,3.407760995799894e-5,TRUE,0,NA,NA,NA,NA,NA,NA,NA,NA,NA,NA,NA,NA,NA,NA,NA,NA,NA,NA,NA,NA,NA,NA,NA,NA,NA,NA,NA,NA,NA,NA,NA,NA,NA,NA,NA,NA,NA,NA,NA,NA,NA,NA,NA,NA,NA,NA,NA,NA,NA,NA,NA,NA,NA,NA,NA,NA,NA,NA,NA,adiposity_to_glycemic_reverse,MR-APSS,CAUSE,none,NA,NA,FALSE
fg_dupuis__fatmass_ukb__raw,fg_dupuis,fatmass_ukb,raw,Weighted mode,FALSE,FALSE,per unit of GWAS beta,-0.061732493111354064,0.027359665776428475,-0.11535743803315388,-0.008107548189554253,0.047664470381728774,11,NA,NA,NA,NA,NA,NA,NA,NA,NA,NA,11,13.381687003178476,10,0.203107107365015,0.25271006580674343,10.45976691176695,0.314561414978195,0.9281825093002221,0.018365084978997043,46368,77.61328807558341,78.84174250892191,0.018365084978997043,3.407760995799894e-5,TRUE,0,NA,NA,NA,NA,NA,NA,NA,NA,NA,NA,NA,NA,NA,NA,NA,NA,NA,NA,NA,NA,NA,NA,NA,NA,NA,NA,NA,NA,NA,NA,NA,NA,NA,NA,NA,NA,NA,NA,NA,NA,NA,NA,NA,NA,NA,NA,NA,NA,NA,NA,NA,NA,NA,NA,NA,NA,NA,NA,NA,adiposity_to_glycemic_reverse,MR-APSS,CAUSE,none,NA,NA,FALSE
fg_manning__bmi_ukb__raw,fg_manning,bmi_ukb,raw,MR-APSS,TRUE,FALSE,SD(outcome) per SD(exposure),-0.036174733386632234,0.028427070117036792,-0.09189179081602435,0.01954232404275988,0.20318,86,NA,NA,NA,NA,NA,NA,NA,NA,NA,NA,NA,NA,NA,NA,NA,NA,NA,NA,NA,NA,NA,NA,NA,NA,NA,NA,NA,38.089968145467786,0.442903850101456,1.1415156737914666e-7,0.02274880801005827,0.28200082630991674,TRUE,5e-5,0.5020953526802224,0.10109555348695633,0.30394806784578804,0.7002426375146569,1.2533804767063037e-8,6.293165124943568e-9,3.973329366732135e-8,1.0193927899278217,0.02274880801005827,1.348256321311836,0.02231603777741944,0.007973658423995918,NA,NA,NA,NA,NA,NA,NA,NA,NA,NA,NA,NA,NA,NA,NA,NA,NA,NA,NA,NA,NA,NA,NA,NA,NA,NA,NA,NA,NA,NA,NA,NA,NA,NA,NA,NA,NA,NA,NA,adiposity_to_glycemic_reverse,MR-APSS,CAUSE,none,NA,NA,TRUE
fg_manning__bmi_ukb__raw,fg_manning,bmi_ukb,raw,CAUSE,FALSE,TRUE,SD(outcome) per SD(exposure),2.819602803111011e-4,NA,-0.02861029494989775,0.029948462178353397,NA,609,NA,NA,NA,NA,NA,NA,NA,NA,NA,NA,NA,NA,NA,NA,NA,NA,NA,NA,NA,NA,NA,NA,NA,NA,NA,NA,NA,NA,NA,NA,NA,NA,NA,NA,NA,NA,NA,NA,NA,NA,NA,NA,NA,NA,NA,NA,0.4925646357784688,FALSE,0.10026755430688568,0.020054012244879144,0.04346930127627111,1.1907224335968731,0.5116427375609043,0.9900241157157549,1.2162595739749352e-4,-0.02863261128381098,0.029235080112983276,0.01851873947360162,-0.4146972523475489,0.4022959175726032,0.043270679852793544,0.0013760553747580173,0.26144329139297146,3.469401163705519e-4,-0.018697314626479354,0.020007374450121115,9.873314939203197e-4,-0.026017284112977407,0.028495037055768647,NA,NA,NA,0.03772539948387643,0.0012460499035699376,0.23041016882111437,1.1907224335968731,0.5116427375609043,gamma + q*eta interval spans 0: fraction not reported,NA,NA,NA,NA,NA,NA,NA,adiposity_to_glycemic_reverse,MR-APSS,CAUSE,none,NA,NA,TRUE
fg_manning__bmi_ukb__raw,fg_manning,bmi_ukb,raw,IVW-FE,FALSE,FALSE,per unit of GWAS beta,-0.023806497049173276,0.013898322118152888,-0.051047208400752934,0.0034342143024063826,0.08673012947242467,22,NA,NA,NA,NA,NA,NA,NA,NA,NA,NA,22,200.84392839528644,21,2.4717469990655147e-31,0.8954412006985378,200.00653677288557,1.1220017770188494e-31,0.9548178881744727,0.03505223278437391,58074,92.91749623825922,95.85149836834225,0.03505223278437391,4.4794576897504715e-4,TRUE,0,NA,NA,NA,NA,NA,NA,NA,NA,NA,NA,NA,NA,NA,NA,NA,NA,NA,NA,NA,NA,NA,NA,NA,NA,NA,NA,NA,NA,NA,NA,NA,NA,NA,NA,NA,NA,NA,NA,NA,NA,NA,NA,NA,NA,NA,NA,NA,NA,NA,NA,NA,NA,NA,NA,NA,NA,NA,NA,NA,adiposity_to_glycemic_reverse,MR-APSS,CAUSE,none,NA,NA,FALSE
fg_manning__bmi_ukb__raw,fg_manning,bmi_ukb,raw,IVW-MRE,FALSE,FALSE,per unit of GWAS beta,-0.023806497049173276,0.042981550628191416,-0.10805033628042844,0.060437342182081896,0.579662951371532,22,3.0925711940473963,NA,NA,NA,NA,NA,NA,NA,NA,NA,22,200.84392839528644,21,2.4717469990655147e-31,0.8954412006985378,200.00653677288557,1.1220017770188494e-31,0.9548178881744727,0.03505223278437391,58074,92.91749623825922,95.85149836834225,0.03505223278437391,4.4794576897504715e-4,TRUE,0,NA,NA,NA,NA,NA,NA,NA,NA,NA,NA,NA,NA,NA,NA,NA,NA,NA,NA,NA,NA,NA,NA,NA,NA,NA,NA,NA,NA,NA,NA,NA,NA,NA,NA,NA,NA,NA,NA,NA,NA,NA,NA,NA,NA,NA,NA,NA,NA,NA,NA,NA,NA,NA,NA,NA,NA,NA,NA,NA,adiposity_to_glycemic_reverse,MR-APSS,CAUSE,none,NA,NA,FALSE
fg_manning__bmi_ukb__raw,fg_manning,bmi_ukb,raw,MR-APSS (p<5e-8),FALSE,FALSE,SD(outcome) per SD(exposure),-0.05169262374693141,0.036695829179191154,-0.12361644893814608,0.020231201444283253,0.15893,20,NA,NA,NA,NA,NA,NA,NA,NA,NA,NA,NA,NA,NA,NA,NA,NA,NA,NA,NA,NA,NA,NA,NA,NA,NA,NA,NA,19.996395578132777,0.9998197601745469,1.4227415706791397e-7,0.02274880801005827,0.28200082630991674,TRUE,5e-8,0.5020953526802224,0.10109555348695633,0.30394806784578804,0.7002426375146569,1.2533804767063037e-8,6.293165124943568e-9,3.973329366732135e-8,1.0193927899278217,0.02274880801005827,1.348256321311836,0.02231603777741944,0.007973658423995918,NA,NA,NA,NA,NA,NA,NA,NA,NA,NA,NA,NA,NA,NA,NA,NA,NA,NA,NA,NA,NA,NA,NA,NA,NA,NA,NA,NA,NA,NA,NA,NA,NA,NA,NA,NA,NA,NA,NA,adiposity_to_glycemic_reverse,MR-APSS,CAUSE,none,NA,NA,TRUE
fg_manning__bmi_ukb__raw,fg_manning,bmi_ukb,raw,MR-Egger,FALSE,FALSE,per unit of GWAS beta,-0.04694415956991018,0.09124137662627917,-0.22577725775741736,0.13188893861759698,0.6125378056690545,22,NA,9.802131968693827e-4,0.0033873754563710024,0.775274791735984,NA,NA,NA,NA,NA,NA,22,200.84392839528644,21,2.4717469990655147e-31,0.8954412006985378,200.00653677288557,1.1220017770188494e-31,0.9548178881744727,0.03505223278437391,58074,92.91749623825922,95.85149836834225,0.03505223278437391,4.4794576897504715e-4,TRUE,0,NA,NA,NA,NA,NA,NA,NA,NA,NA,NA,NA,NA,NA,NA,NA,NA,NA,NA,NA,NA,NA,NA,NA,NA,NA,NA,NA,NA,NA,NA,NA,NA,NA,NA,NA,NA,NA,NA,NA,NA,NA,NA,NA,NA,NA,NA,NA,NA,NA,NA,NA,NA,NA,NA,NA,NA,NA,NA,NA,adiposity_to_glycemic_reverse,MR-APSS,CAUSE,none,NA,NA,FALSE
fg_manning__bmi_ukb__raw,fg_manning,bmi_ukb,raw,MR-PRESSO,FALSE,FALSE,per unit of GWAS beta,-0.00519862482076403,0.027676034999626,-0.05944365342003099,0.049046403778502924,0.853520671011671,16,NA,NA,NA,NA,0.001,6,Outlier-corrected,0.046,NA,NA,22,200.84392839528644,21,2.4717469990655147e-31,0.8954412006985378,200.00653677288557,1.1220017770188494e-31,0.9548178881744727,0.03505223278437391,58074,92.91749623825922,95.85149836834225,0.03505223278437391,4.4794576897504715e-4,TRUE,0,NA,NA,NA,NA,NA,NA,NA,NA,NA,NA,NA,NA,NA,NA,NA,NA,NA,NA,NA,NA,NA,NA,NA,NA,NA,NA,NA,NA,NA,NA,NA,NA,NA,NA,NA,NA,NA,NA,NA,NA,NA,NA,NA,NA,NA,NA,NA,NA,NA,NA,NA,NA,NA,NA,NA,NA,NA,NA,NA,adiposity_to_glycemic_reverse,MR-APSS,CAUSE,none,NA,NA,FALSE
fg_manning__bmi_ukb__raw,fg_manning,bmi_ukb,raw,MR-RAPS,FALSE,FALSE,per unit of GWAS beta,-0.03313303236928483,0.04068224047911673,-0.11287022370835362,0.046604158969783954,0.415395909664914,22,NA,NA,NA,NA,NA,NA,NA,NA,NA,NA,22,200.84392839528644,21,2.4717469990655147e-31,0.8954412006985378,200.00653677288557,1.1220017770188494e-31,0.9548178881744727,0.03505223278437391,58074,92.91749623825922,95.85149836834225,0.03505223278437391,4.4794576897504715e-4,TRUE,0,NA,NA,NA,NA,NA,NA,NA,NA,NA,NA,NA,NA,NA,NA,NA,NA,NA,NA,NA,NA,NA,NA,NA,NA,NA,NA,NA,NA,NA,NA,NA,NA,NA,NA,NA,NA,NA,NA,NA,NA,NA,NA,NA,NA,NA,NA,NA,NA,NA,NA,NA,NA,NA,NA,NA,NA,NA,NA,NA,adiposity_to_glycemic_reverse,MR-APSS,CAUSE,none,TRUE,,FALSE
fg_manning__bmi_ukb__raw,fg_manning,bmi_ukb,raw,MRAID,FALSE,FALSE,SD(outcome) per SD(exposure),0.011540295642367995,0.019636726930391875,-0.02694768914120008,0.05002828042593607,0.5567408131225917,51,NA,NA,NA,NA,NA,NA,NA,NA,NA,NA,NA,NA,NA,NA,NA,NA,NA,NA,NA,NA,NA,NA,NA,NA,NA,NA,NA,NA,NA,NA,NA,NA,NA,NA,NA,NA,NA,NA,NA,NA,NA,NA,NA,NA,NA,NA,NA,NA,NA,NA,NA,NA,NA,NA,NA,NA,NA,NA,NA,NA,NA,NA,NA,NA,NA,NA,NA,NA,NA,NA,NA,NA,NA,NA,NA,NA,NA,NA,-0.0130349270475982,0.010407623401335359,0.01298980208109827,0.9147891516487339,0.9992270445745878,27,0.5,adiposity_to_glycemic_reverse,MR-APSS,CAUSE,none,NA,NA,FALSE
fg_manning__bmi_ukb__raw,fg_manning,bmi_ukb,raw,MRBEE,FALSE,FALSE,per unit of GWAS beta,-0.0242144330120509,0.0395289155699723,-0.1016911075291966,0.053262241505094815,0.5401572663645261,22,NA,NA,NA,NA,NA,NA,NA,NA,0,0.023334668624560562,22,200.84392839528644,21,2.4717469990655147e-31,0.8954412006985378,200.00653677288557,1.1220017770188494e-31,0.9548178881744727,0.03505223278437391,58074,92.91749623825922,95.85149836834225,0.03505223278437391,4.4794576897504715e-4,TRUE,0,NA,NA,NA,NA,NA,NA,NA,NA,NA,NA,NA,NA,NA,NA,NA,NA,NA,NA,NA,NA,NA,NA,NA,NA,NA,NA,NA,NA,NA,NA,NA,NA,NA,NA,NA,NA,NA,NA,NA,NA,NA,NA,NA,NA,NA,NA,NA,NA,NA,NA,NA,NA,NA,NA,NA,NA,NA,NA,NA,adiposity_to_glycemic_reverse,MR-APSS,CAUSE,none,TRUE,,TRUE
fg_manning__bmi_ukb__raw,fg_manning,bmi_ukb,raw,Weighted median,FALSE,FALSE,per unit of GWAS beta,-0.04726419898533233,0.025383995979244976,-0.09701683110465248,0.002488433133987826,0.06260754118019184,22,NA,NA,NA,NA,NA,NA,NA,NA,NA,NA,22,200.84392839528644,21,2.4717469990655147e-31,0.8954412006985378,200.00653677288557,1.1220017770188494e-31,0.9548178881744727,0.03505223278437391,58074,92.91749623825922,95.85149836834225,0.03505223278437391,4.4794576897504715e-4,TRUE,0,NA,NA,NA,NA,NA,NA,NA,NA,NA,NA,NA,NA,NA,NA,NA,NA,NA,NA,NA,NA,NA,NA,NA,NA,NA,NA,NA,NA,NA,NA,NA,NA,NA,NA,NA,NA,NA,NA,NA,NA,NA,NA,NA,NA,NA,NA,NA,NA,NA,NA,NA,NA,NA,NA,NA,NA,NA,NA,NA,adiposity_to_glycemic_reverse,MR-APSS,CAUSE,none,NA,NA,FALSE
fg_manning__bmi_ukb__raw,fg_manning,bmi_ukb,raw,Weighted mode,FALSE,FALSE,per unit of GWAS beta,-0.03986331849605351,0.019566058645764065,-0.07821279344175108,-0.0015138435503559491,0.05441097457559833,22,NA,NA,NA,NA,NA,NA,NA,NA,NA,NA,22,200.84392839528644,21,2.4717469990655147e-31,0.8954412006985378,200.00653677288557,1.1220017770188494e-31,0.9548178881744727,0.03505223278437391,58074,92.91749623825922,95.85149836834225,0.03505223278437391,4.4794576897504715e-4,TRUE,0,NA,NA,NA,NA,NA,NA,NA,NA,NA,NA,NA,NA,NA,NA,NA,NA,NA,NA,NA,NA,NA,NA,NA,NA,NA,NA,NA,NA,NA,NA,NA,NA,NA,NA,NA,NA,NA,NA,NA,NA,NA,NA,NA,NA,NA,NA,NA,NA,NA,NA,NA,NA,NA,NA,NA,NA,NA,NA,NA,adiposity_to_glycemic_reverse,MR-APSS,CAUSE,none,NA,NA,FALSE
fg_manning__fatmass_ukb__raw,fg_manning,fatmass_ukb,raw,MR-APSS,TRUE,FALSE,SD(outcome) per SD(exposure),-0.026687933091430964,0.027730666111423514,-0.08104003866982104,0.02766417248695912,0.33585,86,NA,NA,NA,NA,NA,NA,NA,NA,NA,NA,NA,NA,NA,NA,NA,NA,NA,NA,NA,NA,NA,NA,NA,NA,NA,NA,NA,38.02338205801439,0.4421361133929857,1.0931126907267773e-7,0.015964881418126103,0.260243721209251,FALSE,5e-5,0.4546852396497959,0.09940687215982154,0.2598477702165457,0.6495227090830461,1.2538141028022285e-8,5.700907658089251e-9,3.8273161849749855e-8,1.0194106943358001,0.015964881418126103,1.3423024314836352,0.01566089261848294,0.005600334125457243,NA,NA,NA,NA,NA,NA,NA,NA,NA,NA,NA,NA,NA,NA,NA,NA,NA,NA,NA,NA,NA,NA,NA,NA,NA,NA,NA,NA,NA,NA,NA,NA,NA,NA,NA,NA,NA,NA,NA,adiposity_to_glycemic_reverse,MR-APSS,CAUSE,none,NA,NA,TRUE
fg_manning__fatmass_ukb__raw,fg_manning,fatmass_ukb,raw,CAUSE,FALSE,TRUE,SD(outcome) per SD(exposure),0.008320648856288172,NA,-0.02197200588525089,0.03372858445744552,NA,609,NA,NA,NA,NA,NA,NA,NA,NA,NA,NA,NA,NA,NA,NA,NA,NA,NA,NA,NA,NA,NA,NA,NA,NA,NA,NA,NA,NA,NA,NA,NA,NA,NA,NA,NA,NA,NA,NA,NA,NA,NA,NA,NA,NA,NA,NA,0.2703748062649909,FALSE,0.09163106442488976,-0.01716121517312576,0.04410059093950425,1.2450707616385075,0.8725526665943321,0.9231998291091214,0.008398508827716086,-0.02206057995654177,0.033901470664977965,-0.016101444985923856,-0.49476636024656573,0.4952813822093937,0.0432904988111025,0.0013989904457985453,0.29562244000703497,-3.0544762177676574e-4,-0.021858269567133826,0.01768082752552698,0.00727489889866656,-0.01991856972455912,0.032050075199300455,NA,NA,NA,0.03503421135207557,0.0011231242217317927,0.22912644782906683,1.2450707616385075,0.8725526665943321,gamma + q*eta interval spans 0: fraction not reported,NA,NA,NA,NA,NA,NA,NA,adiposity_to_glycemic_reverse,MR-APSS,CAUSE,none,NA,NA,TRUE
fg_manning__fatmass_ukb__raw,fg_manning,fatmass_ukb,raw,IVW-FE,FALSE,FALSE,per unit of GWAS beta,-0.017010749979628533,0.013635446157699509,-0.043736224448719566,0.009714724489462503,0.21219995318300275,22,NA,NA,NA,NA,NA,NA,NA,NA,NA,NA,22,179.35092501010305,21,3.967456915453964e-27,0.8829111140697097,179.02841072924386,1.5037374795878154e-27,0.9548178881744727,0.03505223278437391,58074,92.91749623825922,95.85149836834225,0.03505223278437391,3.983287782079449e-4,TRUE,0,NA,NA,NA,NA,NA,NA,NA,NA,NA,NA,NA,NA,NA,NA,NA,NA,NA,NA,NA,NA,NA,NA,NA,NA,NA,NA,NA,NA,NA,NA,NA,NA,NA,NA,NA,NA,NA,NA,NA,NA,NA,NA,NA,NA,NA,NA,NA,NA,NA,NA,NA,NA,NA,NA,NA,NA,NA,NA,NA,adiposity_to_glycemic_reverse,MR-APSS,CAUSE,none,NA,NA,FALSE
fg_manning__fatmass_ukb__raw,fg_manning,fatmass_ukb,raw,IVW-MRE,FALSE,FALSE,per unit of GWAS beta,-0.017010749979628533,0.03984845759316058,-0.09511372686222327,0.0610922269029662,0.6694623391127132,22,2.9224168488729214,NA,NA,NA,NA,NA,NA,NA,NA,NA,22,179.35092501010305,21,3.967456915453964e-27,0.8829111140697097,179.02841072924386,1.5037374795878154e-27,0.9548178881744727,0.03505223278437391,58074,92.91749623825922,95.85149836834225,0.03505223278437391,3.983287782079449e-4,TRUE,0,NA,NA,NA,NA,NA,NA,NA,NA,NA,NA,NA,NA,NA,NA,NA,NA,NA,NA,NA,NA,NA,NA,NA,NA,NA,NA,NA,NA,NA,NA,NA,NA,NA,NA,NA,NA,NA,NA,NA,NA,NA,NA,NA,NA,NA,NA,NA,NA,NA,NA,NA,NA,NA,NA,NA,NA,NA,NA,NA,adiposity_to_glycemic_reverse,MR-APSS,CAUSE,none,NA,NA,FALSE
fg_manning__fatmass_ukb__raw,fg_manning,fatmass_ukb,raw,MR-APSS (p<5e-8),FALSE,FALSE,SD(outcome) per SD(exposure),-0.042934813170355905,0.03580822413525316,-0.1131189324754521,0.027249306134740296,0.23052,20,NA,NA,NA,NA,NA,NA,NA,NA,NA,NA,NA,NA,NA,NA,NA,NA,NA,NA,NA,NA,NA,NA,NA,NA,NA,NA,NA,19.99466679384276,0.9997333563037716,1.3603072193926962e-7,0.015964881418126103,0.260243721209251,FALSE,5e-8,0.4546852396497959,0.09940687215982154,0.2598477702165457,0.6495227090830461,1.2538141028022285e-8,5.700907658089251e-9,3.8273161849749855e-8,1.0194106943358001,0.015964881418126103,1.3423024314836352,0.01566089261848294,0.005600334125457243,NA,NA,NA,NA,NA,NA,NA,NA,NA,NA,NA,NA,NA,NA,NA,NA,NA,NA,NA,NA,NA,NA,NA,NA,NA,NA,NA,NA,NA,NA,NA,NA,NA,NA,NA,NA,NA,NA,NA,adiposity_to_glycemic_reverse,MR-APSS,CAUSE,none,NA,NA,TRUE
fg_manning__fatmass_ukb__raw,fg_manning,fatmass_ukb,raw,MR-Egger,FALSE,FALSE,per unit of GWAS beta,-0.031098570072126287,0.08469215726051606,-0.19709519830273778,0.13489805815848518,0.7173299626279913,22,NA,5.967589378939951e-4,0.0031439124081157005,0.8513680393855236,NA,NA,NA,NA,NA,NA,22,179.35092501010305,21,3.967456915453964e-27,0.8829111140697097,179.02841072924386,1.5037374795878154e-27,0.9548178881744727,0.03505223278437391,58074,92.91749623825922,95.85149836834225,0.03505223278437391,3.983287782079449e-4,TRUE,0,NA,NA,NA,NA,NA,NA,NA,NA,NA,NA,NA,NA,NA,NA,NA,NA,NA,NA,NA,NA,NA,NA,NA,NA,NA,NA,NA,NA,NA,NA,NA,NA,NA,NA,NA,NA,NA,NA,NA,NA,NA,NA,NA,NA,NA,NA,NA,NA,NA,NA,NA,NA,NA,NA,NA,NA,NA,NA,NA,adiposity_to_glycemic_reverse,MR-APSS,CAUSE,none,NA,NA,FALSE
fg_manning__fatmass_ukb__raw,fg_manning,fatmass_ukb,raw,MR-PRESSO,FALSE,FALSE,per unit of GWAS beta,-0.0148620571573392,0.0211898574317406,-0.05639417772355078,0.026670063408872374,0.493144498208247,17,NA,NA,NA,NA,0.001,5,Outlier-corrected,0.916,NA,NA,22,179.35092501010305,21,3.967456915453964e-27,0.8829111140697097,179.02841072924386,1.5037374795878154e-27,0.9548178881744727,0.03505223278437391,58074,92.91749623825922,95.85149836834225,0.03505223278437391,3.983287782079449e-4,TRUE,0,NA,NA,NA,NA,NA,NA,NA,NA,NA,NA,NA,NA,NA,NA,NA,NA,NA,NA,NA,NA,NA,NA,NA,NA,NA,NA,NA,NA,NA,NA,NA,NA,NA,NA,NA,NA,NA,NA,NA,NA,NA,NA,NA,NA,NA,NA,NA,NA,NA,NA,NA,NA,NA,NA,NA,NA,NA,NA,NA,adiposity_to_glycemic_reverse,MR-APSS,CAUSE,none,NA,NA,FALSE
fg_manning__fatmass_ukb__raw,fg_manning,fatmass_ukb,raw,MR-RAPS,FALSE,FALSE,per unit of GWAS beta,-0.02859793552821675,0.03720201550814174,-0.10151388592417457,0.04431801486774106,0.4420595147641754,22,NA,NA,NA,NA,NA,NA,NA,NA,NA,NA,22,179.35092501010305,21,3.967456915453964e-27,0.8829111140697097,179.02841072924386,1.5037374795878154e-27,0.9548178881744727,0.03505223278437391,58074,92.91749623825922,95.85149836834225,0.03505223278437391,3.983287782079449e-4,TRUE,0,NA,NA,NA,NA,NA,NA,NA,NA,NA,NA,NA,NA,NA,NA,NA,NA,NA,NA,NA,NA,NA,NA,NA,NA,NA,NA,NA,NA,NA,NA,NA,NA,NA,NA,NA,NA,NA,NA,NA,NA,NA,NA,NA,NA,NA,NA,NA,NA,NA,NA,NA,NA,NA,NA,NA,NA,NA,NA,NA,adiposity_to_glycemic_reverse,MR-APSS,CAUSE,none,TRUE,,FALSE
fg_manning__fatmass_ukb__raw,fg_manning,fatmass_ukb,raw,MRAID,FALSE,FALSE,SD(outcome) per SD(exposure),0.011253547860464773,0.007040684294290612,-0.0025461933563448256,0.025053289077274374,0.10996289042678613,51,NA,NA,NA,NA,NA,NA,NA,NA,NA,NA,NA,NA,NA,NA,NA,NA,NA,NA,NA,NA,NA,NA,NA,NA,NA,NA,NA,NA,NA,NA,NA,NA,NA,NA,NA,NA,NA,NA,NA,NA,NA,NA,NA,NA,NA,NA,NA,NA,NA,NA,NA,NA,NA,NA,NA,NA,NA,NA,NA,NA,NA,NA,NA,NA,NA,NA,NA,NA,NA,NA,NA,NA,NA,NA,NA,NA,NA,NA,0.007703178371553962,0.01025950264118306,0.013012219904310231,0.9153939307961778,0.9993041410308952,27,0.5,adiposity_to_glycemic_reverse,MR-APSS,CAUSE,none,NA,NA,FALSE
fg_manning__fatmass_ukb__raw,fg_manning,fatmass_ukb,raw,MRBEE,FALSE,FALSE,per unit of GWAS beta,-0.017359188878943846,0.03444201054325408,-0.08486552954372184,0.05014715178583415,0.6142528982594357,22,NA,NA,NA,NA,NA,NA,NA,NA,0,0.025620077766981494,22,179.35092501010305,21,3.967456915453964e-27,0.8829111140697097,179.02841072924386,1.5037374795878154e-27,0.9548178881744727,0.03505223278437391,58074,92.91749623825922,95.85149836834225,0.03505223278437391,3.983287782079449e-4,TRUE,0,NA,NA,NA,NA,NA,NA,NA,NA,NA,NA,NA,NA,NA,NA,NA,NA,NA,NA,NA,NA,NA,NA,NA,NA,NA,NA,NA,NA,NA,NA,NA,NA,NA,NA,NA,NA,NA,NA,NA,NA,NA,NA,NA,NA,NA,NA,NA,NA,NA,NA,NA,NA,NA,NA,NA,NA,NA,NA,NA,adiposity_to_glycemic_reverse,MR-APSS,CAUSE,none,TRUE,,TRUE
fg_manning__fatmass_ukb__raw,fg_manning,fatmass_ukb,raw,Weighted median,FALSE,FALSE,per unit of GWAS beta,-0.04301183895611524,0.02405879253686354,-0.09016707232836776,0.004143394416137293,0.07381143614368144,22,NA,NA,NA,NA,NA,NA,NA,NA,NA,NA,22,179.35092501010305,21,3.967456915453964e-27,0.8829111140697097,179.02841072924386,1.5037374795878154e-27,0.9548178881744727,0.03505223278437391,58074,92.91749623825922,95.85149836834225,0.03505223278437391,3.983287782079449e-4,TRUE,0,NA,NA,NA,NA,NA,NA,NA,NA,NA,NA,NA,NA,NA,NA,NA,NA,NA,NA,NA,NA,NA,NA,NA,NA,NA,NA,NA,NA,NA,NA,NA,NA,NA,NA,NA,NA,NA,NA,NA,NA,NA,NA,NA,NA,NA,NA,NA,NA,NA,NA,NA,NA,NA,NA,NA,NA,NA,NA,NA,adiposity_to_glycemic_reverse,MR-APSS,CAUSE,none,NA,NA,FALSE
fg_manning__fatmass_ukb__raw,fg_manning,fatmass_ukb,raw,Weighted mode,FALSE,FALSE,per unit of GWAS beta,-0.027440736313742553,0.019903697616410723,-0.06645198364190757,0.011570511014422462,0.18250532102379477,22,NA,NA,NA,NA,NA,NA,NA,NA,NA,NA,22,179.35092501010305,21,3.967456915453964e-27,0.8829111140697097,179.02841072924386,1.5037374795878154e-27,0.9548178881744727,0.03505223278437391,58074,92.91749623825922,95.85149836834225,0.03505223278437391,3.983287782079449e-4,TRUE,0,NA,NA,NA,NA,NA,NA,NA,NA,NA,NA,NA,NA,NA,NA,NA,NA,NA,NA,NA,NA,NA,NA,NA,NA,NA,NA,NA,NA,NA,NA,NA,NA,NA,NA,NA,NA,NA,NA,NA,NA,NA,NA,NA,NA,NA,NA,NA,NA,NA,NA,NA,NA,NA,NA,NA,NA,NA,NA,NA,adiposity_to_glycemic_reverse,MR-APSS,CAUSE,none,NA,NA,FALSE
glu2h_chen__bmi_ukb__raw,glu2h_chen,bmi_ukb,raw,MR-APSS,TRUE,FALSE,SD(outcome) per SD(exposure),-0.18958926396120424,0.0555762184679483,-0.2985186521583829,-0.08065987576402557,6.4645e-4,72,NA,NA,NA,NA,NA,NA,NA,NA,NA,NA,NA,NA,NA,NA,NA,NA,NA,NA,NA,NA,NA,NA,NA,NA,NA,NA,NA,24.1320176783963,0.33518628937392453,2.4066590032153244e-7,-0.028139873645841564,-0.08065546958717358,TRUE,5e-5,-0.1642976063761498,0.08313408874022693,-0.3272404203069946,-0.0013547924453050086,9.630740508770499e-9,-1.5823076132208159e-9,3.9962670838863856e-8,1.013337601292158,-0.028139873645841564,1.3523012449226934,-0.027769495190900828,-0.010366892203293223,NA,NA,NA,NA,NA,NA,NA,NA,NA,NA,NA,NA,NA,NA,NA,NA,NA,NA,NA,NA,NA,NA,NA,NA,NA,NA,NA,NA,NA,NA,NA,NA,NA,NA,NA,NA,NA,NA,NA,adiposity_to_glycemic_reverse,MR-APSS,CAUSE,none,NA,NA,TRUE
glu2h_chen__bmi_ukb__raw,glu2h_chen,bmi_ukb,raw,CAUSE,FALSE,TRUE,SD(outcome) per SD(exposure),-0.06299850345843268,NA,-0.12280086022898415,-0.005079225851719428,NA,563,NA,NA,NA,NA,NA,NA,NA,NA,NA,NA,NA,NA,NA,NA,NA,NA,NA,NA,NA,NA,NA,NA,NA,NA,NA,NA,NA,NA,NA,NA,NA,NA,NA,NA,NA,NA,NA,NA,NA,NA,NA,NA,NA,NA,NA,NA,0.975,TRUE,-0.04404407755184489,-0.11959980773327984,0.04340830567200724,-1.4715404917108725,1.7197134529557438,0.19608481551068768,-0.06312761698271163,-0.1230288296631726,-0.004333041347606105,-0.11888249470731367,-0.6847957778603373,0.5811879805457566,0.043370895085367143,0.0016479258692465876,0.2458258092096498,-0.003315999559248428,-0.047660368978891074,0.023541004095446013,-0.06957872413336011,-0.12564722936817463,-0.014050241954279714,0.05112099012472612,-0.527166617036839,0.7838425118689555,0.07767659090247683,0.003201364859882178,0.30862246391268106,-1.4715404917108725,1.7197134529557438,,NA,NA,NA,NA,NA,NA,NA,adiposity_to_glycemic_reverse,MR-APSS,CAUSE,none,NA,NA,TRUE
glu2h_chen__bmi_ukb__raw,glu2h_chen,bmi_ukb,raw,IVW-FE,FALSE,FALSE,per unit of GWAS beta,-0.10843851295519955,0.00933744122634313,-0.12673989775883207,-0.090137128151567,3.5273139772906608e-31,12,NA,NA,NA,NA,NA,NA,NA,NA,NA,NA,12,180.16305896617664,11,9.486111364366074e-33,0.9389441983105699,180.0438881646018,2.2943447975074934e-33,0.8757353676698695,0.011209434538058479,63396,59.28711767676538,59.87850327315743,0.011209434538058479,6.923893604629448e-4,TRUE,0,NA,NA,NA,NA,NA,NA,NA,NA,NA,NA,NA,NA,NA,NA,NA,NA,NA,NA,NA,NA,NA,NA,NA,NA,NA,NA,NA,NA,NA,NA,NA,NA,NA,NA,NA,NA,NA,NA,NA,NA,NA,NA,NA,NA,NA,NA,NA,NA,NA,NA,NA,NA,NA,NA,NA,NA,NA,NA,NA,adiposity_to_glycemic_reverse,MR-APSS,CAUSE,none,NA,NA,FALSE
glu2h_chen__bmi_ukb__raw,glu2h_chen,bmi_ukb,raw,IVW-MRE,FALSE,FALSE,per unit of GWAS beta,-0.10843851295519955,0.03778891409336963,-0.18250478457820402,-0.034372241332195075,0.00411010436559933,12,4.047030998894876,NA,NA,NA,NA,NA,NA,NA,NA,NA,12,180.16305896617664,11,9.486111364366074e-33,0.9389441983105699,180.0438881646018,2.2943447975074934e-33,0.8757353676698695,0.011209434538058479,63396,59.28711767676538,59.87850327315743,0.011209434538058479,6.923893604629448e-4,TRUE,0,NA,NA,NA,NA,NA,NA,NA,NA,NA,NA,NA,NA,NA,NA,NA,NA,NA,NA,NA,NA,NA,NA,NA,NA,NA,NA,NA,NA,NA,NA,NA,NA,NA,NA,NA,NA,NA,NA,NA,NA,NA,NA,NA,NA,NA,NA,NA,NA,NA,NA,NA,NA,NA,NA,NA,NA,NA,NA,NA,adiposity_to_glycemic_reverse,MR-APSS,CAUSE,none,NA,NA,FALSE
glu2h_chen__bmi_ukb__raw,glu2h_chen,bmi_ukb,raw,MR-APSS (p<5e-8),FALSE,FALSE,SD(outcome) per SD(exposure),-0.17528629043082788,0.05972478984776607,-0.2923468785324494,-0.05822570232920639,0.0033366,12,NA,NA,NA,NA,NA,NA,NA,NA,NA,NA,NA,NA,NA,NA,NA,NA,NA,NA,NA,NA,NA,NA,NA,NA,NA,NA,NA,8.425194770590457,0.7020814286741873,7.089350250976728e-8,-0.028139873645841564,-0.08065546958717358,TRUE,5e-8,-0.1642976063761498,0.08313408874022693,-0.3272404203069946,-0.0013547924453050086,9.630740508770499e-9,-1.5823076132208159e-9,3.9962670838863856e-8,1.013337601292158,-0.028139873645841564,1.3523012449226934,-0.027769495190900828,-0.010366892203293223,NA,NA,NA,NA,NA,NA,NA,NA,NA,NA,NA,NA,NA,NA,NA,NA,NA,NA,NA,NA,NA,NA,NA,NA,NA,NA,NA,NA,NA,NA,NA,NA,NA,NA,NA,NA,NA,NA,NA,adiposity_to_glycemic_reverse,MR-APSS,CAUSE,none,NA,NA,TRUE
glu2h_chen__bmi_ukb__raw,glu2h_chen,bmi_ukb,raw,MR-Egger,FALSE,FALSE,per unit of GWAS beta,-0.10056685487869384,0.10455222004087865,-0.305489206158816,0.10435549640142831,0.3587906141255439,12,NA,-6.199690704896127e-4,0.007620338878518726,0.9367632305822164,NA,NA,NA,NA,NA,NA,12,180.16305896617664,11,9.486111364366074e-33,0.9389441983105699,180.0438881646018,2.2943447975074934e-33,0.8757353676698695,0.011209434538058479,63396,59.28711767676538,59.87850327315743,0.011209434538058479,6.923893604629448e-4,TRUE,0,NA,NA,NA,NA,NA,NA,NA,NA,NA,NA,NA,NA,NA,NA,NA,NA,NA,NA,NA,NA,NA,NA,NA,NA,NA,NA,NA,NA,NA,NA,NA,NA,NA,NA,NA,NA,NA,NA,NA,NA,NA,NA,NA,NA,NA,NA,NA,NA,NA,NA,NA,NA,NA,NA,NA,NA,NA,NA,NA,adiposity_to_glycemic_reverse,MR-APSS,CAUSE,none,NA,NA,FALSE
glu2h_chen__bmi_ukb__raw,glu2h_chen,bmi_ukb,raw,MR-PRESSO,FALSE,FALSE,per unit of GWAS beta,-0.104541071132496,0.0270912402174159,-0.15763990195863117,-0.05144224030636083,0.00837345417945246,7,NA,NA,NA,NA,0.001,5,Outlier-corrected,0.878,NA,NA,12,180.16305896617664,11,9.486111364366074e-33,0.9389441983105699,180.0438881646018,2.2943447975074934e-33,0.8757353676698695,0.011209434538058479,63396,59.28711767676538,59.87850327315743,0.011209434538058479,6.923893604629448e-4,TRUE,0,NA,NA,NA,NA,NA,NA,NA,NA,NA,NA,NA,NA,NA,NA,NA,NA,NA,NA,NA,NA,NA,NA,NA,NA,NA,NA,NA,NA,NA,NA,NA,NA,NA,NA,NA,NA,NA,NA,NA,NA,NA,NA,NA,NA,NA,NA,NA,NA,NA,NA,NA,NA,NA,NA,NA,NA,NA,NA,NA,adiposity_to_glycemic_reverse,MR-APSS,CAUSE,none,NA,NA,FALSE
glu2h_chen__bmi_ukb__raw,glu2h_chen,bmi_ukb,raw,MR-RAPS,FALSE,FALSE,per unit of GWAS beta,-0.10716792203683694,0.011371106409360197,-0.12945529059918293,-0.08488055347449094,4.318230755405412e-21,12,NA,NA,NA,NA,NA,NA,NA,NA,NA,NA,12,180.16305896617664,11,9.486111364366074e-33,0.9389441983105699,180.0438881646018,2.2943447975074934e-33,0.8757353676698695,0.011209434538058479,63396,59.28711767676538,59.87850327315743,0.011209434538058479,6.923893604629448e-4,TRUE,0,NA,NA,NA,NA,NA,NA,NA,NA,NA,NA,NA,NA,NA,NA,NA,NA,NA,NA,NA,NA,NA,NA,NA,NA,NA,NA,NA,NA,NA,NA,NA,NA,NA,NA,NA,NA,NA,NA,NA,NA,NA,NA,NA,NA,NA,NA,NA,NA,NA,NA,NA,NA,NA,NA,NA,NA,NA,NA,NA,adiposity_to_glycemic_reverse,MR-APSS,CAUSE,none,FALSE,over-dispersion optimiser failed (tau2 forced to 0),FALSE
glu2h_chen__bmi_ukb__raw,glu2h_chen,bmi_ukb,raw,MRAID,FALSE,FALSE,SD(outcome) per SD(exposure),-0.07141197536125775,0.018919601705317795,-0.10849439470368064,-0.03432955601883487,0.00016033099110705301,27,NA,NA,NA,NA,NA,NA,NA,NA,NA,NA,NA,NA,NA,NA,NA,NA,NA,NA,NA,NA,NA,NA,NA,NA,NA,NA,NA,NA,NA,NA,NA,NA,NA,NA,NA,NA,NA,NA,NA,NA,NA,NA,NA,NA,NA,NA,NA,NA,NA,NA,NA,NA,NA,NA,NA,NA,NA,NA,NA,NA,NA,NA,NA,NA,NA,NA,NA,NA,NA,NA,NA,NA,NA,NA,NA,NA,NA,NA,-0.010281603690867235,0.01691701548081753,0.025663301621878624,0.98242664842246,0.9994015709722739,15,0.5,adiposity_to_glycemic_reverse,MR-APSS,CAUSE,none,NA,NA,FALSE
glu2h_chen__bmi_ukb__raw,glu2h_chen,bmi_ukb,raw,MRBEE,FALSE,FALSE,per unit of GWAS beta,-0.07370653583822276,0.033826574633454246,-0.1400066221197931,-0.007406449556652442,0.02933511694709007,12,NA,NA,NA,NA,NA,NA,NA,NA,1,-0.006709102251225144,12,180.16305896617664,11,9.486111364366074e-33,0.9389441983105699,180.0438881646018,2.2943447975074934e-33,0.8757353676698695,0.011209434538058479,63396,59.28711767676538,59.87850327315743,0.011209434538058479,6.923893604629448e-4,TRUE,0,NA,NA,NA,NA,NA,NA,NA,NA,NA,NA,NA,NA,NA,NA,NA,NA,NA,NA,NA,NA,NA,NA,NA,NA,NA,NA,NA,NA,NA,NA,NA,NA,NA,NA,NA,NA,NA,NA,NA,NA,NA,NA,NA,NA,NA,NA,NA,NA,NA,NA,NA,NA,NA,NA,NA,NA,NA,NA,NA,adiposity_to_glycemic_reverse,MR-APSS,CAUSE,none,TRUE,,TRUE
glu2h_chen__bmi_ukb__raw,glu2h_chen,bmi_ukb,raw,Weighted median,FALSE,FALSE,per unit of GWAS beta,-0.05286607470962802,0.01833099949269874,-0.08879483371531754,-0.016937315703938492,0.0039269465801111784,12,NA,NA,NA,NA,NA,NA,NA,NA,NA,NA,12,180.16305896617664,11,9.486111364366074e-33,0.9389441983105699,180.0438881646018,2.2943447975074934e-33,0.8757353676698695,0.011209434538058479,63396,59.28711767676538,59.87850327315743,0.011209434538058479,6.923893604629448e-4,TRUE,0,NA,NA,NA,NA,NA,NA,NA,NA,NA,NA,NA,NA,NA,NA,NA,NA,NA,NA,NA,NA,NA,NA,NA,NA,NA,NA,NA,NA,NA,NA,NA,NA,NA,NA,NA,NA,NA,NA,NA,NA,NA,NA,NA,NA,NA,NA,NA,NA,NA,NA,NA,NA,NA,NA,NA,NA,NA,NA,NA,adiposity_to_glycemic_reverse,MR-APSS,CAUSE,none,NA,NA,FALSE
glu2h_chen__bmi_ukb__raw,glu2h_chen,bmi_ukb,raw,Weighted mode,FALSE,FALSE,per unit of GWAS beta,-0.04056401057938297,0.019806053777793674,-0.07938387598385857,-0.0017441451749073689,0.06519302423615898,12,NA,NA,NA,NA,NA,NA,NA,NA,NA,NA,12,180.16305896617664,11,9.486111364366074e-33,0.9389441983105699,180.0438881646018,2.2943447975074934e-33,0.8757353676698695,0.011209434538058479,63396,59.28711767676538,59.87850327315743,0.011209434538058479,6.923893604629448e-4,TRUE,0,NA,NA,NA,NA,NA,NA,NA,NA,NA,NA,NA,NA,NA,NA,NA,NA,NA,NA,NA,NA,NA,NA,NA,NA,NA,NA,NA,NA,NA,NA,NA,NA,NA,NA,NA,NA,NA,NA,NA,NA,NA,NA,NA,NA,NA,NA,NA,NA,NA,NA,NA,NA,NA,NA,NA,NA,NA,NA,NA,adiposity_to_glycemic_reverse,MR-APSS,CAUSE,none,NA,NA,FALSE
glu2h_chen__fatmass_ukb__raw,glu2h_chen,fatmass_ukb,raw,MR-APSS,TRUE,FALSE,SD(outcome) per SD(exposure),-0.19073762934681376,0.05944155109747996,-0.3072430694978745,-0.07423218919575306,0.0013328,72,NA,NA,NA,NA,NA,NA,NA,NA,NA,NA,NA,NA,NA,NA,NA,NA,NA,NA,NA,NA,NA,NA,NA,NA,NA,NA,NA,23.64763907262595,0.32846041779284524,3.0036287018172383e-7,-0.029238825360636843,-0.08111294676383457,TRUE,5e-5,-0.16236352835692425,0.08417803539465168,-0.3273524777304415,0.002625421016593049,9.587665316845898e-9,-1.556687169548408e-9,3.8415763400352755e-8,1.013620809741744,-0.029238825360636843,1.3500168506529655,-0.028845920564798264,-0.010777595709126609,NA,NA,NA,NA,NA,NA,NA,NA,NA,NA,NA,NA,NA,NA,NA,NA,NA,NA,NA,NA,NA,NA,NA,NA,NA,NA,NA,NA,NA,NA,NA,NA,NA,NA,NA,NA,NA,NA,NA,adiposity_to_glycemic_reverse,MR-APSS,CAUSE,none,NA,NA,TRUE
glu2h_chen__fatmass_ukb__raw,glu2h_chen,fatmass_ukb,raw,CAUSE,FALSE,TRUE,SD(outcome) per SD(exposure),-0.04543004860830252,NA,-0.09274445689388278,-0.002046962933612844,NA,563,NA,NA,NA,NA,NA,NA,NA,NA,NA,NA,NA,NA,NA,NA,NA,NA,NA,NA,NA,NA,NA,NA,NA,NA,NA,NA,NA,NA,NA,NA,NA,NA,NA,NA,NA,NA,NA,NA,NA,NA,NA,NA,NA,NA,NA,NA,0.975,TRUE,-0.0352196037413048,-0.15377240416220983,0.04042053322635127,-1.3046721116903868,2.0329315033715183,0.2605116391612915,-0.045602015327793864,-0.09315931446289105,-0.0025723284610901518,-0.15615539741869858,-0.9775561038905783,0.5720826671169996,0.04043083487436025,0.0015366946587531897,0.2313401722306888,-0.004225198376477667,-0.04708616460072609,0.020587660430403398,-0.052779559899579,-0.1023758682265055,-0.0075244980895640195,0.08635724790987391,-0.7416765581660059,0.860023383409143,0.05823208851095364,0.00219061469448721,0.2795283961959998,-1.3046721116903868,2.0329315033715183,,NA,NA,NA,NA,NA,NA,NA,adiposity_to_glycemic_reverse,MR-APSS,CAUSE,none,NA,NA,TRUE
glu2h_chen__fatmass_ukb__raw,glu2h_chen,fatmass_ukb,raw,IVW-FE,FALSE,FALSE,per unit of GWAS beta,-0.09949370098463362,0.009159328387692057,-0.11744598462451004,-0.08154141734475719,1.7381831924030046e-27,12,NA,NA,NA,NA,NA,NA,NA,NA,NA,NA,12,180.5317033699163,11,7.961362106381052e-33,0.9390688738062778,176.5364915373168,1.2260170492173802e-32,0.8757353676698695,0.011209434538058479,63396,59.28711767676538,59.87850327315743,0.011209434538058479,6.571993487554483e-4,TRUE,0,NA,NA,NA,NA,NA,NA,NA,NA,NA,NA,NA,NA,NA,NA,NA,NA,NA,NA,NA,NA,NA,NA,NA,NA,NA,NA,NA,NA,NA,NA,NA,NA,NA,NA,NA,NA,NA,NA,NA,NA,NA,NA,NA,NA,NA,NA,NA,NA,NA,NA,NA,NA,NA,NA,NA,NA,NA,NA,NA,adiposity_to_glycemic_reverse,MR-APSS,CAUSE,none,NA,NA,FALSE
glu2h_chen__fatmass_ukb__raw,glu2h_chen,fatmass_ukb,raw,IVW-MRE,FALSE,FALSE,per unit of GWAS beta,-0.09949370098463362,0.03710599035308344,-0.17222144207667717,-0.026765959892590063,0.00733284150023458,12,4.051169341514712,NA,NA,NA,NA,NA,NA,NA,NA,NA,12,180.5317033699163,11,7.961362106381052e-33,0.9390688738062778,176.5364915373168,1.2260170492173802e-32,0.8757353676698695,0.011209434538058479,63396,59.28711767676538,59.87850327315743,0.011209434538058479,6.571993487554483e-4,TRUE,0,NA,NA,NA,NA,NA,NA,NA,NA,NA,NA,NA,NA,NA,NA,NA,NA,NA,NA,NA,NA,NA,NA,NA,NA,NA,NA,NA,NA,NA,NA,NA,NA,NA,NA,NA,NA,NA,NA,NA,NA,NA,NA,NA,NA,NA,NA,NA,NA,NA,NA,NA,NA,NA,NA,NA,NA,NA,NA,NA,adiposity_to_glycemic_reverse,MR-APSS,CAUSE,none,NA,NA,FALSE
glu2h_chen__fatmass_ukb__raw,glu2h_chen,fatmass_ukb,raw,MR-APSS (p<5e-8),FALSE,FALSE,SD(outcome) per SD(exposure),-0.15553642210854915,0.06462029950291419,-0.28219220913426096,-0.028880635082837336,0.016087,12,NA,NA,NA,NA,NA,NA,NA,NA,NA,NA,NA,NA,NA,NA,NA,NA,NA,NA,NA,NA,NA,NA,NA,NA,NA,NA,NA,9.34051515367573,0.7783807102279924,1.6348809122339173e-7,-0.029238825360636843,-0.08111294676383457,TRUE,5e-8,-0.16236352835692425,0.08417803539465168,-0.3273524777304415,0.002625421016593049,9.587665316845898e-9,-1.556687169548408e-9,3.8415763400352755e-8,1.013620809741744,-0.029238825360636843,1.3500168506529655,-0.028845920564798264,-0.010777595709126609,NA,NA,NA,NA,NA,NA,NA,NA,NA,NA,NA,NA,NA,NA,NA,NA,NA,NA,NA,NA,NA,NA,NA,NA,NA,NA,NA,NA,NA,NA,NA,NA,NA,NA,NA,NA,NA,NA,NA,adiposity_to_glycemic_reverse,MR-APSS,CAUSE,none,NA,NA,TRUE
glu2h_chen__fatmass_ukb__raw,glu2h_chen,fatmass_ukb,raw,MR-Egger,FALSE,FALSE,per unit of GWAS beta,-0.14420069187296294,0.1015517024050642,-0.3432420285868888,0.05484064484096288,0.18603164355259355,12,NA,0.0035212860137368747,0.007401992517162822,0.644494508869041,NA,NA,NA,NA,NA,NA,12,180.5317033699163,11,7.961362106381052e-33,0.9390688738062778,176.5364915373168,1.2260170492173802e-32,0.8757353676698695,0.011209434538058479,63396,59.28711767676538,59.87850327315743,0.011209434538058479,6.571993487554483e-4,TRUE,0,NA,NA,NA,NA,NA,NA,NA,NA,NA,NA,NA,NA,NA,NA,NA,NA,NA,NA,NA,NA,NA,NA,NA,NA,NA,NA,NA,NA,NA,NA,NA,NA,NA,NA,NA,NA,NA,NA,NA,NA,NA,NA,NA,NA,NA,NA,NA,NA,NA,NA,NA,NA,NA,NA,NA,NA,NA,NA,NA,adiposity_to_glycemic_reverse,MR-APSS,CAUSE,none,NA,NA,FALSE
glu2h_chen__fatmass_ukb__raw,glu2h_chen,fatmass_ukb,raw,MR-PRESSO,FALSE,FALSE,per unit of GWAS beta,-0.0550180434277202,0.0162865023073077,-0.0869395879500433,-0.023096498905397105,0.0197141277943161,6,NA,NA,NA,NA,0.001,6,Outlier-corrected,0.001,NA,NA,12,180.5317033699163,11,7.961362106381052e-33,0.9390688738062778,176.5364915373168,1.2260170492173802e-32,0.8757353676698695,0.011209434538058479,63396,59.28711767676538,59.87850327315743,0.011209434538058479,6.571993487554483e-4,TRUE,0,NA,NA,NA,NA,NA,NA,NA,NA,NA,NA,NA,NA,NA,NA,NA,NA,NA,NA,NA,NA,NA,NA,NA,NA,NA,NA,NA,NA,NA,NA,NA,NA,NA,NA,NA,NA,NA,NA,NA,NA,NA,NA,NA,NA,NA,NA,NA,NA,NA,NA,NA,NA,NA,NA,NA,NA,NA,NA,NA,adiposity_to_glycemic_reverse,MR-APSS,CAUSE,none,NA,NA,FALSE
glu2h_chen__fatmass_ukb__raw,glu2h_chen,fatmass_ukb,raw,MR-RAPS,FALSE,FALSE,per unit of GWAS beta,-0.0721311166972363,0.030376154674046158,-0.13166837985836677,-0.012593853536105835,0.017568133714446627,12,NA,NA,NA,NA,NA,NA,NA,NA,NA,NA,12,180.5317033699163,11,7.961362106381052e-33,0.9390688738062778,176.5364915373168,1.2260170492173802e-32,0.8757353676698695,0.011209434538058479,63396,59.28711767676538,59.87850327315743,0.011209434538058479,6.571993487554483e-4,TRUE,0,NA,NA,NA,NA,NA,NA,NA,NA,NA,NA,NA,NA,NA,NA,NA,NA,NA,NA,NA,NA,NA,NA,NA,NA,NA,NA,NA,NA,NA,NA,NA,NA,NA,NA,NA,NA,NA,NA,NA,NA,NA,NA,NA,NA,NA,NA,NA,NA,NA,NA,NA,NA,NA,NA,NA,NA,NA,NA,NA,adiposity_to_glycemic_reverse,MR-APSS,CAUSE,none,TRUE,,FALSE
glu2h_chen__fatmass_ukb__raw,glu2h_chen,fatmass_ukb,raw,MRAID,FALSE,FALSE,SD(outcome) per SD(exposure),0.02539861195220271,0.048738403523454134,-0.0701286589537674,0.12092588285817281,0.6022823916869147,27,NA,NA,NA,NA,NA,NA,NA,NA,NA,NA,NA,NA,NA,NA,NA,NA,NA,NA,NA,NA,NA,NA,NA,NA,NA,NA,NA,NA,NA,NA,NA,NA,NA,NA,NA,NA,NA,NA,NA,NA,NA,NA,NA,NA,NA,NA,NA,NA,NA,NA,NA,NA,NA,NA,NA,NA,NA,NA,NA,NA,NA,NA,NA,NA,NA,NA,NA,NA,NA,NA,NA,NA,NA,NA,NA,NA,NA,NA,-0.15432723372081875,0.016573648929632975,0.027601808148283398,0.9827321080016846,0.9993200134952928,15,0.5,adiposity_to_glycemic_reverse,MR-APSS,CAUSE,none,NA,NA,FALSE
glu2h_chen__fatmass_ukb__raw,glu2h_chen,fatmass_ukb,raw,MRBEE,FALSE,FALSE,per unit of GWAS beta,-0.10112816120767672,0.04583556486100823,-0.19096586833525286,-0.011290454080100584,0.027361239084679922,12,NA,NA,NA,NA,NA,NA,NA,NA,0,-0.010001057680983144,12,180.5317033699163,11,7.961362106381052e-33,0.9390688738062778,176.5364915373168,1.2260170492173802e-32,0.8757353676698695,0.011209434538058479,63396,59.28711767676538,59.87850327315743,0.011209434538058479,6.571993487554483e-4,TRUE,0,NA,NA,NA,NA,NA,NA,NA,NA,NA,NA,NA,NA,NA,NA,NA,NA,NA,NA,NA,NA,NA,NA,NA,NA,NA,NA,NA,NA,NA,NA,NA,NA,NA,NA,NA,NA,NA,NA,NA,NA,NA,NA,NA,NA,NA,NA,NA,NA,NA,NA,NA,NA,NA,NA,NA,NA,NA,NA,NA,adiposity_to_glycemic_reverse,MR-APSS,CAUSE,none,TRUE,,TRUE
glu2h_chen__fatmass_ukb__raw,glu2h_chen,fatmass_ukb,raw,Weighted median,FALSE,FALSE,per unit of GWAS beta,-0.05037478735203236,0.016074455390131075,-0.08188071991668927,-0.018868854787375454,0.0017253431800382598,12,NA,NA,NA,NA,NA,NA,NA,NA,NA,NA,12,180.5317033699163,11,7.961362106381052e-33,0.9390688738062778,176.5364915373168,1.2260170492173802e-32,0.8757353676698695,0.011209434538058479,63396,59.28711767676538,59.87850327315743,0.011209434538058479,6.571993487554483e-4,TRUE,0,NA,NA,NA,NA,NA,NA,NA,NA,NA,NA,NA,NA,NA,NA,NA,NA,NA,NA,NA,NA,NA,NA,NA,NA,NA,NA,NA,NA,NA,NA,NA,NA,NA,NA,NA,NA,NA,NA,NA,NA,NA,NA,NA,NA,NA,NA,NA,NA,NA,NA,NA,NA,NA,NA,NA,NA,NA,NA,NA,adiposity_to_glycemic_reverse,MR-APSS,CAUSE,none,NA,NA,FALSE
glu2h_chen__fatmass_ukb__raw,glu2h_chen,fatmass_ukb,raw,Weighted mode,FALSE,FALSE,per unit of GWAS beta,-0.03977803229864507,0.01765487073975367,-0.07438157894856226,-0.0051744856487278765,0.045641849487016516,12,NA,NA,NA,NA,NA,NA,NA,NA,NA,NA,12,180.5317033699163,11,7.961362106381052e-33,0.9390688738062778,176.5364915373168,1.2260170492173802e-32,0.8757353676698695,0.011209434538058479,63396,59.28711767676538,59.87850327315743,0.011209434538058479,6.571993487554483e-4,TRUE,0,NA,NA,NA,NA,NA,NA,NA,NA,NA,NA,NA,NA,NA,NA,NA,NA,NA,NA,NA,NA,NA,NA,NA,NA,NA,NA,NA,NA,NA,NA,NA,NA,NA,NA,NA,NA,NA,NA,NA,NA,NA,NA,NA,NA,NA,NA,NA,NA,NA,NA,NA,NA,NA,NA,NA,NA,NA,NA,NA,adiposity_to_glycemic_reverse,MR-APSS,CAUSE,none,NA,NA,FALSE
t2d_xue__bmi_ukb__raw,t2d_xue,bmi_ukb,raw,MR-APSS,TRUE,FALSE,SD(outcome) per SD(exposure),0.10117384488150885,0.06384437546339017,-0.023961131026735888,0.2263088207897536,0.11304,441,NA,NA,NA,NA,NA,NA,NA,NA,NA,NA,NA,NA,NA,NA,NA,NA,NA,NA,NA,NA,NA,NA,NA,NA,NA,NA,NA,210.07887694778034,0.4763645321728223,5.199334269428518e-7,0.24305914158272968,0.5297322057158602,TRUE,5e-5,1.2618947206188351,0.11068418342579585,1.0449537211042752,1.478835720133395,6.493051034880462e-9,8.19354682162432e-9,3.6845317972650046e-8,1.175115019957215,0.24305914158272968,1.453715413934833,0.20683859660952958,0.2483262233192379,NA,NA,NA,NA,NA,NA,NA,NA,NA,NA,NA,NA,NA,NA,NA,NA,NA,NA,NA,NA,NA,NA,NA,NA,NA,NA,NA,NA,NA,NA,NA,NA,NA,NA,NA,NA,NA,NA,NA,adiposity_to_glycemic_reverse,MR-APSS,CAUSE,UKB,NA,NA,TRUE
t2d_xue__bmi_ukb__raw,t2d_xue,bmi_ukb,raw,CAUSE,FALSE,TRUE,SD(outcome) per SD(exposure),0.0691284322714857,NA,-0.008767396278024924,0.14320946577435267,NA,1404,NA,NA,NA,NA,NA,NA,NA,NA,NA,NA,NA,NA,NA,NA,NA,NA,NA,NA,NA,NA,NA,NA,NA,NA,NA,NA,NA,NA,NA,NA,NA,NA,NA,NA,NA,NA,NA,NA,NA,NA,NA,NA,NA,NA,NA,NA,0.041119592035687984,FALSE,0.6459107827357873,1.9952192412960352,0.06277920444152993,-0.3564121905831641,1.6396401429371403,0.4139591459058945,0.06940571063683423,-0.007918587646099666,0.14372323851144966,1.9943237107739977,1.0997656771186861,2.883392169385719,0.06276367159375312,0.020889524069241553,0.14602477623401397,0.12371411636151951,0.046819949323083795,0.2148412417189097,0.1944975763624731,0.12019103057984168,0.2705212281525647,0.6410270734729683,0.2863343137755643,1.049390008241903,0.09898460650446539,0.04601833679260975,0.17959283495414752,-0.3564121905831641,1.6396401429371403,,NA,NA,NA,NA,NA,NA,NA,adiposity_to_glycemic_reverse,MR-APSS,CAUSE,UKB,NA,NA,TRUE
t2d_xue__bmi_ukb__raw,t2d_xue,bmi_ukb,raw,IVW-FE,FALSE,FALSE,per unit of GWAS beta,0.022192195071590762,0.0029200719079032814,0.016468854132100332,0.027915536011081193,2.964062725439998e-14,115,NA,NA,NA,NA,NA,NA,NA,NA,NA,NA,115,3507.7609909405205,114,0,0.9675006363619336,3330.5613636036855,0,0.9352392982232434,0.013387734989227714,655666,76.3719165867576,77.35147119026324,0.013387734989227714,0.007828820900650575,TRUE,14,NA,NA,NA,NA,NA,NA,NA,NA,NA,NA,NA,NA,NA,NA,NA,NA,NA,NA,NA,NA,NA,NA,NA,NA,NA,NA,NA,NA,NA,NA,NA,NA,NA,NA,NA,NA,NA,NA,NA,NA,NA,NA,NA,NA,NA,NA,NA,NA,NA,NA,NA,NA,NA,NA,NA,NA,NA,NA,NA,adiposity_to_glycemic_reverse,MR-APSS,CAUSE,UKB,NA,NA,FALSE
t2d_xue__bmi_ukb__raw,t2d_xue,bmi_ukb,raw,IVW-MRE,FALSE,FALSE,per unit of GWAS beta,0.022192195071590762,0.016197803183300552,-0.009555499167678321,0.05393988931085984,0.1706636859940473,115,5.547056269217414,NA,NA,NA,NA,NA,NA,NA,NA,NA,115,3507.7609909405205,114,0,0.9675006363619336,3330.5613636036855,0,0.9352392982232434,0.013387734989227714,655666,76.3719165867576,77.35147119026324,0.013387734989227714,0.007828820900650575,TRUE,14,NA,NA,NA,NA,NA,NA,NA,NA,NA,NA,NA,NA,NA,NA,NA,NA,NA,NA,NA,NA,NA,NA,NA,NA,NA,NA,NA,NA,NA,NA,NA,NA,NA,NA,NA,NA,NA,NA,NA,NA,NA,NA,NA,NA,NA,NA,NA,NA,NA,NA,NA,NA,NA,NA,NA,NA,NA,NA,NA,adiposity_to_glycemic_reverse,MR-APSS,CAUSE,UKB,NA,NA,FALSE
t2d_xue__bmi_ukb__raw,t2d_xue,bmi_ukb,raw,MR-APSS (p<5e-8),FALSE,FALSE,SD(outcome) per SD(exposure),-0.13816677934233554,0.05970117707805795,-0.2551810864153291,-0.021152472269341957,0.020651,125,NA,NA,NA,NA,NA,NA,NA,NA,NA,NA,NA,NA,NA,NA,NA,NA,NA,NA,NA,NA,NA,NA,NA,NA,NA,NA,NA,92.87109824507861,0.742968200145911,3.15380622560511e-7,0.24305914158272968,0.5297322057158602,TRUE,5e-8,1.2618947206188351,0.11068418342579585,1.0449537211042752,1.478835720133395,6.493051034880462e-9,8.19354682162432e-9,3.6845317972650046e-8,1.175115019957215,0.24305914158272968,1.453715413934833,0.20683859660952958,0.2483262233192379,NA,NA,NA,NA,NA,NA,NA,NA,NA,NA,NA,NA,NA,NA,NA,NA,NA,NA,NA,NA,NA,NA,NA,NA,NA,NA,NA,NA,NA,NA,NA,NA,NA,NA,NA,NA,NA,NA,NA,adiposity_to_glycemic_reverse,MR-APSS,CAUSE,UKB,NA,NA,TRUE
t2d_xue__bmi_ukb__raw,t2d_xue,bmi_ukb,raw,MR-Egger,FALSE,FALSE,per unit of GWAS beta,-0.057183490760950674,0.03604573551737881,-0.12783313237501315,0.013466150853111793,0.11543968220102373,115,NA,0.006436424479426008,0.0026250209505658613,0.015738652107110628,NA,NA,NA,NA,NA,NA,115,3507.7609909405205,114,0,0.9675006363619336,3330.5613636036855,0,0.9352392982232434,0.013387734989227714,655666,76.3719165867576,77.35147119026324,0.013387734989227714,0.007828820900650575,TRUE,14,NA,NA,NA,NA,NA,NA,NA,NA,NA,NA,NA,NA,NA,NA,NA,NA,NA,NA,NA,NA,NA,NA,NA,NA,NA,NA,NA,NA,NA,NA,NA,NA,NA,NA,NA,NA,NA,NA,NA,NA,NA,NA,NA,NA,NA,NA,NA,NA,NA,NA,NA,NA,NA,NA,NA,NA,NA,NA,NA,adiposity_to_glycemic_reverse,MR-APSS,CAUSE,UKB,NA,NA,FALSE
t2d_xue__bmi_ukb__raw,t2d_xue,bmi_ukb,raw,MR-PRESSO,FALSE,FALSE,per unit of GWAS beta,0.00866654275203573,0.00634954762996302,-0.003778570602691789,0.02111165610676325,0.176417965776353,75,NA,NA,NA,NA,0.001,40,Outlier-corrected,0.001,NA,NA,115,3507.7609909405205,114,0,0.9675006363619336,3330.5613636036855,0,0.9352392982232434,0.013387734989227714,655666,76.3719165867576,77.35147119026324,0.013387734989227714,0.007828820900650575,TRUE,14,NA,NA,NA,NA,NA,NA,NA,NA,NA,NA,NA,NA,NA,NA,NA,NA,NA,NA,NA,NA,NA,NA,NA,NA,NA,NA,NA,NA,NA,NA,NA,NA,NA,NA,NA,NA,NA,NA,NA,NA,NA,NA,NA,NA,NA,NA,NA,NA,NA,NA,NA,NA,NA,NA,NA,NA,NA,NA,NA,adiposity_to_glycemic_reverse,MR-APSS,CAUSE,UKB,NA,NA,FALSE
t2d_xue__bmi_ukb__raw,t2d_xue,bmi_ukb,raw,MR-RAPS,FALSE,FALSE,per unit of GWAS beta,-0.0012652175163650372,0.011879358600484046,-0.024548760373313765,0.02201832534058369,0.9151812592081101,115,NA,NA,NA,NA,NA,NA,NA,NA,NA,NA,115,3507.7609909405205,114,0,0.9675006363619336,3330.5613636036855,0,0.9352392982232434,0.013387734989227714,655666,76.3719165867576,77.35147119026324,0.013387734989227714,0.007828820900650575,TRUE,14,NA,NA,NA,NA,NA,NA,NA,NA,NA,NA,NA,NA,NA,NA,NA,NA,NA,NA,NA,NA,NA,NA,NA,NA,NA,NA,NA,NA,NA,NA,NA,NA,NA,NA,NA,NA,NA,NA,NA,NA,NA,NA,NA,NA,NA,NA,NA,NA,NA,NA,NA,NA,NA,NA,NA,NA,NA,NA,NA,adiposity_to_glycemic_reverse,MR-APSS,CAUSE,UKB,TRUE,,FALSE
t2d_xue__bmi_ukb__raw,t2d_xue,bmi_ukb,raw,MRBEE,FALSE,FALSE,per unit of GWAS beta,-0.005685165355135878,0.012870249857676194,-0.03091085507618122,0.019540524365909463,0.6586851667750362,115,NA,NA,NA,NA,NA,NA,NA,NA,4,0.1546750478016986,115,3507.7609909405205,114,0,0.9675006363619336,3330.5613636036855,0,0.9352392982232434,0.013387734989227714,655666,76.3719165867576,77.35147119026324,0.013387734989227714,0.007828820900650575,TRUE,14,NA,NA,NA,NA,NA,NA,NA,NA,NA,NA,NA,NA,NA,NA,NA,NA,NA,NA,NA,NA,NA,NA,NA,NA,NA,NA,NA,NA,NA,NA,NA,NA,NA,NA,NA,NA,NA,NA,NA,NA,NA,NA,NA,NA,NA,NA,NA,NA,NA,NA,NA,NA,NA,NA,NA,NA,NA,NA,NA,adiposity_to_glycemic_reverse,MR-APSS,CAUSE,UKB,TRUE,,TRUE
t2d_xue__bmi_ukb__raw,t2d_xue,bmi_ukb,raw,Weighted median,FALSE,FALSE,per unit of GWAS beta,-0.03797705654865783,0.006138860805952692,-0.05000922372832511,-0.025944889368990552,6.157862373569597e-10,115,NA,NA,NA,NA,NA,NA,NA,NA,NA,NA,115,3507.7609909405205,114,0,0.9675006363619336,3330.5613636036855,0,0.9352392982232434,0.013387734989227714,655666,76.3719165867576,77.35147119026324,0.013387734989227714,0.007828820900650575,TRUE,14,NA,NA,NA,NA,NA,NA,NA,NA,NA,NA,NA,NA,NA,NA,NA,NA,NA,NA,NA,NA,NA,NA,NA,NA,NA,NA,NA,NA,NA,NA,NA,NA,NA,NA,NA,NA,NA,NA,NA,NA,NA,NA,NA,NA,NA,NA,NA,NA,NA,NA,NA,NA,NA,NA,NA,NA,NA,NA,NA,adiposity_to_glycemic_reverse,MR-APSS,CAUSE,UKB,NA,NA,FALSE
t2d_xue__bmi_ukb__raw,t2d_xue,bmi_ukb,raw,Weighted mode,FALSE,FALSE,per unit of GWAS beta,-0.039319564271472984,0.005664965432335601,-0.05042289651885076,-0.028216232024095206,2.524269858613924e-10,115,NA,NA,NA,NA,NA,NA,NA,NA,NA,NA,115,3507.7609909405205,114,0,0.9675006363619336,3330.5613636036855,0,0.9352392982232434,0.013387734989227714,655666,76.3719165867576,77.35147119026324,0.013387734989227714,0.007828820900650575,TRUE,14,NA,NA,NA,NA,NA,NA,NA,NA,NA,NA,NA,NA,NA,NA,NA,NA,NA,NA,NA,NA,NA,NA,NA,NA,NA,NA,NA,NA,NA,NA,NA,NA,NA,NA,NA,NA,NA,NA,NA,NA,NA,NA,NA,NA,NA,NA,NA,NA,NA,NA,NA,NA,NA,NA,NA,NA,NA,NA,NA,adiposity_to_glycemic_reverse,MR-APSS,CAUSE,UKB,NA,NA,FALSE
t2d_xue__fatmass_ukb__raw,t2d_xue,fatmass_ukb,raw,MR-APSS,TRUE,FALSE,SD(outcome) per SD(exposure),0.05883127230995691,0.06288167790295762,-0.06441681637984002,0.18207936099975386,0.34949,442,NA,NA,NA,NA,NA,NA,NA,NA,NA,NA,NA,NA,NA,NA,NA,NA,NA,NA,NA,NA,NA,NA,NA,NA,NA,NA,NA,217.0024542845542,0.49095141967209904,5.244060187653343e-7,0.23320571724047445,0.5005655515790266,TRUE,5e-5,1.161489277732126,0.10375819862468237,0.9581232084277485,1.3648553470365035,6.523819034398721e-9,7.577345858318865e-9,3.512452002326175e-8,1.1736689883921576,0.23320571724047445,1.4585154497066277,0.19869803117142046,0.2387489401323123,NA,NA,NA,NA,NA,NA,NA,NA,NA,NA,NA,NA,NA,NA,NA,NA,NA,NA,NA,NA,NA,NA,NA,NA,NA,NA,NA,NA,NA,NA,NA,NA,NA,NA,NA,NA,NA,NA,NA,adiposity_to_glycemic_reverse,MR-APSS,CAUSE,UKB,NA,NA,TRUE
t2d_xue__fatmass_ukb__raw,t2d_xue,fatmass_ukb,raw,CAUSE,FALSE,TRUE,SD(outcome) per SD(exposure),0.11269962856850987,NA,0.03336289085521907,0.18846163415277087,NA,1404,NA,NA,NA,NA,NA,NA,NA,NA,NA,NA,NA,NA,NA,NA,NA,NA,NA,NA,NA,NA,NA,NA,NA,NA,NA,NA,NA,NA,NA,NA,NA,NA,NA,NA,NA,NA,NA,NA,NA,NA,NA,NA,NA,NA,NA,NA,0.025,TRUE,0.6337695692993665,1.9312169762186306,0.03936751560680292,-2.8090810160229585,2.3480748923558985,0.11578319033154583,0.11248844747775937,0.03272529073688592,0.1883002324466347,1.9394301930171989,-0.08058009525273681,2.7835194613674834,0.039555504737399924,0.005770677288187517,0.11663818474167552,0.07247421766242923,-0.0018889191422531955,0.15184464369568496,0.18433394602427206,0.11240461619202124,0.2572980343692107,0.39030181572669626,-0.013236876926159883,0.789082272222132,0.08636676592466982,0.03640400976321256,0.1874565176742216,-2.8090810160229585,2.3480748923558985,,NA,NA,NA,NA,NA,NA,NA,adiposity_to_glycemic_reverse,MR-APSS,CAUSE,UKB,NA,NA,TRUE
t2d_xue__fatmass_ukb__raw,t2d_xue,fatmass_ukb,raw,IVW-FE,FALSE,FALSE,per unit of GWAS beta,0.010045733151705366,0.0028644533416575025,0.004431404602056661,0.01566006170135407,4.5313250095414484e-4,115,NA,NA,NA,NA,NA,NA,NA,NA,NA,NA,115,3125.6185325251263,114,0,0.9635272190724113,3003.859719591113,0,0.9352392982232434,0.013387734989227714,655666,76.3719165867576,77.35147119026324,0.013387734989227714,0.006903952329700925,TRUE,18,NA,NA,NA,NA,NA,NA,NA,NA,NA,NA,NA,NA,NA,NA,NA,NA,NA,NA,NA,NA,NA,NA,NA,NA,NA,NA,NA,NA,NA,NA,NA,NA,NA,NA,NA,NA,NA,NA,NA,NA,NA,NA,NA,NA,NA,NA,NA,NA,NA,NA,NA,NA,NA,NA,NA,NA,NA,NA,NA,adiposity_to_glycemic_reverse,MR-APSS,CAUSE,UKB,NA,NA,FALSE
t2d_xue__fatmass_ukb__raw,t2d_xue,fatmass_ukb,raw,IVW-MRE,FALSE,FALSE,per unit of GWAS beta,0.010045733151705366,0.014998827607625956,-0.01935196895924151,0.03944343526265224,0.5030057644692115,115,5.236191977540453,NA,NA,NA,NA,NA,NA,NA,NA,NA,115,3125.6185325251263,114,0,0.9635272190724113,3003.859719591113,0,0.9352392982232434,0.013387734989227714,655666,76.3719165867576,77.35147119026324,0.013387734989227714,0.006903952329700925,TRUE,18,NA,NA,NA,NA,NA,NA,NA,NA,NA,NA,NA,NA,NA,NA,NA,NA,NA,NA,NA,NA,NA,NA,NA,NA,NA,NA,NA,NA,NA,NA,NA,NA,NA,NA,NA,NA,NA,NA,NA,NA,NA,NA,NA,NA,NA,NA,NA,NA,NA,NA,NA,NA,NA,NA,NA,NA,NA,NA,NA,adiposity_to_glycemic_reverse,MR-APSS,CAUSE,UKB,NA,NA,FALSE
t2d_xue__fatmass_ukb__raw,t2d_xue,fatmass_ukb,raw,MR-APSS (p<5e-8),FALSE,FALSE,SD(outcome) per SD(exposure),-0.12444634587651561,0.06929529671505016,-0.26026512743801394,0.01137243568498271,0.072513,126,NA,NA,NA,NA,NA,NA,NA,NA,NA,NA,NA,NA,NA,NA,NA,NA,NA,NA,NA,NA,NA,NA,NA,NA,NA,NA,NA,92.20472051650594,0.7317843936880144,4.7234905062564756e-7,0.23320571724047445,0.5005655515790266,TRUE,5e-8,1.161489277732126,0.10375819862468237,0.9581232084277485,1.3648553470365035,6.523819034398721e-9,7.577345858318865e-9,3.512452002326175e-8,1.1736689883921576,0.23320571724047445,1.4585154497066277,0.19869803117142046,0.2387489401323123,NA,NA,NA,NA,NA,NA,NA,NA,NA,NA,NA,NA,NA,NA,NA,NA,NA,NA,NA,NA,NA,NA,NA,NA,NA,NA,NA,NA,NA,NA,NA,NA,NA,NA,NA,NA,NA,NA,NA,adiposity_to_glycemic_reverse,MR-APSS,CAUSE,UKB,NA,NA,TRUE
t2d_xue__fatmass_ukb__raw,t2d_xue,fatmass_ukb,raw,MR-Egger,FALSE,FALSE,per unit of GWAS beta,-0.054499466865542835,0.03358078364471464,-0.12031780280918353,0.01131886907809785,0.10738969714564647,115,NA,0.005233729748145533,0.002445466357631844,0.03449089719812519,NA,NA,NA,NA,NA,NA,115,3125.6185325251263,114,0,0.9635272190724113,3003.859719591113,0,0.9352392982232434,0.013387734989227714,655666,76.3719165867576,77.35147119026324,0.013387734989227714,0.006903952329700925,TRUE,18,NA,NA,NA,NA,NA,NA,NA,NA,NA,NA,NA,NA,NA,NA,NA,NA,NA,NA,NA,NA,NA,NA,NA,NA,NA,NA,NA,NA,NA,NA,NA,NA,NA,NA,NA,NA,NA,NA,NA,NA,NA,NA,NA,NA,NA,NA,NA,NA,NA,NA,NA,NA,NA,NA,NA,NA,NA,NA,NA,adiposity_to_glycemic_reverse,MR-APSS,CAUSE,UKB,NA,NA,FALSE
t2d_xue__fatmass_ukb__raw,t2d_xue,fatmass_ukb,raw,MR-PRESSO,FALSE,FALSE,per unit of GWAS beta,0.00514064487827964,0.00642056290866123,-0.00744365842269637,0.01772494817925565,0.425674582439761,82,NA,NA,NA,NA,0.001,33,Outlier-corrected,0.032,NA,NA,115,3125.6185325251263,114,0,0.9635272190724113,3003.859719591113,0,0.9352392982232434,0.013387734989227714,655666,76.3719165867576,77.35147119026324,0.013387734989227714,0.006903952329700925,TRUE,18,NA,NA,NA,NA,NA,NA,NA,NA,NA,NA,NA,NA,NA,NA,NA,NA,NA,NA,NA,NA,NA,NA,NA,NA,NA,NA,NA,NA,NA,NA,NA,NA,NA,NA,NA,NA,NA,NA,NA,NA,NA,NA,NA,NA,NA,NA,NA,NA,NA,NA,NA,NA,NA,NA,NA,NA,NA,NA,NA,adiposity_to_glycemic_reverse,MR-APSS,CAUSE,UKB,NA,NA,FALSE
t2d_xue__fatmass_ukb__raw,t2d_xue,fatmass_ukb,raw,MR-RAPS,FALSE,FALSE,per unit of GWAS beta,-0.010131413727305605,0.011889516376563151,-0.033434865825369385,0.013172038370758173,0.3941419364784172,115,NA,NA,NA,NA,NA,NA,NA,NA,NA,NA,115,3125.6185325251263,114,0,0.9635272190724113,3003.859719591113,0,0.9352392982232434,0.013387734989227714,655666,76.3719165867576,77.35147119026324,0.013387734989227714,0.006903952329700925,TRUE,18,NA,NA,NA,NA,NA,NA,NA,NA,NA,NA,NA,NA,NA,NA,NA,NA,NA,NA,NA,NA,NA,NA,NA,NA,NA,NA,NA,NA,NA,NA,NA,NA,NA,NA,NA,NA,NA,NA,NA,NA,NA,NA,NA,NA,NA,NA,NA,NA,NA,NA,NA,NA,NA,NA,NA,NA,NA,NA,NA,adiposity_to_glycemic_reverse,MR-APSS,CAUSE,UKB,TRUE,,FALSE
t2d_xue__fatmass_ukb__raw,t2d_xue,fatmass_ukb,raw,MRBEE,FALSE,FALSE,per unit of GWAS beta,-0.016505580235492215,0.011448416682178868,-0.038944476932562797,0.005933316461578367,0.14937721468545603,115,NA,NA,NA,NA,NA,NA,NA,NA,5,0.15434838372552023,115,3125.6185325251263,114,0,0.9635272190724113,3003.859719591113,0,0.9352392982232434,0.013387734989227714,655666,76.3719165867576,77.35147119026324,0.013387734989227714,0.006903952329700925,TRUE,18,NA,NA,NA,NA,NA,NA,NA,NA,NA,NA,NA,NA,NA,NA,NA,NA,NA,NA,NA,NA,NA,NA,NA,NA,NA,NA,NA,NA,NA,NA,NA,NA,NA,NA,NA,NA,NA,NA,NA,NA,NA,NA,NA,NA,NA,NA,NA,NA,NA,NA,NA,NA,NA,NA,NA,NA,NA,NA,NA,adiposity_to_glycemic_reverse,MR-APSS,CAUSE,UKB,TRUE,,TRUE
t2d_xue__fatmass_ukb__raw,t2d_xue,fatmass_ukb,raw,Weighted median,FALSE,FALSE,per unit of GWAS beta,-0.02767387455324591,0.006923270753937161,-0.041243485230962745,-0.014104263875529072,6.408923678509704e-5,115,NA,NA,NA,NA,NA,NA,NA,NA,NA,NA,115,3125.6185325251263,114,0,0.9635272190724113,3003.859719591113,0,0.9352392982232434,0.013387734989227714,655666,76.3719165867576,77.35147119026324,0.013387734989227714,0.006903952329700925,TRUE,18,NA,NA,NA,NA,NA,NA,NA,NA,NA,NA,NA,NA,NA,NA,NA,NA,NA,NA,NA,NA,NA,NA,NA,NA,NA,NA,NA,NA,NA,NA,NA,NA,NA,NA,NA,NA,NA,NA,NA,NA,NA,NA,NA,NA,NA,NA,NA,NA,NA,NA,NA,NA,NA,NA,NA,NA,NA,NA,NA,adiposity_to_glycemic_reverse,MR-APSS,CAUSE,UKB,NA,NA,FALSE
t2d_xue__fatmass_ukb__raw,t2d_xue,fatmass_ukb,raw,Weighted mode,FALSE,FALSE,per unit of GWAS beta,-0.03441217256148482,0.0071808079397540905,-0.04848655612340284,-0.020337788999566807,5.012765996734736e-6,115,NA,NA,NA,NA,NA,NA,NA,NA,NA,NA,115,3125.6185325251263,114,0,0.9635272190724113,3003.859719591113,0,0.9352392982232434,0.013387734989227714,655666,76.3719165867576,77.35147119026324,0.013387734989227714,0.006903952329700925,TRUE,18,NA,NA,NA,NA,NA,NA,NA,NA,NA,NA,NA,NA,NA,NA,NA,NA,NA,NA,NA,NA,NA,NA,NA,NA,NA,NA,NA,NA,NA,NA,NA,NA,NA,NA,NA,NA,NA,NA,NA,NA,NA,NA,NA,NA,NA,NA,NA,NA,NA,NA,NA,NA,NA,NA,NA,NA,NA,NA,NA,adiposity_to_glycemic_reverse,MR-APSS,CAUSE,UKB,NA,NA,FALSE
ffm_ukb__fg_dupuis__raw,ffm_ukb,fg_dupuis,raw,MR-APSS,TRUE,FALSE,SD(outcome) per SD(exposure),0.00850679818737561,0.019516298322143424,-0.029745146524025504,0.046758742898776726,0.66292,1802,NA,NA,NA,NA,NA,NA,NA,NA,NA,NA,NA,NA,NA,NA,NA,NA,NA,NA,NA,NA,NA,NA,NA,NA,NA,NA,NA,867.0639430865425,0.4811640372662658,5.7128854840334036e-8,-0.015684317554801087,0.16674979374362617,FALSE,5e-5,0.07235436521673091,0.018375175159010017,0.03633902190507128,0.10836970852839055,4.8958511934437385e-8,3.542362052971962e-9,9.217795603672228e-9,1.4801453860673064,-0.015684317554801087,1.0077970648894468,-0.010596470929436034,-0.03325371534976653,NA,NA,NA,NA,NA,NA,NA,NA,NA,NA,NA,NA,NA,NA,NA,NA,NA,NA,NA,NA,NA,NA,NA,NA,NA,NA,NA,NA,NA,NA,NA,NA,NA,NA,NA,NA,NA,NA,NA,exposure_to_mediator,MR-APSS,CAUSE,none,NA,NA,TRUE
ffm_ukb__fg_dupuis__raw,ffm_ukb,fg_dupuis,raw,CAUSE,FALSE,TRUE,SD(outcome) per SD(exposure),0.01345166437561641,NA,-0.03255439003592374,0.0613481797144463,NA,3943,NA,NA,NA,NA,NA,NA,NA,NA,NA,NA,NA,NA,NA,NA,NA,NA,NA,NA,NA,NA,NA,NA,NA,NA,NA,NA,NA,NA,NA,NA,NA,NA,NA,NA,NA,NA,NA,NA,NA,NA,NA,NA,NA,NA,NA,NA,0.2544019595872801,FALSE,0.029408244863102777,-0.1644003272710352,0.046032722688539196,0.8741321560183284,0.573727785822569,0.9361957776612531,0.013581618453190294,-0.03258164298978926,0.06223605422157598,-0.16587374269735108,-1.0392695091676152,0.6032589466074171,0.04642101097420824,0.0013015100041205247,0.2788272294747365,-0.004520713213574126,-0.050893166742434034,0.0321557907362519,0.007323509939917923,-0.01921087931378271,0.03330013410050196,NA,NA,NA,0.025777657182341575,8.298440497903223e-4,0.20016155104750177,0.8741321560183284,0.573727785822569,gamma + q*eta interval spans 0: fraction not reported,NA,NA,NA,NA,NA,NA,NA,exposure_to_mediator,MR-APSS,CAUSE,none,NA,NA,TRUE
ffm_ukb__fg_dupuis__raw,ffm_ukb,fg_dupuis,raw,IVW-FE,FALSE,FALSE,per unit of GWAS beta,0.011339514252246708,0.021908095986675806,-0.03160035388163787,0.05427938238613128,0.604741084159369,199,NA,NA,NA,NA,NA,NA,NA,NA,NA,NA,199,240.61544169852212,198,0.02079399087204757,0.17711016964537513,240.37927077821846,0.01895053090365107,0.9345926762605915,0.03758403750194797,454850,85.94471885319633,89.2205167461268,0.03758403750194797,0.005194838427924815,TRUE,6,NA,NA,NA,NA,NA,NA,NA,NA,NA,NA,NA,NA,NA,NA,NA,NA,NA,NA,NA,NA,NA,NA,NA,NA,NA,NA,NA,NA,NA,NA,NA,NA,NA,NA,NA,NA,NA,NA,NA,NA,NA,NA,NA,NA,NA,NA,NA,NA,NA,NA,NA,NA,NA,NA,NA,NA,NA,NA,NA,exposure_to_mediator,MR-APSS,CAUSE,none,NA,NA,FALSE
ffm_ukb__fg_dupuis__raw,ffm_ukb,fg_dupuis,raw,IVW-MRE,FALSE,FALSE,per unit of GWAS beta,0.011339514252246708,0.024150926014235442,-0.035996300735654754,0.05867532924014818,0.6386929188605237,199,1.102374484251105,NA,NA,NA,NA,NA,NA,NA,NA,NA,199,240.61544169852212,198,0.02079399087204757,0.17711016964537513,240.37927077821846,0.01895053090365107,0.9345926762605915,0.03758403750194797,454850,85.94471885319633,89.2205167461268,0.03758403750194797,0.005194838427924815,TRUE,6,NA,NA,NA,NA,NA,NA,NA,NA,NA,NA,NA,NA,NA,NA,NA,NA,NA,NA,NA,NA,NA,NA,NA,NA,NA,NA,NA,NA,NA,NA,NA,NA,NA,NA,NA,NA,NA,NA,NA,NA,NA,NA,NA,NA,NA,NA,NA,NA,NA,NA,NA,NA,NA,NA,NA,NA,NA,NA,NA,exposure_to_mediator,MR-APSS,CAUSE,none,NA,NA,FALSE
ffm_ukb__fg_dupuis__raw,ffm_ukb,fg_dupuis,raw,MR-APSS (p<5e-8),FALSE,FALSE,SD(outcome) per SD(exposure),0.008988490651057092,0.021932652535762927,-0.033999508319038245,0.05197648962115243,0.68194,815,NA,NA,NA,NA,NA,NA,NA,NA,NA,NA,NA,NA,NA,NA,NA,NA,NA,NA,NA,NA,NA,NA,NA,NA,NA,NA,NA,484.61823796564374,0.5946416488786409,7.152556599602059e-8,-0.015684317554801087,0.16674979374362617,FALSE,5e-8,0.07235436521673091,0.018375175159010017,0.03633902190507128,0.10836970852839055,4.8958511934437385e-8,3.542362052971962e-9,9.217795603672228e-9,1.4801453860673064,-0.015684317554801087,1.0077970648894468,-0.010596470929436034,-0.03325371534976653,NA,NA,NA,NA,NA,NA,NA,NA,NA,NA,NA,NA,NA,NA,NA,NA,NA,NA,NA,NA,NA,NA,NA,NA,NA,NA,NA,NA,NA,NA,NA,NA,NA,NA,NA,NA,NA,NA,NA,exposure_to_mediator,MR-APSS,CAUSE,none,NA,NA,TRUE
ffm_ukb__fg_dupuis__raw,ffm_ukb,fg_dupuis,raw,MR-Egger,FALSE,FALSE,per unit of GWAS beta,-0.011140076178833296,0.056537580086738884,-0.1219537331488415,0.09967358079117491,0.8440006001820022,199,NA,3.212111848693883e-4,7.301176411644678e-4,0.6604596387882437,NA,NA,NA,NA,NA,NA,199,240.61544169852212,198,0.02079399087204757,0.17711016964537513,240.37927077821846,0.01895053090365107,0.9345926762605915,0.03758403750194797,454850,85.94471885319633,89.2205167461268,0.03758403750194797,0.005194838427924815,TRUE,6,NA,NA,NA,NA,NA,NA,NA,NA,NA,NA,NA,NA,NA,NA,NA,NA,NA,NA,NA,NA,NA,NA,NA,NA,NA,NA,NA,NA,NA,NA,NA,NA,NA,NA,NA,NA,NA,NA,NA,NA,NA,NA,NA,NA,NA,NA,NA,NA,NA,NA,NA,NA,NA,NA,NA,NA,NA,NA,NA,exposure_to_mediator,MR-APSS,CAUSE,none,NA,NA,FALSE
ffm_ukb__fg_dupuis__raw,ffm_ukb,fg_dupuis,raw,MR-PRESSO,FALSE,FALSE,per unit of GWAS beta,0.0151451296868951,0.0236216268180682,-0.031153258876518573,0.061443518250308776,0.522167025624251,198,NA,NA,NA,NA,0.024,1,Outlier-corrected,0.893,NA,NA,199,240.61544169852212,198,0.02079399087204757,0.17711016964537513,240.37927077821846,0.01895053090365107,0.9345926762605915,0.03758403750194797,454850,85.94471885319633,89.2205167461268,0.03758403750194797,0.005194838427924815,TRUE,6,NA,NA,NA,NA,NA,NA,NA,NA,NA,NA,NA,NA,NA,NA,NA,NA,NA,NA,NA,NA,NA,NA,NA,NA,NA,NA,NA,NA,NA,NA,NA,NA,NA,NA,NA,NA,NA,NA,NA,NA,NA,NA,NA,NA,NA,NA,NA,NA,NA,NA,NA,NA,NA,NA,NA,NA,NA,NA,NA,exposure_to_mediator,MR-APSS,CAUSE,none,NA,NA,FALSE
ffm_ukb__fg_dupuis__raw,ffm_ukb,fg_dupuis,raw,MR-RAPS,FALSE,FALSE,per unit of GWAS beta,0.0294357329825867,0.024362824500868373,-0.01831540303911531,0.0771868690042887,0.2269613696459787,199,NA,NA,NA,NA,NA,NA,NA,NA,NA,NA,199,240.61544169852212,198,0.02079399087204757,0.17711016964537513,240.37927077821846,0.01895053090365107,0.9345926762605915,0.03758403750194797,454850,85.94471885319633,89.2205167461268,0.03758403750194797,0.005194838427924815,TRUE,6,NA,NA,NA,NA,NA,NA,NA,NA,NA,NA,NA,NA,NA,NA,NA,NA,NA,NA,NA,NA,NA,NA,NA,NA,NA,NA,NA,NA,NA,NA,NA,NA,NA,NA,NA,NA,NA,NA,NA,NA,NA,NA,NA,NA,NA,NA,NA,NA,NA,NA,NA,NA,NA,NA,NA,NA,NA,NA,NA,exposure_to_mediator,MR-APSS,CAUSE,none,TRUE,,FALSE
ffm_ukb__fg_dupuis__raw,ffm_ukb,fg_dupuis,raw,MRAID,FALSE,FALSE,SD(outcome) per SD(exposure),NA,NA,NA,NA,NA,3569,NA,NA,NA,NA,NA,NA,NA,NA,NA,NA,NA,NA,NA,NA,NA,NA,NA,NA,NA,NA,NA,NA,NA,NA,NA,NA,not run: 3569 candidates > 1000 (pre-specified cap),NA,NA,NA,NA,NA,NA,NA,NA,NA,NA,NA,NA,NA,NA,NA,NA,NA,NA,NA,NA,NA,NA,NA,NA,NA,NA,NA,NA,NA,NA,NA,NA,NA,NA,NA,NA,NA,NA,NA,NA,NA,NA,NA,NA,NA,NA,NA,NA,NA,NA,NA,NA,NA,NA,NA,NA,NA,NA,exposure_to_mediator,MR-APSS,CAUSE,none,NA,NA,FALSE
ffm_ukb__fg_dupuis__raw,ffm_ukb,fg_dupuis,raw,MRBEE,FALSE,FALSE,per unit of GWAS beta,0.01110425527108982,0.02604955683363332,-0.039952876122831486,0.06216138666501112,0.6699080198112315,199,NA,NA,NA,NA,NA,NA,NA,NA,0,0.01108953834598729,199,240.61544169852212,198,0.02079399087204757,0.17711016964537513,240.37927077821846,0.01895053090365107,0.9345926762605915,0.03758403750194797,454850,85.94471885319633,89.2205167461268,0.03758403750194797,0.005194838427924815,TRUE,6,NA,NA,NA,NA,NA,NA,NA,NA,NA,NA,NA,NA,NA,NA,NA,NA,NA,NA,NA,NA,NA,NA,NA,NA,NA,NA,NA,NA,NA,NA,NA,NA,NA,NA,NA,NA,NA,NA,NA,NA,NA,NA,NA,NA,NA,NA,NA,NA,NA,NA,NA,NA,NA,NA,NA,NA,NA,NA,NA,exposure_to_mediator,MR-APSS,CAUSE,none,TRUE,,TRUE
ffm_ukb__fg_dupuis__raw,ffm_ukb,fg_dupuis,raw,Weighted median,FALSE,FALSE,per unit of GWAS beta,9.574909863232294e-4,0.037400062148447565,-0.07234663082463401,0.07426161279728045,0.979575332627574,199,NA,NA,NA,NA,NA,NA,NA,NA,NA,NA,199,240.61544169852212,198,0.02079399087204757,0.17711016964537513,240.37927077821846,0.01895053090365107,0.9345926762605915,0.03758403750194797,454850,85.94471885319633,89.2205167461268,0.03758403750194797,0.005194838427924815,TRUE,6,NA,NA,NA,NA,NA,NA,NA,NA,NA,NA,NA,NA,NA,NA,NA,NA,NA,NA,NA,NA,NA,NA,NA,NA,NA,NA,NA,NA,NA,NA,NA,NA,NA,NA,NA,NA,NA,NA,NA,NA,NA,NA,NA,NA,NA,NA,NA,NA,NA,NA,NA,NA,NA,NA,NA,NA,NA,NA,NA,exposure_to_mediator,MR-APSS,CAUSE,none,NA,NA,FALSE
ffm_ukb__fg_dupuis__raw,ffm_ukb,fg_dupuis,raw,Weighted mode,FALSE,FALSE,per unit of GWAS beta,-0.005244108899926225,0.15362980651324148,-0.3063585296658795,0.2958703118660271,0.9728041164606747,199,NA,NA,NA,NA,NA,NA,NA,NA,NA,NA,199,240.61544169852212,198,0.02079399087204757,0.17711016964537513,240.37927077821846,0.01895053090365107,0.9345926762605915,0.03758403750194797,454850,85.94471885319633,89.2205167461268,0.03758403750194797,0.005194838427924815,TRUE,6,NA,NA,NA,NA,NA,NA,NA,NA,NA,NA,NA,NA,NA,NA,NA,NA,NA,NA,NA,NA,NA,NA,NA,NA,NA,NA,NA,NA,NA,NA,NA,NA,NA,NA,NA,NA,NA,NA,NA,NA,NA,NA,NA,NA,NA,NA,NA,NA,NA,NA,NA,NA,NA,NA,NA,NA,NA,NA,NA,exposure_to_mediator,MR-APSS,CAUSE,none,NA,NA,FALSE
ffm_ukb__fg_manning__raw,ffm_ukb,fg_manning,raw,MR-APSS,TRUE,FALSE,SD(outcome) per SD(exposure),0.04487305351000525,0.017998097443549643,0.009596782520647953,0.08014932449936255,0.012659,1817,NA,NA,NA,NA,NA,NA,NA,NA,NA,NA,NA,NA,NA,NA,NA,NA,NA,NA,NA,NA,NA,NA,NA,NA,NA,NA,NA,863.4901462537349,0.47521662061414593,4.802220421211513e-8,0.020232653282965016,0.160869652980208,TRUE,5e-5,0.08071774804821166,0.016788358889496455,0.04781256462479861,0.11362293147162472,4.9509893624623616e-8,3.99632711948613e-9,1.246469962214928e-8,1.4852708503586758,0.020232653282965016,1.0197934691290915,0.013622197781690163,0.038123293353776705,NA,NA,NA,NA,NA,NA,NA,NA,NA,NA,NA,NA,NA,NA,NA,NA,NA,NA,NA,NA,NA,NA,NA,NA,NA,NA,NA,NA,NA,NA,NA,NA,NA,NA,NA,NA,NA,NA,NA,exposure_to_mediator,MR-APSS,CAUSE,none,NA,NA,TRUE
ffm_ukb__fg_manning__raw,ffm_ukb,fg_manning,raw,CAUSE,FALSE,TRUE,SD(outcome) per SD(exposure),0.030886628268344134,NA,9.440666535664981e-4,0.058755081802443064,NA,4000,NA,NA,NA,NA,NA,NA,NA,NA,NA,NA,NA,NA,NA,NA,NA,NA,NA,NA,NA,NA,NA,NA,NA,NA,NA,NA,NA,NA,NA,NA,NA,NA,NA,NA,NA,NA,NA,NA,NA,NA,NA,NA,NA,NA,NA,NA,0.025,TRUE,0.0706852849718404,-0.01103326197062308,0.031042917233599573,-1.1884290818302325,1.6149263598807082,0.23089487912434378,0.030679888425789528,9.53122196867939e-4,0.0587373321028528,-0.010675043766350355,-0.6291165411332522,0.6153222650090233,0.03137966037197948,7.53307877628208e-4,0.24923271834372063,-1.6490083388322798e-4,-0.01993853157077844,0.0172342859127545,0.029953251281622458,0.00591222960807797,0.054590480571451876,-0.005302587400798408,-0.9240169854183963,0.854641702945286,0.0860917151006154,0.0019073116532503395,0.3242758269805293,-1.1884290818302325,1.6149263598807082,,NA,NA,NA,NA,NA,NA,NA,exposure_to_mediator,MR-APSS,CAUSE,none,NA,NA,TRUE
ffm_ukb__fg_manning__raw,ffm_ukb,fg_manning,raw,IVW-FE,FALSE,FALSE,per unit of GWAS beta,0.07022404007067934,0.018392186882064773,0.03417535378183238,0.1062727263595263,1.3445878392337525e-4,242,NA,NA,NA,NA,NA,NA,NA,NA,NA,NA,242,394.2762931001715,241,1.6610911550220938e-9,0.3887535106282169,391.80571503829736,2.1137667548912584e-9,0.9203173827840928,0.04364075808888442,454850,82.05547663997177,85.72193775558227,0.04364075808888442,0.007036706450405583,TRUE,7,NA,NA,NA,NA,NA,NA,NA,NA,NA,NA,NA,NA,NA,NA,NA,NA,NA,NA,NA,NA,NA,NA,NA,NA,NA,NA,NA,NA,NA,NA,NA,NA,NA,NA,NA,NA,NA,NA,NA,NA,NA,NA,NA,NA,NA,NA,NA,NA,NA,NA,NA,NA,NA,NA,NA,NA,NA,NA,NA,exposure_to_mediator,MR-APSS,CAUSE,none,NA,NA,FALSE
ffm_ukb__fg_manning__raw,ffm_ukb,fg_manning,raw,IVW-MRE,FALSE,FALSE,per unit of GWAS beta,0.07022404007067934,0.023524758958766233,0.024115512511497524,0.11633256762986116,0.002834745177577317,242,1.2790626318454013,NA,NA,NA,NA,NA,NA,NA,NA,NA,242,394.2762931001715,241,1.6610911550220938e-9,0.3887535106282169,391.80571503829736,2.1137667548912584e-9,0.9203173827840928,0.04364075808888442,454850,82.05547663997177,85.72193775558227,0.04364075808888442,0.007036706450405583,TRUE,7,NA,NA,NA,NA,NA,NA,NA,NA,NA,NA,NA,NA,NA,NA,NA,NA,NA,NA,NA,NA,NA,NA,NA,NA,NA,NA,NA,NA,NA,NA,NA,NA,NA,NA,NA,NA,NA,NA,NA,NA,NA,NA,NA,NA,NA,NA,NA,NA,NA,NA,NA,NA,NA,NA,NA,NA,NA,NA,NA,exposure_to_mediator,MR-APSS,CAUSE,none,NA,NA,FALSE
ffm_ukb__fg_manning__raw,ffm_ukb,fg_manning,raw,MR-APSS (p<5e-8),FALSE,FALSE,SD(outcome) per SD(exposure),0.04464538583573623,0.0197289709164649,0.00597660283946503,0.08331416883200743,0.02364,817,NA,NA,NA,NA,NA,NA,NA,NA,NA,NA,NA,NA,NA,NA,NA,NA,NA,NA,NA,NA,NA,NA,NA,NA,NA,NA,NA,497.06462230781716,0.6083949876340766,5.053708260313278e-8,0.020232653282965016,0.160869652980208,TRUE,5e-8,0.08071774804821166,0.016788358889496455,0.04781256462479861,0.11362293147162472,4.9509893624623616e-8,3.99632711948613e-9,1.246469962214928e-8,1.4852708503586758,0.020232653282965016,1.0197934691290915,0.013622197781690163,0.038123293353776705,NA,NA,NA,NA,NA,NA,NA,NA,NA,NA,NA,NA,NA,NA,NA,NA,NA,NA,NA,NA,NA,NA,NA,NA,NA,NA,NA,NA,NA,NA,NA,NA,NA,NA,NA,NA,NA,NA,NA,exposure_to_mediator,MR-APSS,CAUSE,none,NA,NA,TRUE
ffm_ukb__fg_manning__raw,ffm_ukb,fg_manning,raw,MR-Egger,FALSE,FALSE,per unit of GWAS beta,0.13721047482557144,0.0593068804502925,0.02096898914299815,0.2534519605081447,0.021537299407360336,242,NA,-9.228183539213314e-4,7.501475508312174e-4,0.21983322914461112,NA,NA,NA,NA,NA,NA,242,394.2762931001715,241,1.6610911550220938e-9,0.3887535106282169,391.80571503829736,2.1137667548912584e-9,0.9203173827840928,0.04364075808888442,454850,82.05547663997177,85.72193775558227,0.04364075808888442,0.007036706450405583,TRUE,7,NA,NA,NA,NA,NA,NA,NA,NA,NA,NA,NA,NA,NA,NA,NA,NA,NA,NA,NA,NA,NA,NA,NA,NA,NA,NA,NA,NA,NA,NA,NA,NA,NA,NA,NA,NA,NA,NA,NA,NA,NA,NA,NA,NA,NA,NA,NA,NA,NA,NA,NA,NA,NA,NA,NA,NA,NA,NA,NA,exposure_to_mediator,MR-APSS,CAUSE,none,NA,NA,FALSE
ffm_ukb__fg_manning__raw,ffm_ukb,fg_manning,raw,MR-PRESSO,FALSE,FALSE,per unit of GWAS beta,0.0427392918310601,0.0199645790647079,0.003608716864232621,0.08186986679788757,0.0333060065316204,240,NA,NA,NA,NA,0.001,2,Outlier-corrected,0.076,NA,NA,242,394.2762931001715,241,1.6610911550220938e-9,0.3887535106282169,391.80571503829736,2.1137667548912584e-9,0.9203173827840928,0.04364075808888442,454850,82.05547663997177,85.72193775558227,0.04364075808888442,0.007036706450405583,TRUE,7,NA,NA,NA,NA,NA,NA,NA,NA,NA,NA,NA,NA,NA,NA,NA,NA,NA,NA,NA,NA,NA,NA,NA,NA,NA,NA,NA,NA,NA,NA,NA,NA,NA,NA,NA,NA,NA,NA,NA,NA,NA,NA,NA,NA,NA,NA,NA,NA,NA,NA,NA,NA,NA,NA,NA,NA,NA,NA,NA,exposure_to_mediator,MR-APSS,CAUSE,none,NA,NA,FALSE
ffm_ukb__fg_manning__raw,ffm_ukb,fg_manning,raw,MR-RAPS,FALSE,FALSE,per unit of GWAS beta,0.05114804098060337,0.021866568504128162,0.008289566712512172,0.09400651524869456,0.019330375598452715,242,NA,NA,NA,NA,NA,NA,NA,NA,NA,NA,242,394.2762931001715,241,1.6610911550220938e-9,0.3887535106282169,391.80571503829736,2.1137667548912584e-9,0.9203173827840928,0.04364075808888442,454850,82.05547663997177,85.72193775558227,0.04364075808888442,0.007036706450405583,TRUE,7,NA,NA,NA,NA,NA,NA,NA,NA,NA,NA,NA,NA,NA,NA,NA,NA,NA,NA,NA,NA,NA,NA,NA,NA,NA,NA,NA,NA,NA,NA,NA,NA,NA,NA,NA,NA,NA,NA,NA,NA,NA,NA,NA,NA,NA,NA,NA,NA,NA,NA,NA,NA,NA,NA,NA,NA,NA,NA,NA,exposure_to_mediator,MR-APSS,CAUSE,none,TRUE,,FALSE
ffm_ukb__fg_manning__raw,ffm_ukb,fg_manning,raw,MRAID,FALSE,FALSE,SD(outcome) per SD(exposure),NA,NA,NA,NA,NA,3569,NA,NA,NA,NA,NA,NA,NA,NA,NA,NA,NA,NA,NA,NA,NA,NA,NA,NA,NA,NA,NA,NA,NA,NA,NA,NA,not run: 3569 candidates > 1000 (pre-specified cap),NA,NA,NA,NA,NA,NA,NA,NA,NA,NA,NA,NA,NA,NA,NA,NA,NA,NA,NA,NA,NA,NA,NA,NA,NA,NA,NA,NA,NA,NA,NA,NA,NA,NA,NA,NA,NA,NA,NA,NA,NA,NA,NA,NA,NA,NA,NA,NA,NA,NA,NA,NA,NA,NA,NA,NA,NA,NA,exposure_to_mediator,MR-APSS,CAUSE,none,NA,NA,FALSE
ffm_ukb__fg_manning__raw,ffm_ukb,fg_manning,raw,MRBEE,FALSE,FALSE,per unit of GWAS beta,0.04264429492400872,0.020798068139611544,0.0018800813703700944,0.08340850847764736,0.04032571318879238,242,NA,NA,NA,NA,NA,NA,NA,NA,2,0.019563144320108902,242,394.2762931001715,241,1.6610911550220938e-9,0.3887535106282169,391.80571503829736,2.1137667548912584e-9,0.9203173827840928,0.04364075808888442,454850,82.05547663997177,85.72193775558227,0.04364075808888442,0.007036706450405583,TRUE,7,NA,NA,NA,NA,NA,NA,NA,NA,NA,NA,NA,NA,NA,NA,NA,NA,NA,NA,NA,NA,NA,NA,NA,NA,NA,NA,NA,NA,NA,NA,NA,NA,NA,NA,NA,NA,NA,NA,NA,NA,NA,NA,NA,NA,NA,NA,NA,NA,NA,NA,NA,NA,NA,NA,NA,NA,NA,NA,NA,exposure_to_mediator,MR-APSS,CAUSE,none,TRUE,,TRUE
ffm_ukb__fg_manning__raw,ffm_ukb,fg_manning,raw,Weighted median,FALSE,FALSE,per unit of GWAS beta,0.03707951418825175,0.030397956507776415,-0.02250048056699002,0.09665950894349351,0.22253961818288148,242,NA,NA,NA,NA,NA,NA,NA,NA,NA,NA,242,394.2762931001715,241,1.6610911550220938e-9,0.3887535106282169,391.80571503829736,2.1137667548912584e-9,0.9203173827840928,0.04364075808888442,454850,82.05547663997177,85.72193775558227,0.04364075808888442,0.007036706450405583,TRUE,7,NA,NA,NA,NA,NA,NA,NA,NA,NA,NA,NA,NA,NA,NA,NA,NA,NA,NA,NA,NA,NA,NA,NA,NA,NA,NA,NA,NA,NA,NA,NA,NA,NA,NA,NA,NA,NA,NA,NA,NA,NA,NA,NA,NA,NA,NA,NA,NA,NA,NA,NA,NA,NA,NA,NA,NA,NA,NA,NA,exposure_to_mediator,MR-APSS,CAUSE,none,NA,NA,FALSE
ffm_ukb__fg_manning__raw,ffm_ukb,fg_manning,raw,Weighted mode,FALSE,FALSE,per unit of GWAS beta,0.004377809657720192,0.12226795417275405,-0.23526738052087773,0.24402299983631812,0.9714674486143045,242,NA,NA,NA,NA,NA,NA,NA,NA,NA,NA,242,394.2762931001715,241,1.6610911550220938e-9,0.3887535106282169,391.80571503829736,2.1137667548912584e-9,0.9203173827840928,0.04364075808888442,454850,82.05547663997177,85.72193775558227,0.04364075808888442,0.007036706450405583,TRUE,7,NA,NA,NA,NA,NA,NA,NA,NA,NA,NA,NA,NA,NA,NA,NA,NA,NA,NA,NA,NA,NA,NA,NA,NA,NA,NA,NA,NA,NA,NA,NA,NA,NA,NA,NA,NA,NA,NA,NA,NA,NA,NA,NA,NA,NA,NA,NA,NA,NA,NA,NA,NA,NA,NA,NA,NA,NA,NA,NA,exposure_to_mediator,MR-APSS,CAUSE,none,NA,NA,FALSE
ffm_ukb__glu2h_chen__raw,ffm_ukb,glu2h_chen,raw,MR-APSS,TRUE,FALSE,SD(outcome) per SD(exposure),-0.1389757989887869,0.017825070719500378,-0.17391293759900764,-0.10403866037856616,6.3573e-15,1843,NA,NA,NA,NA,NA,NA,NA,NA,NA,NA,NA,NA,NA,NA,NA,NA,NA,NA,NA,NA,NA,NA,NA,NA,NA,NA,NA,863.1085734513587,0.4683017241735971,6.028127396781747e-8,-0.0445596159354163,-0.201906813526618,TRUE,5e-5,-0.08753075673496284,0.016926072688207075,-0.12070585920384871,-0.054355654266076976,5.025813366728393e-8,-4.3991324719842755e-9,9.445517861126436e-9,1.4906466170306878,-0.0445596159354163,1.0146594367315562,-0.029892809889561472,-0.08007001526310617,NA,NA,NA,NA,NA,NA,NA,NA,NA,NA,NA,NA,NA,NA,NA,NA,NA,NA,NA,NA,NA,NA,NA,NA,NA,NA,NA,NA,NA,NA,NA,NA,NA,NA,NA,NA,NA,NA,NA,exposure_to_mediator,MR-APSS,CAUSE,none,NA,NA,TRUE
ffm_ukb__glu2h_chen__raw,ffm_ukb,glu2h_chen,raw,CAUSE,FALSE,TRUE,SD(outcome) per SD(exposure),-0.08394816290144617,NA,-0.11527999045673978,-0.05445766217173052,NA,4072,NA,NA,NA,NA,NA,NA,NA,NA,NA,NA,NA,NA,NA,NA,NA,NA,NA,NA,NA,NA,NA,NA,NA,NA,NA,NA,NA,NA,NA,NA,NA,NA,NA,NA,NA,NA,NA,NA,NA,NA,NA,NA,NA,NA,NA,NA,0.975,TRUE,-0.07406469677837765,-0.023685390085419238,0.033466437658748446,-3.3857475789228,1.6366595722034714,0.019287412708805463,-0.0839289538581107,-0.11536560252495814,-0.054191642572230504,-0.024164782011336282,-0.5809979335405161,0.5892306938872822,0.03365855975161222,8.724353930588362e-4,0.2469687521122534,-4.465433853930998e-4,-0.020922544568886897,0.019035511103757594,-0.08518311224575545,-0.10759667899396214,-0.06204497196290929,0.005278902425954142,-0.22374387686109598,0.24778901084754137,0.3647753842882906,0.20402298292352095,0.5889444292146084,-3.3857475789228,1.6366595722034714,,NA,NA,NA,NA,NA,NA,NA,exposure_to_mediator,MR-APSS,CAUSE,none,NA,NA,TRUE
ffm_ukb__glu2h_chen__raw,ffm_ukb,glu2h_chen,raw,IVW-FE,FALSE,FALSE,per unit of GWAS beta,-0.32967123329992215,0.032781906393401165,-0.3939237698309884,-0.2654186967688559,8.600182952915319e-24,541,NA,NA,NA,NA,NA,NA,NA,NA,NA,NA,541,691.8625867566743,540,9.893112729351116e-6,0.21949819178484334,691.5479811537742,8.99990349036822e-6,0.9329644003064088,0.10046734843692175,454850,84.5020414436254,93.790991633511,0.10046734843692175,0.012507718017520661,TRUE,8,NA,NA,NA,NA,NA,NA,NA,NA,NA,NA,NA,NA,NA,NA,NA,NA,NA,NA,NA,NA,NA,NA,NA,NA,NA,NA,NA,NA,NA,NA,NA,NA,NA,NA,NA,NA,NA,NA,NA,NA,NA,NA,NA,NA,NA,NA,NA,NA,NA,NA,NA,NA,NA,NA,NA,NA,NA,NA,NA,exposure_to_mediator,MR-APSS,CAUSE,none,NA,NA,FALSE
ffm_ukb__glu2h_chen__raw,ffm_ukb,glu2h_chen,raw,IVW-MRE,FALSE,FALSE,per unit of GWAS beta,-0.32967123329992215,0.03710626561967336,-0.4023995139144819,-0.2569429526853624,6.419929519799756e-19,541,1.1319129880482688,NA,NA,NA,NA,NA,NA,NA,NA,NA,541,691.8625867566743,540,9.893112729351116e-6,0.21949819178484334,691.5479811537742,8.99990349036822e-6,0.9329644003064088,0.10046734843692175,454850,84.5020414436254,93.790991633511,0.10046734843692175,0.012507718017520661,TRUE,8,NA,NA,NA,NA,NA,NA,NA,NA,NA,NA,NA,NA,NA,NA,NA,NA,NA,NA,NA,NA,NA,NA,NA,NA,NA,NA,NA,NA,NA,NA,NA,NA,NA,NA,NA,NA,NA,NA,NA,NA,NA,NA,NA,NA,NA,NA,NA,NA,NA,NA,NA,NA,NA,NA,NA,NA,NA,NA,NA,exposure_to_mediator,MR-APSS,CAUSE,none,NA,NA,FALSE
ffm_ukb__glu2h_chen__raw,ffm_ukb,glu2h_chen,raw,MR-APSS (p<5e-8),FALSE,FALSE,SD(outcome) per SD(exposure),-0.13798977632936188,0.01957842995603883,-0.17636349904319798,-0.09961605361552578,1.8144e-12,832,NA,NA,NA,NA,NA,NA,NA,NA,NA,NA,NA,NA,NA,NA,NA,NA,NA,NA,NA,NA,NA,NA,NA,NA,NA,NA,NA,488.6458539434494,0.5872972264708968,6.046513815563793e-8,-0.0445596159354163,-0.201906813526618,TRUE,5e-8,-0.08753075673496284,0.016926072688207075,-0.12070585920384871,-0.054355654266076976,5.025813366728393e-8,-4.3991324719842755e-9,9.445517861126436e-9,1.4906466170306878,-0.0445596159354163,1.0146594367315562,-0.029892809889561472,-0.08007001526310617,NA,NA,NA,NA,NA,NA,NA,NA,NA,NA,NA,NA,NA,NA,NA,NA,NA,NA,NA,NA,NA,NA,NA,NA,NA,NA,NA,NA,NA,NA,NA,NA,NA,NA,NA,NA,NA,NA,NA,exposure_to_mediator,MR-APSS,CAUSE,none,NA,NA,TRUE
ffm_ukb__glu2h_chen__raw,ffm_ukb,glu2h_chen,raw,MR-Egger,FALSE,FALSE,per unit of GWAS beta,-0.36948683060865595,0.0885656662329621,-0.5430755364252616,-0.19589812479205024,3.520586977703117e-5,541,NA,5.920285996963219e-4,0.0011955733808477738,0.6206721709149776,NA,NA,NA,NA,NA,NA,541,691.8625867566743,540,9.893112729351116e-6,0.21949819178484334,691.5479811537742,8.99990349036822e-6,0.9329644003064088,0.10046734843692175,454850,84.5020414436254,93.790991633511,0.10046734843692175,0.012507718017520661,TRUE,8,NA,NA,NA,NA,NA,NA,NA,NA,NA,NA,NA,NA,NA,NA,NA,NA,NA,NA,NA,NA,NA,NA,NA,NA,NA,NA,NA,NA,NA,NA,NA,NA,NA,NA,NA,NA,NA,NA,NA,NA,NA,NA,NA,NA,NA,NA,NA,NA,NA,NA,NA,NA,NA,NA,NA,NA,NA,NA,NA,exposure_to_mediator,MR-APSS,CAUSE,none,NA,NA,FALSE
ffm_ukb__glu2h_chen__raw,ffm_ukb,glu2h_chen,raw,MR-PRESSO,FALSE,FALSE,per unit of GWAS beta,-0.318665043352744,0.0352731392703732,-0.38780039632267543,-0.24952969038281253,2.9845735116737198e-18,537,NA,NA,NA,NA,0.001,4,Outlier-corrected,0.796,NA,NA,541,691.8625867566743,540,9.893112729351116e-6,0.21949819178484334,691.5479811537742,8.99990349036822e-6,0.9329644003064088,0.10046734843692175,454850,84.5020414436254,93.790991633511,0.10046734843692175,0.012507718017520661,TRUE,8,NA,NA,NA,NA,NA,NA,NA,NA,NA,NA,NA,NA,NA,NA,NA,NA,NA,NA,NA,NA,NA,NA,NA,NA,NA,NA,NA,NA,NA,NA,NA,NA,NA,NA,NA,NA,NA,NA,NA,NA,NA,NA,NA,NA,NA,NA,NA,NA,NA,NA,NA,NA,NA,NA,NA,NA,NA,NA,NA,exposure_to_mediator,MR-APSS,CAUSE,none,NA,NA,FALSE
ffm_ukb__glu2h_chen__raw,ffm_ukb,glu2h_chen,raw,MR-RAPS,FALSE,FALSE,per unit of GWAS beta,-0.33020182504213097,0.03804059754491985,-0.4047613962301739,-0.25564225385408806,3.949063870081538e-18,541,NA,NA,NA,NA,NA,NA,NA,NA,NA,NA,541,691.8625867566743,540,9.893112729351116e-6,0.21949819178484334,691.5479811537742,8.99990349036822e-6,0.9329644003064088,0.10046734843692175,454850,84.5020414436254,93.790991633511,0.10046734843692175,0.012507718017520661,TRUE,8,NA,NA,NA,NA,NA,NA,NA,NA,NA,NA,NA,NA,NA,NA,NA,NA,NA,NA,NA,NA,NA,NA,NA,NA,NA,NA,NA,NA,NA,NA,NA,NA,NA,NA,NA,NA,NA,NA,NA,NA,NA,NA,NA,NA,NA,NA,NA,NA,NA,NA,NA,NA,NA,NA,NA,NA,NA,NA,NA,exposure_to_mediator,MR-APSS,CAUSE,none,TRUE,,FALSE
ffm_ukb__glu2h_chen__raw,ffm_ukb,glu2h_chen,raw,MRAID,FALSE,FALSE,SD(outcome) per SD(exposure),NA,NA,NA,NA,NA,3569,NA,NA,NA,NA,NA,NA,NA,NA,NA,NA,NA,NA,NA,NA,NA,NA,NA,NA,NA,NA,NA,NA,NA,NA,NA,NA,not run: 3569 candidates > 1000 (pre-specified cap),NA,NA,NA,NA,NA,NA,NA,NA,NA,NA,NA,NA,NA,NA,NA,NA,NA,NA,NA,NA,NA,NA,NA,NA,NA,NA,NA,NA,NA,NA,NA,NA,NA,NA,NA,NA,NA,NA,NA,NA,NA,NA,NA,NA,NA,NA,NA,NA,NA,NA,NA,NA,NA,NA,NA,NA,NA,NA,exposure_to_mediator,MR-APSS,CAUSE,none,NA,NA,FALSE
ffm_ukb__glu2h_chen__raw,ffm_ukb,glu2h_chen,raw,MRBEE,FALSE,FALSE,per unit of GWAS beta,-0.3260575334920275,0.04169438786973057,-0.4077785337166994,-0.24433653326735555,5.274870757585355e-15,541,NA,NA,NA,NA,NA,NA,NA,NA,2,-0.012464986074904934,541,691.8625867566743,540,9.893112729351116e-6,0.21949819178484334,691.5479811537742,8.99990349036822e-6,0.9329644003064088,0.10046734843692175,454850,84.5020414436254,93.790991633511,0.10046734843692175,0.012507718017520661,TRUE,8,NA,NA,NA,NA,NA,NA,NA,NA,NA,NA,NA,NA,NA,NA,NA,NA,NA,NA,NA,NA,NA,NA,NA,NA,NA,NA,NA,NA,NA,NA,NA,NA,NA,NA,NA,NA,NA,NA,NA,NA,NA,NA,NA,NA,NA,NA,NA,NA,NA,NA,NA,NA,NA,NA,NA,NA,NA,NA,NA,exposure_to_mediator,MR-APSS,CAUSE,none,TRUE,,TRUE
ffm_ukb__glu2h_chen__raw,ffm_ukb,glu2h_chen,raw,Weighted median,FALSE,FALSE,per unit of GWAS beta,-0.26364309584238443,0.05501986996245919,-0.37148204096880444,-0.15580415071596443,1.6530836256176106e-6,541,NA,NA,NA,NA,NA,NA,NA,NA,NA,NA,541,691.8625867566743,540,9.893112729351116e-6,0.21949819178484334,691.5479811537742,8.99990349036822e-6,0.9329644003064088,0.10046734843692175,454850,84.5020414436254,93.790991633511,0.10046734843692175,0.012507718017520661,TRUE,8,NA,NA,NA,NA,NA,NA,NA,NA,NA,NA,NA,NA,NA,NA,NA,NA,NA,NA,NA,NA,NA,NA,NA,NA,NA,NA,NA,NA,NA,NA,NA,NA,NA,NA,NA,NA,NA,NA,NA,NA,NA,NA,NA,NA,NA,NA,NA,NA,NA,NA,NA,NA,NA,NA,NA,NA,NA,NA,NA,exposure_to_mediator,MR-APSS,CAUSE,none,NA,NA,FALSE
ffm_ukb__glu2h_chen__raw,ffm_ukb,glu2h_chen,raw,Weighted mode,FALSE,FALSE,per unit of GWAS beta,-0.10562448724441623,0.3051835916849055,-0.703784326946831,0.4925353524579986,0.7294012687941365,541,NA,NA,NA,NA,NA,NA,NA,NA,NA,NA,541,691.8625867566743,540,9.893112729351116e-6,0.21949819178484334,691.5479811537742,8.99990349036822e-6,0.9329644003064088,0.10046734843692175,454850,84.5020414436254,93.790991633511,0.10046734843692175,0.012507718017520661,TRUE,8,NA,NA,NA,NA,NA,NA,NA,NA,NA,NA,NA,NA,NA,NA,NA,NA,NA,NA,NA,NA,NA,NA,NA,NA,NA,NA,NA,NA,NA,NA,NA,NA,NA,NA,NA,NA,NA,NA,NA,NA,NA,NA,NA,NA,NA,NA,NA,NA,NA,NA,NA,NA,NA,NA,NA,NA,NA,NA,NA,exposure_to_mediator,MR-APSS,CAUSE,none,NA,NA,FALSE
ffm_ukb__t2d_xue__raw,ffm_ukb,t2d_xue,raw,MR-APSS,TRUE,FALSE,SD(outcome) per SD(exposure),0.04169710204157385,0.010541658043549488,0.021035452276216855,0.062358751806930846,7.6388e-5,1729,NA,NA,NA,NA,NA,NA,NA,NA,NA,NA,NA,NA,NA,NA,NA,NA,NA,NA,NA,NA,NA,NA,NA,NA,NA,NA,NA,712.4310316993362,0.4119977125049128,5.3071721358676645e-8,0.18045749082151386,0.24922050774637253,TRUE,5e-5,0.09404189187458638,0.011644153388260723,0.07121935123359537,0.11686443251557739,4.615979541961073e-8,4.3409544898040595e-9,6.572627766323435e-9,1.5868043727937957,0.18045749082151386,1.1699098457179704,0.11372384265855827,0.09472056796782234,NA,NA,NA,NA,NA,NA,NA,NA,NA,NA,NA,NA,NA,NA,NA,NA,NA,NA,NA,NA,NA,NA,NA,NA,NA,NA,NA,NA,NA,NA,NA,NA,NA,NA,NA,NA,NA,NA,NA,exposure_to_mediator,MR-APSS,CAUSE,UKB,NA,NA,TRUE
ffm_ukb__t2d_xue__raw,ffm_ukb,t2d_xue,raw,CAUSE,FALSE,TRUE,SD(outcome) per SD(exposure),0.045137825916890924,NA,0.03158801509229238,0.059380845664861674,NA,3647,NA,NA,NA,NA,NA,NA,NA,NA,NA,NA,NA,NA,NA,NA,NA,NA,NA,NA,NA,NA,NA,NA,NA,NA,NA,NA,NA,NA,NA,NA,NA,NA,NA,NA,NA,NA,NA,NA,NA,NA,NA,NA,NA,NA,NA,NA,0.025,TRUE,0.3892649945545724,0.0023193525042876687,0.0316474537411078,-4.211400278908275,1.3827973322525589,0.0011612147304802785,0.045232730534461627,0.03157773441928576,0.059489227919187364,0.0010865887104044784,-0.26114413305868683,0.2786525068729273,0.031329628277290925,8.532501186631458e-4,0.24198421819299376,1.3458336592519894e-5,-0.008777518369753877,0.009047996757591516,0.045327515481133396,0.03415373064826172,0.05667031091679908,2.8856933276577275e-4,-0.19813729829355542,0.20392927237529043,0.4395118743807337,0.2620235268399354,0.645735618665223,-4.211400278908275,1.3827973322525589,,NA,NA,NA,NA,NA,NA,NA,exposure_to_mediator,MR-APSS,CAUSE,UKB,NA,NA,TRUE
ffm_ukb__t2d_xue__raw,ffm_ukb,t2d_xue,raw,IVW-FE,FALSE,FALSE,per unit of GWAS beta,0.4547996171168988,0.03413831679133042,0.3878885162058912,0.5217107180279065,1.7182045524914995e-40,403,NA,NA,NA,NA,NA,NA,NA,NA,NA,NA,403,2135.9213729291237,402,1.2435743657798365e-233,0.8117908247489878,2134.104123344373,1.1268856187163495e-233,0.9204330300992811,0.07340116549413798,454850,82.87724754550425,89.32817170130669,0.07340116549413798,0.0035280767472823248,TRUE,1,NA,NA,NA,NA,NA,NA,NA,NA,NA,NA,NA,NA,NA,NA,NA,NA,NA,NA,NA,NA,NA,NA,NA,NA,NA,NA,NA,NA,NA,NA,NA,NA,NA,NA,NA,NA,NA,NA,NA,NA,NA,NA,NA,NA,NA,NA,NA,NA,NA,NA,NA,NA,NA,NA,NA,NA,NA,NA,NA,exposure_to_mediator,MR-APSS,CAUSE,UKB,NA,NA,FALSE
ffm_ukb__t2d_xue__raw,ffm_ukb,t2d_xue,raw,IVW-MRE,FALSE,FALSE,per unit of GWAS beta,0.4547996171168988,0.07869039192895722,0.3005664489361427,0.6090327852976549,7.487488586832045e-9,403,2.3050460399073045,NA,NA,NA,NA,NA,NA,NA,NA,NA,403,2135.9213729291237,402,1.2435743657798365e-233,0.8117908247489878,2134.104123344373,1.1268856187163495e-233,0.9204330300992811,0.07340116549413798,454850,82.87724754550425,89.32817170130669,0.07340116549413798,0.0035280767472823248,TRUE,1,NA,NA,NA,NA,NA,NA,NA,NA,NA,NA,NA,NA,NA,NA,NA,NA,NA,NA,NA,NA,NA,NA,NA,NA,NA,NA,NA,NA,NA,NA,NA,NA,NA,NA,NA,NA,NA,NA,NA,NA,NA,NA,NA,NA,NA,NA,NA,NA,NA,NA,NA,NA,NA,NA,NA,NA,NA,NA,NA,exposure_to_mediator,MR-APSS,CAUSE,UKB,NA,NA,FALSE
ffm_ukb__t2d_xue__raw,ffm_ukb,t2d_xue,raw,MR-APSS (p<5e-8),FALSE,FALSE,SD(outcome) per SD(exposure),0.030657053524111782,0.012112700067490517,0.006916161391830367,0.05439794565639319,0.011374,771,NA,NA,NA,NA,NA,NA,NA,NA,NA,NA,NA,NA,NA,NA,NA,NA,NA,NA,NA,NA,NA,NA,NA,NA,NA,NA,NA,420.19542308159896,0.5449683191266359,6.088196566560154e-8,0.18045749082151386,0.24922050774637253,TRUE,5e-8,0.09404189187458638,0.011644153388260723,0.07121935123359537,0.11686443251557739,4.615979541961073e-8,4.3409544898040595e-9,6.572627766323435e-9,1.5868043727937957,0.18045749082151386,1.1699098457179704,0.11372384265855827,0.09472056796782234,NA,NA,NA,NA,NA,NA,NA,NA,NA,NA,NA,NA,NA,NA,NA,NA,NA,NA,NA,NA,NA,NA,NA,NA,NA,NA,NA,NA,NA,NA,NA,NA,NA,NA,NA,NA,NA,NA,NA,exposure_to_mediator,MR-APSS,CAUSE,UKB,NA,NA,TRUE
ffm_ukb__t2d_xue__raw,ffm_ukb,t2d_xue,raw,MR-Egger,FALSE,FALSE,per unit of GWAS beta,0.3465767167821281,0.20125209806090597,-0.047877395417247615,0.7410308289815037,0.08582207862222309,403,NA,0.0015171114729516108,0.0025962458758257323,0.5593146951555148,NA,NA,NA,NA,NA,NA,403,2135.9213729291237,402,1.2435743657798365e-233,0.8117908247489878,2134.104123344373,1.1268856187163495e-233,0.9204330300992811,0.07340116549413798,454850,82.87724754550425,89.32817170130669,0.07340116549413798,0.0035280767472823248,TRUE,1,NA,NA,NA,NA,NA,NA,NA,NA,NA,NA,NA,NA,NA,NA,NA,NA,NA,NA,NA,NA,NA,NA,NA,NA,NA,NA,NA,NA,NA,NA,NA,NA,NA,NA,NA,NA,NA,NA,NA,NA,NA,NA,NA,NA,NA,NA,NA,NA,NA,NA,NA,NA,NA,NA,NA,NA,NA,NA,NA,exposure_to_mediator,MR-APSS,CAUSE,UKB,NA,NA,FALSE
ffm_ukb__t2d_xue__raw,ffm_ukb,t2d_xue,raw,MR-PRESSO,FALSE,FALSE,per unit of GWAS beta,0.44084847280061,0.0599922735838712,0.3232636165762225,0.5584333290249975,1.35723335811086e-12,361,NA,NA,NA,NA,0.001,42,Outlier-corrected,0.788,NA,NA,403,2135.9213729291237,402,1.2435743657798365e-233,0.8117908247489878,2134.104123344373,1.1268856187163495e-233,0.9204330300992811,0.07340116549413798,454850,82.87724754550425,89.32817170130669,0.07340116549413798,0.0035280767472823248,TRUE,1,NA,NA,NA,NA,NA,NA,NA,NA,NA,NA,NA,NA,NA,NA,NA,NA,NA,NA,NA,NA,NA,NA,NA,NA,NA,NA,NA,NA,NA,NA,NA,NA,NA,NA,NA,NA,NA,NA,NA,NA,NA,NA,NA,NA,NA,NA,NA,NA,NA,NA,NA,NA,NA,NA,NA,NA,NA,NA,NA,exposure_to_mediator,MR-APSS,CAUSE,UKB,NA,NA,FALSE
ffm_ukb__t2d_xue__raw,ffm_ukb,t2d_xue,raw,MR-RAPS,FALSE,FALSE,per unit of GWAS beta,0.45547878316326357,0.0727365682751981,0.3129151093438753,0.5980424569826519,3.7999075348338756e-10,403,NA,NA,NA,NA,NA,NA,NA,NA,NA,NA,403,2135.9213729291237,402,1.2435743657798365e-233,0.8117908247489878,2134.104123344373,1.1268856187163495e-233,0.9204330300992811,0.07340116549413798,454850,82.87724754550425,89.32817170130669,0.07340116549413798,0.0035280767472823248,TRUE,1,NA,NA,NA,NA,NA,NA,NA,NA,NA,NA,NA,NA,NA,NA,NA,NA,NA,NA,NA,NA,NA,NA,NA,NA,NA,NA,NA,NA,NA,NA,NA,NA,NA,NA,NA,NA,NA,NA,NA,NA,NA,NA,NA,NA,NA,NA,NA,NA,NA,NA,NA,NA,NA,NA,NA,NA,NA,NA,NA,exposure_to_mediator,MR-APSS,CAUSE,UKB,TRUE,,FALSE
ffm_ukb__t2d_xue__raw,ffm_ukb,t2d_xue,raw,MRBEE,FALSE,FALSE,per unit of GWAS beta,0.40502341298586253,0.08535601875375104,0.2377256162285105,0.5723212097432145,2.0839649750036583e-6,403,NA,NA,NA,NA,NA,NA,NA,NA,5,0.10070252622916592,403,2135.9213729291237,402,1.2435743657798365e-233,0.8117908247489878,2134.104123344373,1.1268856187163495e-233,0.9204330300992811,0.07340116549413798,454850,82.87724754550425,89.32817170130669,0.07340116549413798,0.0035280767472823248,TRUE,1,NA,NA,NA,NA,NA,NA,NA,NA,NA,NA,NA,NA,NA,NA,NA,NA,NA,NA,NA,NA,NA,NA,NA,NA,NA,NA,NA,NA,NA,NA,NA,NA,NA,NA,NA,NA,NA,NA,NA,NA,NA,NA,NA,NA,NA,NA,NA,NA,NA,NA,NA,NA,NA,NA,NA,NA,NA,NA,NA,exposure_to_mediator,MR-APSS,CAUSE,UKB,TRUE,,TRUE
ffm_ukb__t2d_xue__raw,ffm_ukb,t2d_xue,raw,Weighted median,FALSE,FALSE,per unit of GWAS beta,0.3686773608773252,0.06892143709162293,0.23359134417774427,0.5037633775769061,8.832397630105856e-8,403,NA,NA,NA,NA,NA,NA,NA,NA,NA,NA,403,2135.9213729291237,402,1.2435743657798365e-233,0.8117908247489878,2134.104123344373,1.1268856187163495e-233,0.9204330300992811,0.07340116549413798,454850,82.87724754550425,89.32817170130669,0.07340116549413798,0.0035280767472823248,TRUE,1,NA,NA,NA,NA,NA,NA,NA,NA,NA,NA,NA,NA,NA,NA,NA,NA,NA,NA,NA,NA,NA,NA,NA,NA,NA,NA,NA,NA,NA,NA,NA,NA,NA,NA,NA,NA,NA,NA,NA,NA,NA,NA,NA,NA,NA,NA,NA,NA,NA,NA,NA,NA,NA,NA,NA,NA,NA,NA,NA,exposure_to_mediator,MR-APSS,CAUSE,UKB,NA,NA,FALSE
ffm_ukb__t2d_xue__raw,ffm_ukb,t2d_xue,raw,Weighted mode,FALSE,FALSE,per unit of GWAS beta,0.048923872877332006,0.4082174550804341,-0.7511823390803188,0.8490300848349829,0.904663764164717,403,NA,NA,NA,NA,NA,NA,NA,NA,NA,NA,403,2135.9213729291237,402,1.2435743657798365e-233,0.8117908247489878,2134.104123344373,1.1268856187163495e-233,0.9204330300992811,0.07340116549413798,454850,82.87724754550425,89.32817170130669,0.07340116549413798,0.0035280767472823248,TRUE,1,NA,NA,NA,NA,NA,NA,NA,NA,NA,NA,NA,NA,NA,NA,NA,NA,NA,NA,NA,NA,NA,NA,NA,NA,NA,NA,NA,NA,NA,NA,NA,NA,NA,NA,NA,NA,NA,NA,NA,NA,NA,NA,NA,NA,NA,NA,NA,NA,NA,NA,NA,NA,NA,NA,NA,NA,NA,NA,NA,exposure_to_mediator,MR-APSS,CAUSE,UKB,NA,NA,FALSE
leanmass_pei__fg_dupuis__raw,leanmass_pei,fg_dupuis,raw,MR-APSS,TRUE,FALSE,SD(outcome) per SD(exposure),0.02063417093544085,0.015654894541644444,-0.01004942236618226,0.05131776423706396,0.18748,1952,NA,NA,NA,NA,NA,NA,NA,NA,NA,NA,NA,NA,NA,NA,NA,NA,NA,NA,NA,NA,NA,NA,NA,NA,NA,NA,NA,1062.166673346806,0.5441515633915848,4.947597481188299e-8,-0.012776244403465628,0.026905587152009122,FALSE,5e-5,0.01059265792842865,0.015771033847029787,-0.020318568411749734,0.04150388426860703,6.079949705325319e-8,6.440282745056168e-10,9.423775559650318e-9,1.6260140051647105,-0.012776244403465628,1.0066108619422467,-0.007857401204961596,-0.02453280677462704,NA,NA,NA,NA,NA,NA,NA,NA,NA,NA,NA,NA,NA,NA,NA,NA,NA,NA,NA,NA,NA,NA,NA,NA,NA,NA,NA,NA,NA,NA,NA,NA,NA,NA,NA,NA,NA,NA,NA,exposure_to_mediator,MR-APSS,CAUSE,none,NA,NA,TRUE
leanmass_pei__fg_dupuis__raw,leanmass_pei,fg_dupuis,raw,CAUSE,FALSE,TRUE,SD(outcome) per SD(exposure),0.00601514812519365,NA,-0.03685408405039284,0.05071078526833247,NA,4198,NA,NA,NA,NA,NA,NA,NA,NA,NA,NA,NA,NA,NA,NA,NA,NA,NA,NA,NA,NA,NA,NA,NA,NA,NA,NA,NA,NA,NA,NA,NA,NA,NA,NA,NA,NA,NA,NA,NA,NA,NA,NA,NA,NA,NA,NA,0.3755006693250032,FALSE,-0.0012174731330086897,-0.006500740904768812,0.050072163531006415,0.7836267367304273,0.4266308914960766,0.966878749255765,0.005877784630131815,-0.037309079679446806,0.05052459883618596,-0.004756975832557725,-0.555223601467972,0.59273193947917,0.05049006379074621,0.0013492571392256505,0.2954506110517943,-6.539376062546859e-5,-0.03882158538797217,0.037059360321169056,0.005618437685461481,-0.017183868770528903,0.02801639731947737,NA,NA,NA,0.028586875898167746,8.297453616802215e-4,0.1996601262400888,0.7836267367304273,0.4266308914960766,gamma + q*eta interval spans 0: fraction not reported,NA,NA,NA,NA,NA,NA,NA,exposure_to_mediator,MR-APSS,CAUSE,none,NA,NA,TRUE
leanmass_pei__fg_dupuis__raw,leanmass_pei,fg_dupuis,raw,IVW-FE,FALSE,FALSE,per unit of GWAS beta,-0.019080855051360097,0.01354000084808255,-0.0456192567136019,0.007457546610881702,0.15876979694358845,189,NA,NA,NA,NA,NA,NA,NA,NA,NA,NA,189,254.9893642958442,188,8.262881002104187e-4,0.262714346854568,254.6209831310995,7.363831358148833e-4,0.9509275285421466,0.044410781954471915,450243,105.86723169774109,110.667229029556,0.044410781954471915,0.0055417605317345546,TRUE,8,NA,NA,NA,NA,NA,NA,NA,NA,NA,NA,NA,NA,NA,NA,NA,NA,NA,NA,NA,NA,NA,NA,NA,NA,NA,NA,NA,NA,NA,NA,NA,NA,NA,NA,NA,NA,NA,NA,NA,NA,NA,NA,NA,NA,NA,NA,NA,NA,NA,NA,NA,NA,NA,NA,NA,NA,NA,NA,NA,exposure_to_mediator,MR-APSS,CAUSE,none,NA,NA,FALSE
leanmass_pei__fg_dupuis__raw,leanmass_pei,fg_dupuis,raw,IVW-MRE,FALSE,FALSE,per unit of GWAS beta,-0.019080855051360097,0.015768878249652632,-0.04998785642067925,0.011826146317959061,0.22626642512513406,189,1.1646142734094231,NA,NA,NA,NA,NA,NA,NA,NA,NA,189,254.9893642958442,188,8.262881002104187e-4,0.262714346854568,254.6209831310995,7.363831358148833e-4,0.9509275285421466,0.044410781954471915,450243,105.86723169774109,110.667229029556,0.044410781954471915,0.0055417605317345546,TRUE,8,NA,NA,NA,NA,NA,NA,NA,NA,NA,NA,NA,NA,NA,NA,NA,NA,NA,NA,NA,NA,NA,NA,NA,NA,NA,NA,NA,NA,NA,NA,NA,NA,NA,NA,NA,NA,NA,NA,NA,NA,NA,NA,NA,NA,NA,NA,NA,NA,NA,NA,NA,NA,NA,NA,NA,NA,NA,NA,NA,exposure_to_mediator,MR-APSS,CAUSE,none,NA,NA,FALSE
leanmass_pei__fg_dupuis__raw,leanmass_pei,fg_dupuis,raw,MR-APSS (p<5e-8),FALSE,FALSE,SD(outcome) per SD(exposure),0.019002101024308965,0.0165168145412077,-0.01337085547645813,0.05137505752507606,0.24995,1010,NA,NA,NA,NA,NA,NA,NA,NA,NA,NA,NA,NA,NA,NA,NA,NA,NA,NA,NA,NA,NA,NA,NA,NA,NA,NA,NA,689.6033421670006,0.6827956025548184,4.63841146697768e-8,-0.012776244403465628,0.026905587152009122,FALSE,5e-8,0.01059265792842865,0.015771033847029787,-0.020318568411749734,0.04150388426860703,6.079949705325319e-8,6.440282745056168e-10,9.423775559650318e-9,1.6260140051647105,-0.012776244403465628,1.0066108619422467,-0.007857401204961596,-0.02453280677462704,NA,NA,NA,NA,NA,NA,NA,NA,NA,NA,NA,NA,NA,NA,NA,NA,NA,NA,NA,NA,NA,NA,NA,NA,NA,NA,NA,NA,NA,NA,NA,NA,NA,NA,NA,NA,NA,NA,NA,exposure_to_mediator,MR-APSS,CAUSE,none,NA,NA,TRUE
leanmass_pei__fg_dupuis__raw,leanmass_pei,fg_dupuis,raw,MR-Egger,FALSE,FALSE,per unit of GWAS beta,-0.0024284830035583155,0.03570136095901468,-0.0724031504832271,0.06754618447611047,0.9458406860279487,189,NA,-4.0043683120042555e-4,7.698597240885849e-4,0.6035794225525553,NA,NA,NA,NA,NA,NA,189,254.9893642958442,188,8.262881002104187e-4,0.262714346854568,254.6209831310995,7.363831358148833e-4,0.9509275285421466,0.044410781954471915,450243,105.86723169774109,110.667229029556,0.044410781954471915,0.0055417605317345546,TRUE,8,NA,NA,NA,NA,NA,NA,NA,NA,NA,NA,NA,NA,NA,NA,NA,NA,NA,NA,NA,NA,NA,NA,NA,NA,NA,NA,NA,NA,NA,NA,NA,NA,NA,NA,NA,NA,NA,NA,NA,NA,NA,NA,NA,NA,NA,NA,NA,NA,NA,NA,NA,NA,NA,NA,NA,NA,NA,NA,NA,exposure_to_mediator,MR-APSS,CAUSE,none,NA,NA,FALSE
leanmass_pei__fg_dupuis__raw,leanmass_pei,fg_dupuis,raw,MR-PRESSO,FALSE,FALSE,per unit of GWAS beta,-0.0229479556397699,0.0153391785530953,-0.05301274560383669,0.00711683432429689,0.136330190092187,188,NA,NA,NA,NA,0.001,1,Outlier-corrected,0.838,NA,NA,189,254.9893642958442,188,8.262881002104187e-4,0.262714346854568,254.6209831310995,7.363831358148833e-4,0.9509275285421466,0.044410781954471915,450243,105.86723169774109,110.667229029556,0.044410781954471915,0.0055417605317345546,TRUE,8,NA,NA,NA,NA,NA,NA,NA,NA,NA,NA,NA,NA,NA,NA,NA,NA,NA,NA,NA,NA,NA,NA,NA,NA,NA,NA,NA,NA,NA,NA,NA,NA,NA,NA,NA,NA,NA,NA,NA,NA,NA,NA,NA,NA,NA,NA,NA,NA,NA,NA,NA,NA,NA,NA,NA,NA,NA,NA,NA,exposure_to_mediator,MR-APSS,CAUSE,none,NA,NA,FALSE
leanmass_pei__fg_dupuis__raw,leanmass_pei,fg_dupuis,raw,MR-RAPS,FALSE,FALSE,per unit of GWAS beta,-0.02163924854196569,0.016099947376645565,-0.053195145400191005,0.00991664831625962,0.17892992399560256,189,NA,NA,NA,NA,NA,NA,NA,NA,NA,NA,189,254.9893642958442,188,8.262881002104187e-4,0.262714346854568,254.6209831310995,7.363831358148833e-4,0.9509275285421466,0.044410781954471915,450243,105.86723169774109,110.667229029556,0.044410781954471915,0.0055417605317345546,TRUE,8,NA,NA,NA,NA,NA,NA,NA,NA,NA,NA,NA,NA,NA,NA,NA,NA,NA,NA,NA,NA,NA,NA,NA,NA,NA,NA,NA,NA,NA,NA,NA,NA,NA,NA,NA,NA,NA,NA,NA,NA,NA,NA,NA,NA,NA,NA,NA,NA,NA,NA,NA,NA,NA,NA,NA,NA,NA,NA,NA,exposure_to_mediator,MR-APSS,CAUSE,none,TRUE,,FALSE
leanmass_pei__fg_dupuis__raw,leanmass_pei,fg_dupuis,raw,MRAID,FALSE,FALSE,SD(outcome) per SD(exposure),NA,NA,NA,NA,NA,5304,NA,NA,NA,NA,NA,NA,NA,NA,NA,NA,NA,NA,NA,NA,NA,NA,NA,NA,NA,NA,NA,NA,NA,NA,NA,NA,not run: 5304 candidates > 1000 (pre-specified cap),NA,NA,NA,NA,NA,NA,NA,NA,NA,NA,NA,NA,NA,NA,NA,NA,NA,NA,NA,NA,NA,NA,NA,NA,NA,NA,NA,NA,NA,NA,NA,NA,NA,NA,NA,NA,NA,NA,NA,NA,NA,NA,NA,NA,NA,NA,NA,NA,NA,NA,NA,NA,NA,NA,NA,NA,NA,NA,exposure_to_mediator,MR-APSS,CAUSE,none,NA,NA,FALSE
leanmass_pei__fg_dupuis__raw,leanmass_pei,fg_dupuis,raw,MRBEE,FALSE,FALSE,per unit of GWAS beta,-0.01931396439919716,0.017972380786064685,-0.05453983073988394,0.015911901941489618,0.28253281818205284,189,NA,NA,NA,NA,NA,NA,NA,NA,0,0.0028693960941413915,189,254.9893642958442,188,8.262881002104187e-4,0.262714346854568,254.6209831310995,7.363831358148833e-4,0.9509275285421466,0.044410781954471915,450243,105.86723169774109,110.667229029556,0.044410781954471915,0.0055417605317345546,TRUE,8,NA,NA,NA,NA,NA,NA,NA,NA,NA,NA,NA,NA,NA,NA,NA,NA,NA,NA,NA,NA,NA,NA,NA,NA,NA,NA,NA,NA,NA,NA,NA,NA,NA,NA,NA,NA,NA,NA,NA,NA,NA,NA,NA,NA,NA,NA,NA,NA,NA,NA,NA,NA,NA,NA,NA,NA,NA,NA,NA,exposure_to_mediator,MR-APSS,CAUSE,none,TRUE,,TRUE
leanmass_pei__fg_dupuis__raw,leanmass_pei,fg_dupuis,raw,Weighted median,FALSE,FALSE,per unit of GWAS beta,-0.03772615338406257,0.023403513903481405,-0.08359704063488613,0.008144733866760984,0.1069648317169746,189,NA,NA,NA,NA,NA,NA,NA,NA,NA,NA,189,254.9893642958442,188,8.262881002104187e-4,0.262714346854568,254.6209831310995,7.363831358148833e-4,0.9509275285421466,0.044410781954471915,450243,105.86723169774109,110.667229029556,0.044410781954471915,0.0055417605317345546,TRUE,8,NA,NA,NA,NA,NA,NA,NA,NA,NA,NA,NA,NA,NA,NA,NA,NA,NA,NA,NA,NA,NA,NA,NA,NA,NA,NA,NA,NA,NA,NA,NA,NA,NA,NA,NA,NA,NA,NA,NA,NA,NA,NA,NA,NA,NA,NA,NA,NA,NA,NA,NA,NA,NA,NA,NA,NA,NA,NA,NA,exposure_to_mediator,MR-APSS,CAUSE,none,NA,NA,FALSE
leanmass_pei__fg_dupuis__raw,leanmass_pei,fg_dupuis,raw,Weighted mode,FALSE,FALSE,per unit of GWAS beta,-0.07579763788980444,0.11127342636814969,-0.2938935535713778,0.14229827779176896,0.4965934850090191,189,NA,NA,NA,NA,NA,NA,NA,NA,NA,NA,189,254.9893642958442,188,8.262881002104187e-4,0.262714346854568,254.6209831310995,7.363831358148833e-4,0.9509275285421466,0.044410781954471915,450243,105.86723169774109,110.667229029556,0.044410781954471915,0.0055417605317345546,TRUE,8,NA,NA,NA,NA,NA,NA,NA,NA,NA,NA,NA,NA,NA,NA,NA,NA,NA,NA,NA,NA,NA,NA,NA,NA,NA,NA,NA,NA,NA,NA,NA,NA,NA,NA,NA,NA,NA,NA,NA,NA,NA,NA,NA,NA,NA,NA,NA,NA,NA,NA,NA,NA,NA,NA,NA,NA,NA,NA,NA,exposure_to_mediator,MR-APSS,CAUSE,none,NA,NA,FALSE
leanmass_pei__fg_manning__raw,leanmass_pei,fg_manning,raw,MR-APSS,TRUE,FALSE,SD(outcome) per SD(exposure),0.03188286773181402,0.014540863244704615,0.0033827757721929773,0.06038295969143506,0.028333,1966,NA,NA,NA,NA,NA,NA,NA,NA,NA,NA,NA,NA,NA,NA,NA,NA,NA,NA,NA,NA,NA,NA,NA,NA,NA,NA,NA,1067.1433709000364,0.5428186581233054,4.909684708199315e-8,0.00954722110954983,0.01992655681447833,FALSE,5e-5,0.008950008484502909,0.015378001321869004,-0.02119087410636034,0.03909089107536616,6.100591665875359e-8,5.460034717007219e-10,1.2307060274140602e-8,1.6435852628311824,0.00954722110954983,1.0212162788870767,0.005808777509421156,0.016173996949618692,NA,NA,NA,NA,NA,NA,NA,NA,NA,NA,NA,NA,NA,NA,NA,NA,NA,NA,NA,NA,NA,NA,NA,NA,NA,NA,NA,NA,NA,NA,NA,NA,NA,NA,NA,NA,NA,NA,NA,exposure_to_mediator,MR-APSS,CAUSE,none,NA,NA,TRUE
leanmass_pei__fg_manning__raw,leanmass_pei,fg_manning,raw,CAUSE,FALSE,TRUE,SD(outcome) per SD(exposure),0.0041698690068438776,NA,-0.025667480826793296,0.035915684679740476,NA,4224,NA,NA,NA,NA,NA,NA,NA,NA,NA,NA,NA,NA,NA,NA,NA,NA,NA,NA,NA,NA,NA,NA,NA,NA,NA,NA,NA,NA,NA,NA,NA,NA,NA,NA,NA,NA,NA,NA,NA,NA,NA,NA,NA,NA,NA,NA,0.37734358614714275,FALSE,0.007944428061287367,0.009001585408815859,0.039677417552451015,0.7201785160754914,0.29937298655407485,0.9919275400682499,0.004131307920008656,-0.026197066859843132,0.03628200434378221,0.005893856625861211,-0.5710753023226204,0.5211474700428369,0.03922441547426085,9.9565482550216e-4,0.27085080052532257,8.604416975816216e-5,-0.02604123670788366,0.025314405695368473,0.004655283818351928,-0.015789309728566615,0.024952685100498057,NA,NA,NA,0.027038167703109687,7.580678219952456e-4,0.20521785269298462,0.7201785160754914,0.29937298655407485,gamma + q*eta interval spans 0: fraction not reported,NA,NA,NA,NA,NA,NA,NA,exposure_to_mediator,MR-APSS,CAUSE,none,NA,NA,TRUE
leanmass_pei__fg_manning__raw,leanmass_pei,fg_manning,raw,IVW-FE,FALSE,FALSE,per unit of GWAS beta,0.03033090978741346,0.011430620861563549,0.007926892898748907,0.052734926676078014,0.00796667818622462,236,NA,NA,NA,NA,NA,NA,NA,NA,NA,NA,236,428.4968505009514,235,1.8902949105681745e-13,0.4515712315615299,426.51742216494125,2.194876489515025e-13,0.9329507366156365,0.05097724929004706,450243,97.296797157782,102.42502414183129,0.05097724929004706,0.007496249117658229,TRUE,3,NA,NA,NA,NA,NA,NA,NA,NA,NA,NA,NA,NA,NA,NA,NA,NA,NA,NA,NA,NA,NA,NA,NA,NA,NA,NA,NA,NA,NA,NA,NA,NA,NA,NA,NA,NA,NA,NA,NA,NA,NA,NA,NA,NA,NA,NA,NA,NA,NA,NA,NA,NA,NA,NA,NA,NA,NA,NA,NA,exposure_to_mediator,MR-APSS,CAUSE,none,NA,NA,FALSE
leanmass_pei__fg_manning__raw,leanmass_pei,fg_manning,raw,IVW-MRE,FALSE,FALSE,per unit of GWAS beta,0.03033090978741346,0.015435109185718603,7.809578340500084e-5,0.06058372379142192,0.0494073375229916,236,1.3503299053177849,NA,NA,NA,NA,NA,NA,NA,NA,NA,236,428.4968505009514,235,1.8902949105681745e-13,0.4515712315615299,426.51742216494125,2.194876489515025e-13,0.9329507366156365,0.05097724929004706,450243,97.296797157782,102.42502414183129,0.05097724929004706,0.007496249117658229,TRUE,3,NA,NA,NA,NA,NA,NA,NA,NA,NA,NA,NA,NA,NA,NA,NA,NA,NA,NA,NA,NA,NA,NA,NA,NA,NA,NA,NA,NA,NA,NA,NA,NA,NA,NA,NA,NA,NA,NA,NA,NA,NA,NA,NA,NA,NA,NA,NA,NA,NA,NA,NA,NA,NA,NA,NA,NA,NA,NA,NA,exposure_to_mediator,MR-APSS,CAUSE,none,NA,NA,FALSE
leanmass_pei__fg_manning__raw,leanmass_pei,fg_manning,raw,MR-APSS (p<5e-8),FALSE,FALSE,SD(outcome) per SD(exposure),0.03098236209690753,0.015353555592312516,8.893931359749974e-4,0.06107533105784006,0.043599,1020,NA,NA,NA,NA,NA,NA,NA,NA,NA,NA,NA,NA,NA,NA,NA,NA,NA,NA,NA,NA,NA,NA,NA,NA,NA,NA,NA,690.1037599744922,0.6765504865018789,4.746366536223619e-8,0.00954722110954983,0.01992655681447833,FALSE,5e-8,0.008950008484502909,0.015378001321869004,-0.02119087410636034,0.03909089107536616,6.100591665875359e-8,5.460034717007219e-10,1.2307060274140602e-8,1.6435852628311824,0.00954722110954983,1.0212162788870767,0.005808777509421156,0.016173996949618692,NA,NA,NA,NA,NA,NA,NA,NA,NA,NA,NA,NA,NA,NA,NA,NA,NA,NA,NA,NA,NA,NA,NA,NA,NA,NA,NA,NA,NA,NA,NA,NA,NA,NA,NA,NA,NA,NA,NA,exposure_to_mediator,MR-APSS,CAUSE,none,NA,NA,TRUE
leanmass_pei__fg_manning__raw,leanmass_pei,fg_manning,raw,MR-Egger,FALSE,FALSE,per unit of GWAS beta,0.06744898952333128,0.03881798027643837,-0.008634251818487912,0.1435322308651505,0.0836021403126937,236,NA,-8.4111547016874e-4,8.071350154066526e-4,0.2984407265641152,NA,NA,NA,NA,NA,NA,236,428.4968505009514,235,1.8902949105681745e-13,0.4515712315615299,426.51742216494125,2.194876489515025e-13,0.9329507366156365,0.05097724929004706,450243,97.296797157782,102.42502414183129,0.05097724929004706,0.007496249117658229,TRUE,3,NA,NA,NA,NA,NA,NA,NA,NA,NA,NA,NA,NA,NA,NA,NA,NA,NA,NA,NA,NA,NA,NA,NA,NA,NA,NA,NA,NA,NA,NA,NA,NA,NA,NA,NA,NA,NA,NA,NA,NA,NA,NA,NA,NA,NA,NA,NA,NA,NA,NA,NA,NA,NA,NA,NA,NA,NA,NA,NA,exposure_to_mediator,MR-APSS,CAUSE,none,NA,NA,FALSE
leanmass_pei__fg_manning__raw,leanmass_pei,fg_manning,raw,MR-PRESSO,FALSE,FALSE,per unit of GWAS beta,0.0181953913517962,0.0133906534115151,-0.008050289334773395,0.044441072038365795,0.175519838443656,234,NA,NA,NA,NA,0.001,2,Outlier-corrected,0.182,NA,NA,236,428.4968505009514,235,1.8902949105681745e-13,0.4515712315615299,426.51742216494125,2.194876489515025e-13,0.9329507366156365,0.05097724929004706,450243,97.296797157782,102.42502414183129,0.05097724929004706,0.007496249117658229,TRUE,3,NA,NA,NA,NA,NA,NA,NA,NA,NA,NA,NA,NA,NA,NA,NA,NA,NA,NA,NA,NA,NA,NA,NA,NA,NA,NA,NA,NA,NA,NA,NA,NA,NA,NA,NA,NA,NA,NA,NA,NA,NA,NA,NA,NA,NA,NA,NA,NA,NA,NA,NA,NA,NA,NA,NA,NA,NA,NA,NA,exposure_to_mediator,MR-APSS,CAUSE,none,NA,NA,FALSE
leanmass_pei__fg_manning__raw,leanmass_pei,fg_manning,raw,MR-RAPS,FALSE,FALSE,per unit of GWAS beta,0.016619987525196504,0.015108306662121627,-0.012992293532561885,0.04623226858295489,0.2713076040551198,236,NA,NA,NA,NA,NA,NA,NA,NA,NA,NA,236,428.4968505009514,235,1.8902949105681745e-13,0.4515712315615299,426.51742216494125,2.194876489515025e-13,0.9329507366156365,0.05097724929004706,450243,97.296797157782,102.42502414183129,0.05097724929004706,0.007496249117658229,TRUE,3,NA,NA,NA,NA,NA,NA,NA,NA,NA,NA,NA,NA,NA,NA,NA,NA,NA,NA,NA,NA,NA,NA,NA,NA,NA,NA,NA,NA,NA,NA,NA,NA,NA,NA,NA,NA,NA,NA,NA,NA,NA,NA,NA,NA,NA,NA,NA,NA,NA,NA,NA,NA,NA,NA,NA,NA,NA,NA,NA,exposure_to_mediator,MR-APSS,CAUSE,none,TRUE,,FALSE
leanmass_pei__fg_manning__raw,leanmass_pei,fg_manning,raw,MRAID,FALSE,FALSE,SD(outcome) per SD(exposure),NA,NA,NA,NA,NA,5304,NA,NA,NA,NA,NA,NA,NA,NA,NA,NA,NA,NA,NA,NA,NA,NA,NA,NA,NA,NA,NA,NA,NA,NA,NA,NA,not run: 5304 candidates > 1000 (pre-specified cap),NA,NA,NA,NA,NA,NA,NA,NA,NA,NA,NA,NA,NA,NA,NA,NA,NA,NA,NA,NA,NA,NA,NA,NA,NA,NA,NA,NA,NA,NA,NA,NA,NA,NA,NA,NA,NA,NA,NA,NA,NA,NA,NA,NA,NA,NA,NA,NA,NA,NA,NA,NA,NA,NA,NA,NA,NA,NA,exposure_to_mediator,MR-APSS,CAUSE,none,NA,NA,FALSE
leanmass_pei__fg_manning__raw,leanmass_pei,fg_manning,raw,MRBEE,FALSE,FALSE,per unit of GWAS beta,0.01667588663572572,0.014909768172214163,-0.012547258981814042,0.045899032253265484,0.2633732343885991,236,NA,NA,NA,NA,NA,NA,NA,NA,1,4.575856444679714e-4,236,428.4968505009514,235,1.8902949105681745e-13,0.4515712315615299,426.51742216494125,2.194876489515025e-13,0.9329507366156365,0.05097724929004706,450243,97.296797157782,102.42502414183129,0.05097724929004706,0.007496249117658229,TRUE,3,NA,NA,NA,NA,NA,NA,NA,NA,NA,NA,NA,NA,NA,NA,NA,NA,NA,NA,NA,NA,NA,NA,NA,NA,NA,NA,NA,NA,NA,NA,NA,NA,NA,NA,NA,NA,NA,NA,NA,NA,NA,NA,NA,NA,NA,NA,NA,NA,NA,NA,NA,NA,NA,NA,NA,NA,NA,NA,NA,exposure_to_mediator,MR-APSS,CAUSE,none,TRUE,warnings: There are ties in the input 'pvalues' and their ranks are determined using the 'random' ties method.,TRUE
leanmass_pei__fg_manning__raw,leanmass_pei,fg_manning,raw,Weighted median,FALSE,FALSE,per unit of GWAS beta,0.01251153994650284,0.020198342923878315,-0.02707721218429866,0.052100292077304336,0.5356305017318629,236,NA,NA,NA,NA,NA,NA,NA,NA,NA,NA,236,428.4968505009514,235,1.8902949105681745e-13,0.4515712315615299,426.51742216494125,2.194876489515025e-13,0.9329507366156365,0.05097724929004706,450243,97.296797157782,102.42502414183129,0.05097724929004706,0.007496249117658229,TRUE,3,NA,NA,NA,NA,NA,NA,NA,NA,NA,NA,NA,NA,NA,NA,NA,NA,NA,NA,NA,NA,NA,NA,NA,NA,NA,NA,NA,NA,NA,NA,NA,NA,NA,NA,NA,NA,NA,NA,NA,NA,NA,NA,NA,NA,NA,NA,NA,NA,NA,NA,NA,NA,NA,NA,NA,NA,NA,NA,NA,exposure_to_mediator,MR-APSS,CAUSE,none,NA,NA,FALSE
leanmass_pei__fg_manning__raw,leanmass_pei,fg_manning,raw,Weighted mode,FALSE,FALSE,per unit of GWAS beta,-0.038598400839176025,0.08701440794446594,-0.20914664041032927,0.1319498387319772,0.6577498302430922,236,NA,NA,NA,NA,NA,NA,NA,NA,NA,NA,236,428.4968505009514,235,1.8902949105681745e-13,0.4515712315615299,426.51742216494125,2.194876489515025e-13,0.9329507366156365,0.05097724929004706,450243,97.296797157782,102.42502414183129,0.05097724929004706,0.007496249117658229,TRUE,3,NA,NA,NA,NA,NA,NA,NA,NA,NA,NA,NA,NA,NA,NA,NA,NA,NA,NA,NA,NA,NA,NA,NA,NA,NA,NA,NA,NA,NA,NA,NA,NA,NA,NA,NA,NA,NA,NA,NA,NA,NA,NA,NA,NA,NA,NA,NA,NA,NA,NA,NA,NA,NA,NA,NA,NA,NA,NA,NA,exposure_to_mediator,MR-APSS,CAUSE,none,NA,NA,FALSE
leanmass_pei__glu2h_chen__raw,leanmass_pei,glu2h_chen,raw,MR-APSS,TRUE,FALSE,SD(outcome) per SD(exposure),-0.0780096217239363,0.014123777022955574,-0.10569222468892922,-0.05032701875894338,3.3272e-8,1990,NA,NA,NA,NA,NA,NA,NA,NA,NA,NA,NA,NA,NA,NA,NA,NA,NA,NA,NA,NA,NA,NA,NA,NA,NA,NA,NA,1045.1861181492316,0.5252049103323339,5.485562286179819e-8,-0.032553920170123166,-0.1978042164371657,TRUE,5e-5,-0.07768061131318361,0.014303640449915292,-0.10571574659501759,-0.04964547603134964,6.215248070082095e-8,-4.828042695470618e-9,9.585453106211585e-9,1.6433171442112728,-0.032553920170123166,1.01391628457401,-0.0198098828852344,-0.052792771784234714,NA,NA,NA,NA,NA,NA,NA,NA,NA,NA,NA,NA,NA,NA,NA,NA,NA,NA,NA,NA,NA,NA,NA,NA,NA,NA,NA,NA,NA,NA,NA,NA,NA,NA,NA,NA,NA,NA,NA,exposure_to_mediator,MR-APSS,CAUSE,none,NA,NA,TRUE
leanmass_pei__glu2h_chen__raw,leanmass_pei,glu2h_chen,raw,CAUSE,FALSE,TRUE,SD(outcome) per SD(exposure),-0.06591460248744503,NA,-0.0903386024139722,-0.041555960389401146,NA,4293,NA,NA,NA,NA,NA,NA,NA,NA,NA,NA,NA,NA,NA,NA,NA,NA,NA,NA,NA,NA,NA,NA,NA,NA,NA,NA,NA,NA,NA,NA,NA,NA,NA,NA,NA,NA,NA,NA,NA,NA,NA,NA,NA,NA,NA,NA,0.975,TRUE,-0.07359139260720073,0.014151028877225823,0.026660611320026326,-3.828163087999742,1.4714412649264998,0.004638935164262467,-0.06583680530535527,-0.0896546169345614,-0.04092808459817723,0.014449089080221595,-0.48542262145079673,0.7950632156092404,0.02658967899514507,6.645628778728021e-4,0.22090956795751282,2.2994067796168347e-4,-0.011454863980838108,0.014317357908208506,-0.06530187317525332,-0.084440985589114,-0.045030512137500985,-0.0034624386841629693,-0.23251271128670117,0.18230042144429706,0.3753116397775331,0.19482966587433487,0.5959268094120018,-3.828163087999742,1.4714412649264998,,NA,NA,NA,NA,NA,NA,NA,exposure_to_mediator,MR-APSS,CAUSE,none,NA,NA,TRUE
leanmass_pei__glu2h_chen__raw,leanmass_pei,glu2h_chen,raw,IVW-FE,FALSE,FALSE,per unit of GWAS beta,-0.17151318877486948,0.01863488554528366,-0.20803756444362545,-0.13498881310611352,3.452634202353414e-20,643,NA,NA,NA,NA,NA,NA,NA,NA,NA,NA,643,887.6895977992905,642,3.7577075955702716e-10,0.2767742219897475,884.0328464385126,5.346337608591334e-10,0.9455252476099741,0.14089719457240446,450243,98.70781454812669,114.67574554971948,0.14089719457240446,0.015337196457207299,TRUE,12,NA,NA,NA,NA,NA,NA,NA,NA,NA,NA,NA,NA,NA,NA,NA,NA,NA,NA,NA,NA,NA,NA,NA,NA,NA,NA,NA,NA,NA,NA,NA,NA,NA,NA,NA,NA,NA,NA,NA,NA,NA,NA,NA,NA,NA,NA,NA,NA,NA,NA,NA,NA,NA,NA,NA,NA,NA,NA,NA,exposure_to_mediator,MR-APSS,CAUSE,none,NA,NA,FALSE
leanmass_pei__glu2h_chen__raw,leanmass_pei,glu2h_chen,raw,IVW-MRE,FALSE,FALSE,per unit of GWAS beta,-0.17151318877486948,0.021912391617239693,-0.21446147634465929,-0.12856490120507968,4.987615849597332e-15,643,1.1758801289115266,NA,NA,NA,NA,NA,NA,NA,NA,NA,643,887.6895977992905,642,3.7577075955702716e-10,0.2767742219897475,884.0328464385126,5.346337608591334e-10,0.9455252476099741,0.14089719457240446,450243,98.70781454812669,114.67574554971948,0.14089719457240446,0.015337196457207299,TRUE,12,NA,NA,NA,NA,NA,NA,NA,NA,NA,NA,NA,NA,NA,NA,NA,NA,NA,NA,NA,NA,NA,NA,NA,NA,NA,NA,NA,NA,NA,NA,NA,NA,NA,NA,NA,NA,NA,NA,NA,NA,NA,NA,NA,NA,NA,NA,NA,NA,NA,NA,NA,NA,NA,NA,NA,NA,NA,NA,NA,exposure_to_mediator,MR-APSS,CAUSE,none,NA,NA,FALSE
leanmass_pei__glu2h_chen__raw,leanmass_pei,glu2h_chen,raw,MR-APSS (p<5e-8),FALSE,FALSE,SD(outcome) per SD(exposure),-0.07917662839097263,0.015419253869354322,-0.1093983659749071,-0.04895489080703816,2.8226e-7,1032,NA,NA,NA,NA,NA,NA,NA,NA,NA,NA,NA,NA,NA,NA,NA,NA,NA,NA,NA,NA,NA,NA,NA,NA,NA,NA,NA,671.8326868089265,0.6509813573929287,6.558977844504148e-8,-0.032553920170123166,-0.1978042164371657,TRUE,5e-8,-0.07768061131318361,0.014303640449915292,-0.10571574659501759,-0.04964547603134964,6.215248070082095e-8,-4.828042695470618e-9,9.585453106211585e-9,1.6433171442112728,-0.032553920170123166,1.01391628457401,-0.0198098828852344,-0.052792771784234714,NA,NA,NA,NA,NA,NA,NA,NA,NA,NA,NA,NA,NA,NA,NA,NA,NA,NA,NA,NA,NA,NA,NA,NA,NA,NA,NA,NA,NA,NA,NA,NA,NA,NA,NA,NA,NA,NA,NA,exposure_to_mediator,MR-APSS,CAUSE,none,NA,NA,TRUE
leanmass_pei__glu2h_chen__raw,leanmass_pei,glu2h_chen,raw,MR-Egger,FALSE,FALSE,per unit of GWAS beta,-0.2461085257698076,0.05076970218516789,-0.34561714205273664,-0.14659990948687854,1.5699971852624943e-6,643,NA,0.0018440634384305726,0.001132487266407431,0.10394620762608713,NA,NA,NA,NA,NA,NA,643,887.6895977992905,642,3.7577075955702716e-10,0.2767742219897475,884.0328464385126,5.346337608591334e-10,0.9455252476099741,0.14089719457240446,450243,98.70781454812669,114.67574554971948,0.14089719457240446,0.015337196457207299,TRUE,12,NA,NA,NA,NA,NA,NA,NA,NA,NA,NA,NA,NA,NA,NA,NA,NA,NA,NA,NA,NA,NA,NA,NA,NA,NA,NA,NA,NA,NA,NA,NA,NA,NA,NA,NA,NA,NA,NA,NA,NA,NA,NA,NA,NA,NA,NA,NA,NA,NA,NA,NA,NA,NA,NA,NA,NA,NA,NA,NA,exposure_to_mediator,MR-APSS,CAUSE,none,NA,NA,FALSE
leanmass_pei__glu2h_chen__raw,leanmass_pei,glu2h_chen,raw,MR-PRESSO,FALSE,FALSE,per unit of GWAS beta,-0.169625056630109,0.0203441129868181,-0.20949951808427247,-0.1297505951759455,4.71172435334872e-16,635,NA,NA,NA,NA,0.001,8,Outlier-corrected,0.93,NA,NA,643,887.6895977992905,642,3.7577075955702716e-10,0.2767742219897475,884.0328464385126,5.346337608591334e-10,0.9455252476099741,0.14089719457240446,450243,98.70781454812669,114.67574554971948,0.14089719457240446,0.015337196457207299,TRUE,12,NA,NA,NA,NA,NA,NA,NA,NA,NA,NA,NA,NA,NA,NA,NA,NA,NA,NA,NA,NA,NA,NA,NA,NA,NA,NA,NA,NA,NA,NA,NA,NA,NA,NA,NA,NA,NA,NA,NA,NA,NA,NA,NA,NA,NA,NA,NA,NA,NA,NA,NA,NA,NA,NA,NA,NA,NA,NA,NA,exposure_to_mediator,MR-APSS,CAUSE,none,NA,NA,FALSE
leanmass_pei__glu2h_chen__raw,leanmass_pei,glu2h_chen,raw,MR-RAPS,FALSE,FALSE,per unit of GWAS beta,-0.17835073332116377,0.021900375223976087,-0.2212754687601569,-0.13542599788217063,3.8328475588621563e-16,643,NA,NA,NA,NA,NA,NA,NA,NA,NA,NA,643,887.6895977992905,642,3.7577075955702716e-10,0.2767742219897475,884.0328464385126,5.346337608591334e-10,0.9455252476099741,0.14089719457240446,450243,98.70781454812669,114.67574554971948,0.14089719457240446,0.015337196457207299,TRUE,12,NA,NA,NA,NA,NA,NA,NA,NA,NA,NA,NA,NA,NA,NA,NA,NA,NA,NA,NA,NA,NA,NA,NA,NA,NA,NA,NA,NA,NA,NA,NA,NA,NA,NA,NA,NA,NA,NA,NA,NA,NA,NA,NA,NA,NA,NA,NA,NA,NA,NA,NA,NA,NA,NA,NA,NA,NA,NA,NA,exposure_to_mediator,MR-APSS,CAUSE,none,TRUE,,FALSE
leanmass_pei__glu2h_chen__raw,leanmass_pei,glu2h_chen,raw,MRAID,FALSE,FALSE,SD(outcome) per SD(exposure),NA,NA,NA,NA,NA,5304,NA,NA,NA,NA,NA,NA,NA,NA,NA,NA,NA,NA,NA,NA,NA,NA,NA,NA,NA,NA,NA,NA,NA,NA,NA,NA,not run: 5304 candidates > 1000 (pre-specified cap),NA,NA,NA,NA,NA,NA,NA,NA,NA,NA,NA,NA,NA,NA,NA,NA,NA,NA,NA,NA,NA,NA,NA,NA,NA,NA,NA,NA,NA,NA,NA,NA,NA,NA,NA,NA,NA,NA,NA,NA,NA,NA,NA,NA,NA,NA,NA,NA,NA,NA,NA,NA,NA,NA,NA,NA,NA,NA,exposure_to_mediator,MR-APSS,CAUSE,none,NA,NA,FALSE
leanmass_pei__glu2h_chen__raw,leanmass_pei,glu2h_chen,raw,MRBEE,FALSE,FALSE,per unit of GWAS beta,-0.16691993555650594,0.022247967128480765,-0.21052595112832823,-0.12331391998468365,6.251410796210307e-14,643,NA,NA,NA,NA,NA,NA,NA,NA,4,-0.01481799199426075,643,887.6895977992905,642,3.7577075955702716e-10,0.2767742219897475,884.0328464385126,5.346337608591334e-10,0.9455252476099741,0.14089719457240446,450243,98.70781454812669,114.67574554971948,0.14089719457240446,0.015337196457207299,TRUE,12,NA,NA,NA,NA,NA,NA,NA,NA,NA,NA,NA,NA,NA,NA,NA,NA,NA,NA,NA,NA,NA,NA,NA,NA,NA,NA,NA,NA,NA,NA,NA,NA,NA,NA,NA,NA,NA,NA,NA,NA,NA,NA,NA,NA,NA,NA,NA,NA,NA,NA,NA,NA,NA,NA,NA,NA,NA,NA,NA,exposure_to_mediator,MR-APSS,CAUSE,none,TRUE,,TRUE
leanmass_pei__glu2h_chen__raw,leanmass_pei,glu2h_chen,raw,Weighted median,FALSE,FALSE,per unit of GWAS beta,-0.16268339354744654,0.030996832668679468,-0.2234371855780583,-0.10192960151683478,1.5343617428389166e-7,643,NA,NA,NA,NA,NA,NA,NA,NA,NA,NA,643,887.6895977992905,642,3.7577075955702716e-10,0.2767742219897475,884.0328464385126,5.346337608591334e-10,0.9455252476099741,0.14089719457240446,450243,98.70781454812669,114.67574554971948,0.14089719457240446,0.015337196457207299,TRUE,12,NA,NA,NA,NA,NA,NA,NA,NA,NA,NA,NA,NA,NA,NA,NA,NA,NA,NA,NA,NA,NA,NA,NA,NA,NA,NA,NA,NA,NA,NA,NA,NA,NA,NA,NA,NA,NA,NA,NA,NA,NA,NA,NA,NA,NA,NA,NA,NA,NA,NA,NA,NA,NA,NA,NA,NA,NA,NA,NA,exposure_to_mediator,MR-APSS,CAUSE,none,NA,NA,FALSE
leanmass_pei__glu2h_chen__raw,leanmass_pei,glu2h_chen,raw,Weighted mode,FALSE,FALSE,per unit of GWAS beta,-0.13266157137105286,0.16053965518328314,-0.4473192955302878,0.18199615278818207,0.4089138871221334,643,NA,NA,NA,NA,NA,NA,NA,NA,NA,NA,643,887.6895977992905,642,3.7577075955702716e-10,0.2767742219897475,884.0328464385126,5.346337608591334e-10,0.9455252476099741,0.14089719457240446,450243,98.70781454812669,114.67574554971948,0.14089719457240446,0.015337196457207299,TRUE,12,NA,NA,NA,NA,NA,NA,NA,NA,NA,NA,NA,NA,NA,NA,NA,NA,NA,NA,NA,NA,NA,NA,NA,NA,NA,NA,NA,NA,NA,NA,NA,NA,NA,NA,NA,NA,NA,NA,NA,NA,NA,NA,NA,NA,NA,NA,NA,NA,NA,NA,NA,NA,NA,NA,NA,NA,NA,NA,NA,exposure_to_mediator,MR-APSS,CAUSE,none,NA,NA,FALSE
leanmass_pei__t2d_xue__raw,leanmass_pei,t2d_xue,raw,MR-APSS,TRUE,FALSE,SD(outcome) per SD(exposure),0.001075368280564042,0.007006963020785166,-0.012658279240174881,0.014809015801302967,0.87803,1837,NA,NA,NA,NA,NA,NA,NA,NA,NA,NA,NA,NA,NA,NA,NA,NA,NA,NA,NA,NA,NA,NA,NA,NA,NA,NA,NA,905.2462718483837,0.49281246553218755,3.819658658279827e-8,0.01765835205668099,-0.030787258814460462,FALSE,5e-5,-0.010604286006272631,0.008419859928716217,-0.027107211466556418,0.005898639454011154,5.6442852608281964e-8,-5.985361520681131e-10,6.696220938023745e-9,1.7693502409881443,0.01765835205668099,1.1661823106810765,0.00998013375057907,0.008270247649653563,NA,NA,NA,NA,NA,NA,NA,NA,NA,NA,NA,NA,NA,NA,NA,NA,NA,NA,NA,NA,NA,NA,NA,NA,NA,NA,NA,NA,NA,NA,NA,NA,NA,NA,NA,NA,NA,NA,NA,exposure_to_mediator,MR-APSS,CAUSE,UKB,NA,NA,TRUE
leanmass_pei__t2d_xue__raw,leanmass_pei,t2d_xue,raw,CAUSE,FALSE,TRUE,SD(outcome) per SD(exposure),-0.008512013806522794,NA,-0.020060064276701924,0.0031906586699058633,NA,3854,NA,NA,NA,NA,NA,NA,NA,NA,NA,NA,NA,NA,NA,NA,NA,NA,NA,NA,NA,NA,NA,NA,NA,NA,NA,NA,NA,NA,NA,NA,NA,NA,NA,NA,NA,NA,NA,NA,NA,NA,NA,NA,NA,NA,NA,NA,0.9444058300984687,FALSE,-0.023536952377223447,0.01262547230905412,0.03478252929439814,-0.32675781822907934,1.244497672965307,0.3964440898550635,-0.008593727017077342,-0.01990532168960947,0.0034232434231016725,0.012713782969603835,-0.11811069897469342,0.2985176933959862,0.03478915258412647,9.072379849973427e-4,0.2532630743917864,2.3475155346967247e-4,-0.007310773273308394,0.00817622007118899,-0.008252151166464852,-0.01718071156287258,7.105988070850148e-4,NA,NA,NA,0.047002887349773315,0.0010480337034438987,0.26657477034979404,-0.32675781822907934,1.244497672965307,gamma + q*eta interval spans 0: fraction not reported,NA,NA,NA,NA,NA,NA,NA,exposure_to_mediator,MR-APSS,CAUSE,UKB,NA,NA,TRUE
leanmass_pei__t2d_xue__raw,leanmass_pei,t2d_xue,raw,IVW-FE,FALSE,FALSE,per unit of GWAS beta,-0.05006744788207374,0.020363701149065393,-0.08998030213424191,-0.010154593629905569,0.013945603966199684,416,NA,NA,NA,NA,NA,NA,NA,NA,NA,NA,416,1724.3021514625011,415,9.62295919976453e-159,0.7593229239736148,1721.6539574746578,1.2902105196695778e-158,0.9376213855188094,0.09023561604639402,450243,97.70688654784858,107.25073579176542,0.09023561604639402,0.002638923430819181,TRUE,0,NA,NA,NA,NA,NA,NA,NA,NA,NA,NA,NA,NA,NA,NA,NA,NA,NA,NA,NA,NA,NA,NA,NA,NA,NA,NA,NA,NA,NA,NA,NA,NA,NA,NA,NA,NA,NA,NA,NA,NA,NA,NA,NA,NA,NA,NA,NA,NA,NA,NA,NA,NA,NA,NA,NA,NA,NA,NA,NA,exposure_to_mediator,MR-APSS,CAUSE,UKB,NA,NA,FALSE
leanmass_pei__t2d_xue__raw,leanmass_pei,t2d_xue,raw,IVW-MRE,FALSE,FALSE,per unit of GWAS beta,-0.05006744788207374,0.0415087209789977,-0.13142454100090922,0.03128964523676175,0.2277438327587361,416,2.038368206012627,NA,NA,NA,NA,NA,NA,NA,NA,NA,416,1724.3021514625011,415,9.62295919976453e-159,0.7593229239736148,1721.6539574746578,1.2902105196695778e-158,0.9376213855188094,0.09023561604639402,450243,97.70688654784858,107.25073579176542,0.09023561604639402,0.002638923430819181,TRUE,0,NA,NA,NA,NA,NA,NA,NA,NA,NA,NA,NA,NA,NA,NA,NA,NA,NA,NA,NA,NA,NA,NA,NA,NA,NA,NA,NA,NA,NA,NA,NA,NA,NA,NA,NA,NA,NA,NA,NA,NA,NA,NA,NA,NA,NA,NA,NA,NA,NA,NA,NA,NA,NA,NA,NA,NA,NA,NA,NA,exposure_to_mediator,MR-APSS,CAUSE,UKB,NA,NA,FALSE
leanmass_pei__t2d_xue__raw,leanmass_pei,t2d_xue,raw,MR-APSS (p<5e-8),FALSE,FALSE,SD(outcome) per SD(exposure),0.001621953124789845,0.008398672974984507,-0.014839445906179789,0.01808335215575948,0.84686,958,NA,NA,NA,NA,NA,NA,NA,NA,NA,NA,NA,NA,NA,NA,NA,NA,NA,NA,NA,NA,NA,NA,NA,NA,NA,NA,NA,584.1522997373777,0.6097657676303089,4.868854457504848e-8,0.01765835205668099,-0.030787258814460462,FALSE,5e-8,-0.010604286006272631,0.008419859928716217,-0.027107211466556418,0.005898639454011154,5.6442852608281964e-8,-5.985361520681131e-10,6.696220938023745e-9,1.7693502409881443,0.01765835205668099,1.1661823106810765,0.00998013375057907,0.008270247649653563,NA,NA,NA,NA,NA,NA,NA,NA,NA,NA,NA,NA,NA,NA,NA,NA,NA,NA,NA,NA,NA,NA,NA,NA,NA,NA,NA,NA,NA,NA,NA,NA,NA,NA,NA,NA,NA,NA,NA,exposure_to_mediator,MR-APSS,CAUSE,UKB,NA,NA,TRUE
leanmass_pei__t2d_xue__raw,leanmass_pei,t2d_xue,raw,MR-Egger,FALSE,FALSE,per unit of GWAS beta,0.024567311077155356,0.10233212221110775,-0.17600364845661584,0.22513827061092653,0.8103914941500575,416,NA,-0.0017383020255450038,0.0021783271310201404,0.42532878185775636,NA,NA,NA,NA,NA,NA,416,1724.3021514625011,415,9.62295919976453e-159,0.7593229239736148,1721.6539574746578,1.2902105196695778e-158,0.9376213855188094,0.09023561604639402,450243,97.70688654784858,107.25073579176542,0.09023561604639402,0.002638923430819181,TRUE,0,NA,NA,NA,NA,NA,NA,NA,NA,NA,NA,NA,NA,NA,NA,NA,NA,NA,NA,NA,NA,NA,NA,NA,NA,NA,NA,NA,NA,NA,NA,NA,NA,NA,NA,NA,NA,NA,NA,NA,NA,NA,NA,NA,NA,NA,NA,NA,NA,NA,NA,NA,NA,NA,NA,NA,NA,NA,NA,NA,exposure_to_mediator,MR-APSS,CAUSE,UKB,NA,NA,FALSE
leanmass_pei__t2d_xue__raw,leanmass_pei,t2d_xue,raw,MR-PRESSO,FALSE,FALSE,per unit of GWAS beta,-0.11332336471261199,0.0314339160785358,-0.17493384022654218,-0.05171288919868182,3.52783098101014e-4,388,NA,NA,NA,NA,0.001,28,Outlier-corrected,0.361,NA,NA,416,1724.3021514625011,415,9.62295919976453e-159,0.7593229239736148,1721.6539574746578,1.2902105196695778e-158,0.9376213855188094,0.09023561604639402,450243,97.70688654784858,107.25073579176542,0.09023561604639402,0.002638923430819181,TRUE,0,NA,NA,NA,NA,NA,NA,NA,NA,NA,NA,NA,NA,NA,NA,NA,NA,NA,NA,NA,NA,NA,NA,NA,NA,NA,NA,NA,NA,NA,NA,NA,NA,NA,NA,NA,NA,NA,NA,NA,NA,NA,NA,NA,NA,NA,NA,NA,NA,NA,NA,NA,NA,NA,NA,NA,NA,NA,NA,NA,exposure_to_mediator,MR-APSS,CAUSE,UKB,NA,NA,FALSE
leanmass_pei__t2d_xue__raw,leanmass_pei,t2d_xue,raw,MR-RAPS,FALSE,FALSE,per unit of GWAS beta,-0.10845333047264222,0.03740379556642516,-0.1817647697828355,-0.03514189116244891,0.0037372566755723277,416,NA,NA,NA,NA,NA,NA,NA,NA,NA,NA,416,1724.3021514625011,415,9.62295919976453e-159,0.7593229239736148,1721.6539574746578,1.2902105196695778e-158,0.9376213855188094,0.09023561604639402,450243,97.70688654784858,107.25073579176542,0.09023561604639402,0.002638923430819181,TRUE,0,NA,NA,NA,NA,NA,NA,NA,NA,NA,NA,NA,NA,NA,NA,NA,NA,NA,NA,NA,NA,NA,NA,NA,NA,NA,NA,NA,NA,NA,NA,NA,NA,NA,NA,NA,NA,NA,NA,NA,NA,NA,NA,NA,NA,NA,NA,NA,NA,NA,NA,NA,NA,NA,NA,NA,NA,NA,NA,NA,exposure_to_mediator,MR-APSS,CAUSE,UKB,TRUE,,FALSE
leanmass_pei__t2d_xue__raw,leanmass_pei,t2d_xue,raw,MRBEE,FALSE,FALSE,per unit of GWAS beta,-0.12401401015605364,0.041024168622983734,-0.20442138065710175,-0.043606639655005525,0.0025032360683136584,416,NA,NA,NA,NA,NA,NA,NA,NA,8,-7.214436933707866e-4,416,1724.3021514625011,415,9.62295919976453e-159,0.7593229239736148,1721.6539574746578,1.2902105196695778e-158,0.9376213855188094,0.09023561604639402,450243,97.70688654784858,107.25073579176542,0.09023561604639402,0.002638923430819181,TRUE,0,NA,NA,NA,NA,NA,NA,NA,NA,NA,NA,NA,NA,NA,NA,NA,NA,NA,NA,NA,NA,NA,NA,NA,NA,NA,NA,NA,NA,NA,NA,NA,NA,NA,NA,NA,NA,NA,NA,NA,NA,NA,NA,NA,NA,NA,NA,NA,NA,NA,NA,NA,NA,NA,NA,NA,NA,NA,NA,NA,exposure_to_mediator,MR-APSS,CAUSE,UKB,TRUE,,TRUE
leanmass_pei__t2d_xue__raw,leanmass_pei,t2d_xue,raw,Weighted median,FALSE,FALSE,per unit of GWAS beta,-0.13950413397655897,0.03844005566739203,-0.21484664308464735,-0.0641616248684706,2.843730047051158e-4,416,NA,NA,NA,NA,NA,NA,NA,NA,NA,NA,416,1724.3021514625011,415,9.62295919976453e-159,0.7593229239736148,1721.6539574746578,1.2902105196695778e-158,0.9376213855188094,0.09023561604639402,450243,97.70688654784858,107.25073579176542,0.09023561604639402,0.002638923430819181,TRUE,0,NA,NA,NA,NA,NA,NA,NA,NA,NA,NA,NA,NA,NA,NA,NA,NA,NA,NA,NA,NA,NA,NA,NA,NA,NA,NA,NA,NA,NA,NA,NA,NA,NA,NA,NA,NA,NA,NA,NA,NA,NA,NA,NA,NA,NA,NA,NA,NA,NA,NA,NA,NA,NA,NA,NA,NA,NA,NA,NA,exposure_to_mediator,MR-APSS,CAUSE,UKB,NA,NA,FALSE
leanmass_pei__t2d_xue__raw,leanmass_pei,t2d_xue,raw,Weighted mode,FALSE,FALSE,per unit of GWAS beta,-0.23181271070618428,0.20282083905457293,-0.6293415552531473,0.16571613384077868,0.25372107033457014,416,NA,NA,NA,NA,NA,NA,NA,NA,NA,NA,416,1724.3021514625011,415,9.62295919976453e-159,0.7593229239736148,1721.6539574746578,1.2902105196695778e-158,0.9376213855188094,0.09023561604639402,450243,97.70688654784858,107.25073579176542,0.09023561604639402,0.002638923430819181,TRUE,0,NA,NA,NA,NA,NA,NA,NA,NA,NA,NA,NA,NA,NA,NA,NA,NA,NA,NA,NA,NA,NA,NA,NA,NA,NA,NA,NA,NA,NA,NA,NA,NA,NA,NA,NA,NA,NA,NA,NA,NA,NA,NA,NA,NA,NA,NA,NA,NA,NA,NA,NA,NA,NA,NA,NA,NA,NA,NA,NA,exposure_to_mediator,MR-APSS,CAUSE,UKB,NA,NA,FALSE
fg_dupuis__ffm_ukb__raw,fg_dupuis,ffm_ukb,raw,MR-APSS,TRUE,FALSE,SD(outcome) per SD(exposure),-0.0220592080592701,0.031837926651640217,-0.08446154429648492,0.04034312817794472,0.4884,65,NA,NA,NA,NA,NA,NA,NA,NA,NA,NA,NA,NA,NA,NA,NA,NA,NA,NA,NA,NA,NA,NA,NA,NA,NA,NA,NA,24.782421482871214,0.38124032196725194,6.343827984636252e-8,-0.015684317554801087,0.16674979374362617,FALSE,5e-5,0.3842960079914052,0.14134958551260696,0.10725082038669553,0.6613411955961148,9.217795603672228e-9,3.542362052971962e-9,4.8958511934437385e-8,1.0077970648894468,-0.015684317554801087,1.4801453860673064,-0.015562972051840242,-0.004959222727096219,NA,NA,NA,NA,NA,NA,NA,NA,NA,NA,NA,NA,NA,NA,NA,NA,NA,NA,NA,NA,NA,NA,NA,NA,NA,NA,NA,NA,NA,NA,NA,NA,NA,NA,NA,NA,NA,NA,NA,exposure_to_mediator_reverse,MR-APSS,CAUSE,none,NA,NA,TRUE
fg_dupuis__ffm_ukb__raw,fg_dupuis,ffm_ukb,raw,CAUSE,FALSE,TRUE,SD(outcome) per SD(exposure),0.0028338824373893108,NA,-0.03615476002199561,0.041328197044580725,NA,540,NA,NA,NA,NA,NA,NA,NA,NA,NA,NA,NA,NA,NA,NA,NA,NA,NA,NA,NA,NA,NA,NA,NA,NA,NA,NA,NA,NA,NA,NA,NA,NA,NA,NA,NA,NA,NA,NA,NA,NA,NA,NA,NA,NA,NA,NA,0.44519974577504084,FALSE,0.030241888559739066,-0.039194608952147804,0.03482590149881416,1.0033598709384997,0.285205113899732,0.9997826176028973,0.002627196061206482,-0.03595849229153838,0.04108998121062058,-0.039373890124828864,-0.7412357376584654,0.6714123292828358,0.03457960368938405,0.001192746481815861,0.2570303824323937,-8.608615925498292e-4,-0.02680910361525524,0.018342935637158997,7.252824271864965e-4,-0.03594060071213848,0.03573270378158416,NA,NA,NA,0.029049568811136767,9.264920939109682e-4,0.21940823063934023,1.0033598709384997,0.285205113899732,gamma + q*eta interval spans 0: fraction not reported,NA,NA,NA,NA,NA,NA,NA,exposure_to_mediator_reverse,MR-APSS,CAUSE,none,NA,NA,TRUE
fg_dupuis__ffm_ukb__raw,fg_dupuis,ffm_ukb,raw,IVW-FE,FALSE,FALSE,per unit of GWAS beta,0.02033430688290355,0.012059086213578834,-0.0033015020957109648,0.04397011586151806,0.09175288180217447,11,NA,NA,NA,NA,NA,NA,NA,NA,NA,NA,11,26.074905961612465,10,0.0036407370789072672,0.6164895085442678,26.035121981483016,0.002016130393298158,0.9281825093002221,0.018365084978997043,46368,77.61328807558341,78.84174250892191,0.018365084978997043,6.35770476405962e-5,TRUE,0,NA,NA,NA,NA,NA,NA,NA,NA,NA,NA,NA,NA,NA,NA,NA,NA,NA,NA,NA,NA,NA,NA,NA,NA,NA,NA,NA,NA,NA,NA,NA,NA,NA,NA,NA,NA,NA,NA,NA,NA,NA,NA,NA,NA,NA,NA,NA,NA,NA,NA,NA,NA,NA,NA,NA,NA,NA,NA,NA,exposure_to_mediator_reverse,MR-APSS,CAUSE,none,NA,NA,FALSE
fg_dupuis__ffm_ukb__raw,fg_dupuis,ffm_ukb,raw,IVW-MRE,FALSE,FALSE,per unit of GWAS beta,0.02033430688290355,0.019472682172170453,-0.017832150174550535,0.058500763940357636,0.29637072450246205,11,1.6147726143829808,NA,NA,NA,NA,NA,NA,NA,NA,NA,11,26.074905961612465,10,0.0036407370789072672,0.6164895085442678,26.035121981483016,0.002016130393298158,0.9281825093002221,0.018365084978997043,46368,77.61328807558341,78.84174250892191,0.018365084978997043,6.35770476405962e-5,TRUE,0,NA,NA,NA,NA,NA,NA,NA,NA,NA,NA,NA,NA,NA,NA,NA,NA,NA,NA,NA,NA,NA,NA,NA,NA,NA,NA,NA,NA,NA,NA,NA,NA,NA,NA,NA,NA,NA,NA,NA,NA,NA,NA,NA,NA,NA,NA,NA,NA,NA,NA,NA,NA,NA,NA,NA,NA,NA,NA,NA,exposure_to_mediator_reverse,MR-APSS,CAUSE,none,NA,NA,FALSE
fg_dupuis__ffm_ukb__raw,fg_dupuis,ffm_ukb,raw,MR-APSS (p<5e-8),FALSE,FALSE,SD(outcome) per SD(exposure),0.014521414902739657,0.027413893014552694,-0.039209815405783624,0.06825264521126294,0.59631,10,NA,NA,NA,NA,NA,NA,NA,NA,NA,NA,NA,NA,NA,NA,NA,NA,NA,NA,NA,NA,NA,NA,NA,NA,NA,NA,NA,9.99715852833198,0.9997158018814991,9.128925717432296e-11,-0.015684317554801087,0.16674979374362617,FALSE,5e-8,0.3842960079914052,0.14134958551260696,0.10725082038669553,0.6613411955961148,9.217795603672228e-9,3.542362052971962e-9,4.8958511934437385e-8,1.0077970648894468,-0.015684317554801087,1.4801453860673064,-0.015562972051840242,-0.004959222727096219,NA,NA,NA,NA,NA,NA,NA,NA,NA,NA,NA,NA,NA,NA,NA,NA,NA,NA,NA,NA,NA,NA,NA,NA,NA,NA,NA,NA,NA,NA,NA,NA,NA,NA,NA,NA,NA,NA,NA,exposure_to_mediator_reverse,MR-APSS,CAUSE,none,NA,NA,TRUE
fg_dupuis__ffm_ukb__raw,fg_dupuis,ffm_ukb,raw,MR-Egger,FALSE,FALSE,per unit of GWAS beta,0.01530266951462833,0.047555893300178974,-0.07790688135372245,0.10851222038297911,0.7549652262202864,11,NA,2.164398114801484e-4,0.0018456170178118524,0.9092196362996714,NA,NA,NA,NA,NA,NA,11,26.074905961612465,10,0.0036407370789072672,0.6164895085442678,26.035121981483016,0.002016130393298158,0.9281825093002221,0.018365084978997043,46368,77.61328807558341,78.84174250892191,0.018365084978997043,6.35770476405962e-5,TRUE,0,NA,NA,NA,NA,NA,NA,NA,NA,NA,NA,NA,NA,NA,NA,NA,NA,NA,NA,NA,NA,NA,NA,NA,NA,NA,NA,NA,NA,NA,NA,NA,NA,NA,NA,NA,NA,NA,NA,NA,NA,NA,NA,NA,NA,NA,NA,NA,NA,NA,NA,NA,NA,NA,NA,NA,NA,NA,NA,NA,exposure_to_mediator_reverse,MR-APSS,CAUSE,none,NA,NA,FALSE
fg_dupuis__ffm_ukb__raw,fg_dupuis,ffm_ukb,raw,MR-PRESSO,FALSE,FALSE,per unit of GWAS beta,0.0338516705885909,0.0142765026752083,0.005869725345182628,0.06183361583199917,0.0418303349064965,10,NA,NA,NA,NA,0.004,1,Outlier-corrected,0.469,NA,NA,11,26.074905961612465,10,0.0036407370789072672,0.6164895085442678,26.035121981483016,0.002016130393298158,0.9281825093002221,0.018365084978997043,46368,77.61328807558341,78.84174250892191,0.018365084978997043,6.35770476405962e-5,TRUE,0,NA,NA,NA,NA,NA,NA,NA,NA,NA,NA,NA,NA,NA,NA,NA,NA,NA,NA,NA,NA,NA,NA,NA,NA,NA,NA,NA,NA,NA,NA,NA,NA,NA,NA,NA,NA,NA,NA,NA,NA,NA,NA,NA,NA,NA,NA,NA,NA,NA,NA,NA,NA,NA,NA,NA,NA,NA,NA,NA,exposure_to_mediator_reverse,MR-APSS,CAUSE,none,NA,NA,FALSE
fg_dupuis__ffm_ukb__raw,fg_dupuis,ffm_ukb,raw,MR-RAPS,FALSE,FALSE,per unit of GWAS beta,0.0253296526278736,0.01748200445597121,-0.00893507610582997,0.05959438136157717,0.14736588867038272,11,NA,NA,NA,NA,NA,NA,NA,NA,NA,NA,11,26.074905961612465,10,0.0036407370789072672,0.6164895085442678,26.035121981483016,0.002016130393298158,0.9281825093002221,0.018365084978997043,46368,77.61328807558341,78.84174250892191,0.018365084978997043,6.35770476405962e-5,TRUE,0,NA,NA,NA,NA,NA,NA,NA,NA,NA,NA,NA,NA,NA,NA,NA,NA,NA,NA,NA,NA,NA,NA,NA,NA,NA,NA,NA,NA,NA,NA,NA,NA,NA,NA,NA,NA,NA,NA,NA,NA,NA,NA,NA,NA,NA,NA,NA,NA,NA,NA,NA,NA,NA,NA,NA,NA,NA,NA,NA,exposure_to_mediator_reverse,MR-APSS,CAUSE,none,TRUE,,FALSE
fg_dupuis__ffm_ukb__raw,fg_dupuis,ffm_ukb,raw,MRAID,FALSE,FALSE,SD(outcome) per SD(exposure),0.03269673171311273,0.010489121258725061,0.01213805404601161,0.05325540938021385,0.00182575129489917,26,NA,NA,NA,NA,NA,NA,NA,NA,NA,NA,NA,NA,NA,NA,NA,NA,NA,NA,NA,NA,NA,NA,NA,NA,NA,NA,NA,NA,NA,NA,NA,NA,NA,NA,NA,NA,NA,NA,NA,NA,NA,NA,NA,NA,NA,NA,NA,NA,NA,NA,NA,NA,NA,NA,NA,NA,NA,NA,NA,NA,NA,NA,NA,NA,NA,NA,NA,NA,NA,NA,NA,NA,NA,NA,NA,NA,NA,NA,-0.0010312287982857417,0.02117125879367753,0.03727472398915131,0.9722044837879869,0.9999260582272591,14,0.5,exposure_to_mediator_reverse,MR-APSS,CAUSE,none,NA,NA,FALSE
fg_dupuis__ffm_ukb__raw,fg_dupuis,ffm_ukb,raw,MRBEE,FALSE,FALSE,per unit of GWAS beta,0.02054779692057773,0.020822911613489425,-0.020265109841861546,0.06136070368301701,0.32374663487974686,11,NA,NA,NA,NA,NA,NA,NA,NA,0,0.011089548031457862,11,26.074905961612465,10,0.0036407370789072672,0.6164895085442678,26.035121981483016,0.002016130393298158,0.9281825093002221,0.018365084978997043,46368,77.61328807558341,78.84174250892191,0.018365084978997043,6.35770476405962e-5,TRUE,0,NA,NA,NA,NA,NA,NA,NA,NA,NA,NA,NA,NA,NA,NA,NA,NA,NA,NA,NA,NA,NA,NA,NA,NA,NA,NA,NA,NA,NA,NA,NA,NA,NA,NA,NA,NA,NA,NA,NA,NA,NA,NA,NA,NA,NA,NA,NA,NA,NA,NA,NA,NA,NA,NA,NA,NA,NA,NA,NA,exposure_to_mediator_reverse,MR-APSS,CAUSE,none,TRUE,,TRUE
fg_dupuis__ffm_ukb__raw,fg_dupuis,ffm_ukb,raw,Weighted median,FALSE,FALSE,per unit of GWAS beta,0.03549039035030802,0.017334017669119385,0.0015157157188340278,0.06946506498178201,0.040614737008155204,11,NA,NA,NA,NA,NA,NA,NA,NA,NA,NA,11,26.074905961612465,10,0.0036407370789072672,0.6164895085442678,26.035121981483016,0.002016130393298158,0.9281825093002221,0.018365084978997043,46368,77.61328807558341,78.84174250892191,0.018365084978997043,6.35770476405962e-5,TRUE,0,NA,NA,NA,NA,NA,NA,NA,NA,NA,NA,NA,NA,NA,NA,NA,NA,NA,NA,NA,NA,NA,NA,NA,NA,NA,NA,NA,NA,NA,NA,NA,NA,NA,NA,NA,NA,NA,NA,NA,NA,NA,NA,NA,NA,NA,NA,NA,NA,NA,NA,NA,NA,NA,NA,NA,NA,NA,NA,NA,exposure_to_mediator_reverse,MR-APSS,CAUSE,none,NA,NA,FALSE
fg_dupuis__ffm_ukb__raw,fg_dupuis,ffm_ukb,raw,Weighted mode,FALSE,FALSE,per unit of GWAS beta,0.03571689437814102,0.01862593781580888,-7.899437408443871e-4,0.07222373249712642,0.08414353572577431,11,NA,NA,NA,NA,NA,NA,NA,NA,NA,NA,11,26.074905961612465,10,0.0036407370789072672,0.6164895085442678,26.035121981483016,0.002016130393298158,0.9281825093002221,0.018365084978997043,46368,77.61328807558341,78.84174250892191,0.018365084978997043,6.35770476405962e-5,TRUE,0,NA,NA,NA,NA,NA,NA,NA,NA,NA,NA,NA,NA,NA,NA,NA,NA,NA,NA,NA,NA,NA,NA,NA,NA,NA,NA,NA,NA,NA,NA,NA,NA,NA,NA,NA,NA,NA,NA,NA,NA,NA,NA,NA,NA,NA,NA,NA,NA,NA,NA,NA,NA,NA,NA,NA,NA,NA,NA,NA,exposure_to_mediator_reverse,MR-APSS,CAUSE,none,NA,NA,FALSE
fg_dupuis__leanmass_pei__raw,fg_dupuis,leanmass_pei,raw,MR-APSS,TRUE,FALSE,SD(outcome) per SD(exposure),-0.01594788599573507,0.04146087674872425,-0.0972112044232346,0.06531543243176445,0.7005,65,NA,NA,NA,NA,NA,NA,NA,NA,NA,NA,NA,NA,NA,NA,NA,NA,NA,NA,NA,NA,NA,NA,NA,NA,NA,NA,NA,23.93884901022804,0.36827868848300976,1.6917595417165083e-7,-0.012776244403465628,0.026905587152009122,FALSE,5e-5,0.06834079084641467,0.10535433338567533,-0.138153702589509,0.27483528428233833,9.423775559650318e-9,6.440282745056168e-10,6.079949705325319e-8,1.0066108619422467,-0.012776244403465628,1.6260140051647105,-0.012692337115073424,-0.004065119244525287,NA,NA,NA,NA,NA,NA,NA,NA,NA,NA,NA,NA,NA,NA,NA,NA,NA,NA,NA,NA,NA,NA,NA,NA,NA,NA,NA,NA,NA,NA,NA,NA,NA,NA,NA,NA,NA,NA,NA,exposure_to_mediator_reverse,MR-APSS,CAUSE,none,NA,NA,TRUE
fg_dupuis__leanmass_pei__raw,fg_dupuis,leanmass_pei,raw,CAUSE,FALSE,TRUE,SD(outcome) per SD(exposure),0.0015763430875275351,NA,-0.041433967261475795,0.04519416295172618,NA,539,NA,NA,NA,NA,NA,NA,NA,NA,NA,NA,NA,NA,NA,NA,NA,NA,NA,NA,NA,NA,NA,NA,NA,NA,NA,NA,NA,NA,NA,NA,NA,NA,NA,NA,NA,NA,NA,NA,NA,NA,NA,NA,NA,NA,NA,NA,0.4727544329752519,FALSE,-9.4815888620234e-4,-0.04058613594792395,0.028870372707834085,0.879266231299991,0.1570521714411178,0.99999998919311,0.0016426392058494317,-0.04213830109594082,0.044773959029866035,-0.04355877372559744,-0.9868474244193222,0.8570291720763578,0.028553729484121156,0.0010650777590762112,0.23994865408661073,-9.143856495273818e-4,-0.028704036394653496,0.019207375461586042,-5.540325988913773e-4,-0.04517748312411903,0.042554850792330776,NA,NA,NA,0.025995498754770845,8.752332149529737e-4,0.21014577828452308,0.879266231299991,0.1570521714411178,gamma + q*eta interval spans 0: fraction not reported,NA,NA,NA,NA,NA,NA,NA,exposure_to_mediator_reverse,MR-APSS,CAUSE,none,NA,NA,TRUE
fg_dupuis__leanmass_pei__raw,fg_dupuis,leanmass_pei,raw,IVW-FE,FALSE,FALSE,per unit of GWAS beta,0.032883481782509286,0.018299776183525084,-0.0029840795371998755,0.06875104310221844,0.07234616962383496,11,NA,NA,NA,NA,NA,NA,NA,NA,NA,NA,11,43.270241003255045,10,4.449115246939264e-6,0.7688942846598026,41.70703560337951,3.7175608112045445e-6,0.9281825093002221,0.018365084978997043,46368,77.61328807558341,78.84174250892191,0.018365084978997043,1.032738115486958e-4,TRUE,0,NA,NA,NA,NA,NA,NA,NA,NA,NA,NA,NA,NA,NA,NA,NA,NA,NA,NA,NA,NA,NA,NA,NA,NA,NA,NA,NA,NA,NA,NA,NA,NA,NA,NA,NA,NA,NA,NA,NA,NA,NA,NA,NA,NA,NA,NA,NA,NA,NA,NA,NA,NA,NA,NA,NA,NA,NA,NA,NA,exposure_to_mediator_reverse,MR-APSS,CAUSE,none,NA,NA,FALSE
fg_dupuis__leanmass_pei__raw,fg_dupuis,leanmass_pei,raw,IVW-MRE,FALSE,FALSE,per unit of GWAS beta,0.032883481782509286,0.038066279770488216,-0.04172642656764762,0.10749339013266619,0.38767136476048725,11,2.080150018706705,NA,NA,NA,NA,NA,NA,NA,NA,NA,11,43.270241003255045,10,4.449115246939264e-6,0.7688942846598026,41.70703560337951,3.7175608112045445e-6,0.9281825093002221,0.018365084978997043,46368,77.61328807558341,78.84174250892191,0.018365084978997043,1.032738115486958e-4,TRUE,0,NA,NA,NA,NA,NA,NA,NA,NA,NA,NA,NA,NA,NA,NA,NA,NA,NA,NA,NA,NA,NA,NA,NA,NA,NA,NA,NA,NA,NA,NA,NA,NA,NA,NA,NA,NA,NA,NA,NA,NA,NA,NA,NA,NA,NA,NA,NA,NA,NA,NA,NA,NA,NA,NA,NA,NA,NA,NA,NA,exposure_to_mediator_reverse,MR-APSS,CAUSE,none,NA,NA,FALSE
fg_dupuis__leanmass_pei__raw,fg_dupuis,leanmass_pei,raw,MR-APSS (p<5e-8),FALSE,FALSE,SD(outcome) per SD(exposure),0.021404204991283794,0.029606660207238837,-0.03662484901490433,0.07943325899747192,0.46971,10,NA,NA,NA,NA,NA,NA,NA,NA,NA,NA,NA,NA,NA,NA,NA,NA,NA,NA,NA,NA,NA,NA,NA,NA,NA,NA,NA,9.997435050684718,0.9997434174739249,9.190847767640337e-11,-0.012776244403465628,0.026905587152009122,FALSE,5e-8,0.06834079084641467,0.10535433338567533,-0.138153702589509,0.27483528428233833,9.423775559650318e-9,6.440282745056168e-10,6.079949705325319e-8,1.0066108619422467,-0.012776244403465628,1.6260140051647105,-0.012692337115073424,-0.004065119244525287,NA,NA,NA,NA,NA,NA,NA,NA,NA,NA,NA,NA,NA,NA,NA,NA,NA,NA,NA,NA,NA,NA,NA,NA,NA,NA,NA,NA,NA,NA,NA,NA,NA,NA,NA,NA,NA,NA,NA,exposure_to_mediator_reverse,MR-APSS,CAUSE,none,NA,NA,TRUE
fg_dupuis__leanmass_pei__raw,fg_dupuis,leanmass_pei,raw,MR-Egger,FALSE,FALSE,per unit of GWAS beta,-0.01495417085802278,0.09130144282435912,-0.19390499879376666,0.1639966570777211,0.8735164213282341,11,NA,0.0020575064124503007,0.003542554829958506,0.5756298761814598,NA,NA,NA,NA,NA,NA,11,43.270241003255045,10,4.449115246939264e-6,0.7688942846598026,41.70703560337951,3.7175608112045445e-6,0.9281825093002221,0.018365084978997043,46368,77.61328807558341,78.84174250892191,0.018365084978997043,1.032738115486958e-4,TRUE,0,NA,NA,NA,NA,NA,NA,NA,NA,NA,NA,NA,NA,NA,NA,NA,NA,NA,NA,NA,NA,NA,NA,NA,NA,NA,NA,NA,NA,NA,NA,NA,NA,NA,NA,NA,NA,NA,NA,NA,NA,NA,NA,NA,NA,NA,NA,NA,NA,NA,NA,NA,NA,NA,NA,NA,NA,NA,NA,NA,exposure_to_mediator_reverse,MR-APSS,CAUSE,none,NA,NA,FALSE
fg_dupuis__leanmass_pei__raw,fg_dupuis,leanmass_pei,raw,MR-PRESSO,FALSE,FALSE,per unit of GWAS beta,0.0668803659989165,0.0254727136237765,0.016953847296314564,0.11680688470151844,0.0275581415221598,10,NA,NA,NA,NA,0.001,1,Outlier-corrected,0.405,NA,NA,11,43.270241003255045,10,4.449115246939264e-6,0.7688942846598026,41.70703560337951,3.7175608112045445e-6,0.9281825093002221,0.018365084978997043,46368,77.61328807558341,78.84174250892191,0.018365084978997043,1.032738115486958e-4,TRUE,0,NA,NA,NA,NA,NA,NA,NA,NA,NA,NA,NA,NA,NA,NA,NA,NA,NA,NA,NA,NA,NA,NA,NA,NA,NA,NA,NA,NA,NA,NA,NA,NA,NA,NA,NA,NA,NA,NA,NA,NA,NA,NA,NA,NA,NA,NA,NA,NA,NA,NA,NA,NA,NA,NA,NA,NA,NA,NA,NA,exposure_to_mediator_reverse,MR-APSS,CAUSE,none,NA,NA,FALSE
fg_dupuis__leanmass_pei__raw,fg_dupuis,leanmass_pei,raw,MR-RAPS,FALSE,FALSE,per unit of GWAS beta,0.06529266464742935,0.019382136401237635,0.02730367730100358,0.10328165199385511,7.552270915414382e-4,11,NA,NA,NA,NA,NA,NA,NA,NA,NA,NA,11,43.270241003255045,10,4.449115246939264e-6,0.7688942846598026,41.70703560337951,3.7175608112045445e-6,0.9281825093002221,0.018365084978997043,46368,77.61328807558341,78.84174250892191,0.018365084978997043,1.032738115486958e-4,TRUE,0,NA,NA,NA,NA,NA,NA,NA,NA,NA,NA,NA,NA,NA,NA,NA,NA,NA,NA,NA,NA,NA,NA,NA,NA,NA,NA,NA,NA,NA,NA,NA,NA,NA,NA,NA,NA,NA,NA,NA,NA,NA,NA,NA,NA,NA,NA,NA,NA,NA,NA,NA,NA,NA,NA,NA,NA,NA,NA,NA,exposure_to_mediator_reverse,MR-APSS,CAUSE,none,FALSE,over-dispersion optimiser failed (tau2 forced to 0),FALSE
fg_dupuis__leanmass_pei__raw,fg_dupuis,leanmass_pei,raw,MRAID,FALSE,FALSE,SD(outcome) per SD(exposure),0.0471137859411405,0.009741440453489902,0.02802056265230029,0.06620700922998071,1.3219240326257834e-6,26,NA,NA,NA,NA,NA,NA,NA,NA,NA,NA,NA,NA,NA,NA,NA,NA,NA,NA,NA,NA,NA,NA,NA,NA,NA,NA,NA,NA,NA,NA,NA,NA,NA,NA,NA,NA,NA,NA,NA,NA,NA,NA,NA,NA,NA,NA,NA,NA,NA,NA,NA,NA,NA,NA,NA,NA,NA,NA,NA,NA,NA,NA,NA,NA,NA,NA,NA,NA,NA,NA,NA,NA,NA,NA,NA,NA,NA,NA,-0.00818549304437501,0.021025418491359863,0.03487052564142257,0.9722996627262877,0.9999311802396598,14,0.5,exposure_to_mediator_reverse,MR-APSS,CAUSE,none,NA,NA,FALSE
fg_dupuis__leanmass_pei__raw,fg_dupuis,leanmass_pei,raw,MRBEE,FALSE,FALSE,per unit of GWAS beta,0.06773664378056504,0.02702687596212029,0.014763966894809279,0.12070932066632081,0.012201246862504676,11,NA,NA,NA,NA,NA,NA,NA,NA,1,0.0028693960941415094,11,43.270241003255045,10,4.449115246939264e-6,0.7688942846598026,41.70703560337951,3.7175608112045445e-6,0.9281825093002221,0.018365084978997043,46368,77.61328807558341,78.84174250892191,0.018365084978997043,1.032738115486958e-4,TRUE,0,NA,NA,NA,NA,NA,NA,NA,NA,NA,NA,NA,NA,NA,NA,NA,NA,NA,NA,NA,NA,NA,NA,NA,NA,NA,NA,NA,NA,NA,NA,NA,NA,NA,NA,NA,NA,NA,NA,NA,NA,NA,NA,NA,NA,NA,NA,NA,NA,NA,NA,NA,NA,NA,NA,NA,NA,NA,NA,NA,exposure_to_mediator_reverse,MR-APSS,CAUSE,none,TRUE,,TRUE
fg_dupuis__leanmass_pei__raw,fg_dupuis,leanmass_pei,raw,Weighted median,FALSE,FALSE,per unit of GWAS beta,0.0731088909061382,0.0270570089246573,0.020077153413809896,0.12614062839846651,0.006891722904210333,11,NA,NA,NA,NA,NA,NA,NA,NA,NA,NA,11,43.270241003255045,10,4.449115246939264e-6,0.7688942846598026,41.70703560337951,3.7175608112045445e-6,0.9281825093002221,0.018365084978997043,46368,77.61328807558341,78.84174250892191,0.018365084978997043,1.032738115486958e-4,TRUE,0,NA,NA,NA,NA,NA,NA,NA,NA,NA,NA,NA,NA,NA,NA,NA,NA,NA,NA,NA,NA,NA,NA,NA,NA,NA,NA,NA,NA,NA,NA,NA,NA,NA,NA,NA,NA,NA,NA,NA,NA,NA,NA,NA,NA,NA,NA,NA,NA,NA,NA,NA,NA,NA,NA,NA,NA,NA,NA,NA,exposure_to_mediator_reverse,MR-APSS,CAUSE,none,NA,NA,FALSE
fg_dupuis__leanmass_pei__raw,fg_dupuis,leanmass_pei,raw,Weighted mode,FALSE,FALSE,per unit of GWAS beta,0.08012262409994186,0.0281537729945066,0.02494122903070893,0.13530401916917478,0.0173719815527693,11,NA,NA,NA,NA,NA,NA,NA,NA,NA,NA,11,43.270241003255045,10,4.449115246939264e-6,0.7688942846598026,41.70703560337951,3.7175608112045445e-6,0.9281825093002221,0.018365084978997043,46368,77.61328807558341,78.84174250892191,0.018365084978997043,1.032738115486958e-4,TRUE,0,NA,NA,NA,NA,NA,NA,NA,NA,NA,NA,NA,NA,NA,NA,NA,NA,NA,NA,NA,NA,NA,NA,NA,NA,NA,NA,NA,NA,NA,NA,NA,NA,NA,NA,NA,NA,NA,NA,NA,NA,NA,NA,NA,NA,NA,NA,NA,NA,NA,NA,NA,NA,NA,NA,NA,NA,NA,NA,NA,exposure_to_mediator_reverse,MR-APSS,CAUSE,none,NA,NA,FALSE
fg_manning__ffm_ukb__raw,fg_manning,ffm_ukb,raw,MR-APSS,TRUE,FALSE,SD(outcome) per SD(exposure),0.024893394969022608,0.037438591113420946,-0.04848624361328244,0.09827303355132766,0.50611,86,NA,NA,NA,NA,NA,NA,NA,NA,NA,NA,NA,NA,NA,NA,NA,NA,NA,NA,NA,NA,NA,NA,NA,NA,NA,NA,NA,36.76727045510061,0.42752375883232097,2.794839251768848e-7,0.020232653282965016,0.160869652980208,TRUE,5e-5,0.32061158637026554,0.08061038595482385,0.1626152298988108,0.47860794284172026,1.246469962214928e-8,3.99632711948613e-9,4.9509893624623616e-8,1.0197934691290915,0.020232653282965016,1.4852708503586758,0.019839951809304875,0.007089202525541483,NA,NA,NA,NA,NA,NA,NA,NA,NA,NA,NA,NA,NA,NA,NA,NA,NA,NA,NA,NA,NA,NA,NA,NA,NA,NA,NA,NA,NA,NA,NA,NA,NA,NA,NA,NA,NA,NA,NA,exposure_to_mediator_reverse,MR-APSS,CAUSE,none,NA,NA,TRUE
fg_manning__ffm_ukb__raw,fg_manning,ffm_ukb,raw,CAUSE,FALSE,TRUE,SD(outcome) per SD(exposure),0.005181196359769009,NA,-0.03311154826554041,0.04219692053330357,NA,609,NA,NA,NA,NA,NA,NA,NA,NA,NA,NA,NA,NA,NA,NA,NA,NA,NA,NA,NA,NA,NA,NA,NA,NA,NA,NA,NA,NA,NA,NA,NA,NA,NA,NA,NA,NA,NA,NA,NA,NA,NA,NA,NA,NA,NA,NA,0.3960751598383999,FALSE,0.06997051849111531,-0.006264063257730644,0.030832946113010934,1.1771289568882648,0.4031048900455627,0.9982507160909267,0.0052346570632187785,-0.03281638458953752,0.042448654696914216,-0.008109234814759322,-0.6607397907388762,0.6171009409994066,0.030198309397691803,0.0011738947001779737,0.254456545623793,-1.4083043780138322e-4,-0.02299142174864088,0.01996095453923181,0.004467662998216089,-0.03278127346611199,0.040518990904766045,NA,NA,NA,0.026977913282491793,9.507075324889763e-4,0.22442396922234537,1.1771289568882648,0.4031048900455627,gamma + q*eta interval spans 0: fraction not reported,NA,NA,NA,NA,NA,NA,NA,exposure_to_mediator_reverse,MR-APSS,CAUSE,none,NA,NA,TRUE
fg_manning__ffm_ukb__raw,fg_manning,ffm_ukb,raw,IVW-FE,FALSE,FALSE,per unit of GWAS beta,0.010891736002793024,0.008665071952276284,-0.006091805023668491,0.02787527702925454,0.20876447764137113,22,NA,NA,NA,NA,NA,NA,NA,NA,NA,NA,22,492.65180596165885,21,5.058674501205248e-91,0.9573735450761053,477.3623493900129,1.582350552303479e-88,0.9548178881744727,0.03505223278437391,58074,92.91749623825922,95.85149836834225,0.03505223278437391,0.0010863348056173185,TRUE,0,NA,NA,NA,NA,NA,NA,NA,NA,NA,NA,NA,NA,NA,NA,NA,NA,NA,NA,NA,NA,NA,NA,NA,NA,NA,NA,NA,NA,NA,NA,NA,NA,NA,NA,NA,NA,NA,NA,NA,NA,NA,NA,NA,NA,NA,NA,NA,NA,NA,NA,NA,NA,NA,NA,NA,NA,NA,NA,NA,exposure_to_mediator_reverse,MR-APSS,CAUSE,none,NA,NA,FALSE
fg_manning__ffm_ukb__raw,fg_manning,ffm_ukb,raw,IVW-MRE,FALSE,FALSE,per unit of GWAS beta,0.010891736002793024,0.04196938115669161,-0.07136825106432253,0.09315172306990858,0.7952369532419852,22,4.843512135599336,NA,NA,NA,NA,NA,NA,NA,NA,NA,22,492.65180596165885,21,5.058674501205248e-91,0.9573735450761053,477.3623493900129,1.582350552303479e-88,0.9548178881744727,0.03505223278437391,58074,92.91749623825922,95.85149836834225,0.03505223278437391,0.0010863348056173185,TRUE,0,NA,NA,NA,NA,NA,NA,NA,NA,NA,NA,NA,NA,NA,NA,NA,NA,NA,NA,NA,NA,NA,NA,NA,NA,NA,NA,NA,NA,NA,NA,NA,NA,NA,NA,NA,NA,NA,NA,NA,NA,NA,NA,NA,NA,NA,NA,NA,NA,NA,NA,NA,NA,NA,NA,NA,NA,NA,NA,NA,exposure_to_mediator_reverse,MR-APSS,CAUSE,none,NA,NA,FALSE
fg_manning__ffm_ukb__raw,fg_manning,ffm_ukb,raw,MR-APSS (p<5e-8),FALSE,FALSE,SD(outcome) per SD(exposure),-0.005087858206272068,0.04683889620168256,-0.09689209476156987,0.08671637834902574,0.9135,20,NA,NA,NA,NA,NA,NA,NA,NA,NA,NA,NA,NA,NA,NA,NA,NA,NA,NA,NA,NA,NA,NA,NA,NA,NA,NA,NA,19.99649063141608,0.9998245331513129,3.080498280504572e-7,0.020232653282965016,0.160869652980208,TRUE,5e-8,0.32061158637026554,0.08061038595482385,0.1626152298988108,0.47860794284172026,1.246469962214928e-8,3.99632711948613e-9,4.9509893624623616e-8,1.0197934691290915,0.020232653282965016,1.4852708503586758,0.019839951809304875,0.007089202525541483,NA,NA,NA,NA,NA,NA,NA,NA,NA,NA,NA,NA,NA,NA,NA,NA,NA,NA,NA,NA,NA,NA,NA,NA,NA,NA,NA,NA,NA,NA,NA,NA,NA,NA,NA,NA,NA,NA,NA,exposure_to_mediator_reverse,MR-APSS,CAUSE,none,NA,NA,TRUE
fg_manning__ffm_ukb__raw,fg_manning,ffm_ukb,raw,MR-Egger,FALSE,FALSE,per unit of GWAS beta,-0.05075719612277239,0.08789277866155558,-0.2230270422994213,0.12151265005387654,0.57005330933298,22,NA,0.0026116095457899566,0.0032630317966505385,0.4329054865768043,NA,NA,NA,NA,NA,NA,22,492.65180596165885,21,5.058674501205248e-91,0.9573735450761053,477.3623493900129,1.582350552303479e-88,0.9548178881744727,0.03505223278437391,58074,92.91749623825922,95.85149836834225,0.03505223278437391,0.0010863348056173185,TRUE,0,NA,NA,NA,NA,NA,NA,NA,NA,NA,NA,NA,NA,NA,NA,NA,NA,NA,NA,NA,NA,NA,NA,NA,NA,NA,NA,NA,NA,NA,NA,NA,NA,NA,NA,NA,NA,NA,NA,NA,NA,NA,NA,NA,NA,NA,NA,NA,NA,NA,NA,NA,NA,NA,NA,NA,NA,NA,NA,NA,exposure_to_mediator_reverse,MR-APSS,CAUSE,none,NA,NA,FALSE
fg_manning__ffm_ukb__raw,fg_manning,ffm_ukb,raw,MR-PRESSO,FALSE,FALSE,per unit of GWAS beta,0.00192650957791336,0.0307685946956688,-0.05837993602559748,0.06223295518142421,0.95130862042246,11,NA,NA,NA,NA,0.001,11,Outlier-corrected,0.001,NA,NA,22,492.65180596165885,21,5.058674501205248e-91,0.9573735450761053,477.3623493900129,1.582350552303479e-88,0.9548178881744727,0.03505223278437391,58074,92.91749623825922,95.85149836834225,0.03505223278437391,0.0010863348056173185,TRUE,0,NA,NA,NA,NA,NA,NA,NA,NA,NA,NA,NA,NA,NA,NA,NA,NA,NA,NA,NA,NA,NA,NA,NA,NA,NA,NA,NA,NA,NA,NA,NA,NA,NA,NA,NA,NA,NA,NA,NA,NA,NA,NA,NA,NA,NA,NA,NA,NA,NA,NA,NA,NA,NA,NA,NA,NA,NA,NA,NA,exposure_to_mediator_reverse,MR-APSS,CAUSE,none,NA,NA,FALSE
fg_manning__ffm_ukb__raw,fg_manning,ffm_ukb,raw,MR-RAPS,FALSE,FALSE,per unit of GWAS beta,-0.03298436703285129,0.03786175523032685,-0.10719340728429191,0.04122467321858933,0.38365641028943204,22,NA,NA,NA,NA,NA,NA,NA,NA,NA,NA,22,492.65180596165885,21,5.058674501205248e-91,0.9573735450761053,477.3623493900129,1.582350552303479e-88,0.9548178881744727,0.03505223278437391,58074,92.91749623825922,95.85149836834225,0.03505223278437391,0.0010863348056173185,TRUE,0,NA,NA,NA,NA,NA,NA,NA,NA,NA,NA,NA,NA,NA,NA,NA,NA,NA,NA,NA,NA,NA,NA,NA,NA,NA,NA,NA,NA,NA,NA,NA,NA,NA,NA,NA,NA,NA,NA,NA,NA,NA,NA,NA,NA,NA,NA,NA,NA,NA,NA,NA,NA,NA,NA,NA,NA,NA,NA,NA,exposure_to_mediator_reverse,MR-APSS,CAUSE,none,TRUE,,FALSE
fg_manning__ffm_ukb__raw,fg_manning,ffm_ukb,raw,MRAID,FALSE,FALSE,SD(outcome) per SD(exposure),1.223803445554624,0.2822814278458862,0.6705318469766871,1.7770750441325611,1.4549403363252981e-5,51,NA,NA,NA,NA,NA,NA,NA,NA,NA,NA,NA,NA,NA,NA,NA,NA,NA,NA,NA,NA,NA,NA,NA,NA,NA,NA,NA,NA,NA,NA,NA,NA,NA,NA,NA,NA,NA,NA,NA,NA,NA,NA,NA,NA,NA,NA,NA,NA,NA,NA,NA,NA,NA,NA,NA,NA,NA,NA,NA,NA,NA,NA,NA,NA,NA,NA,NA,NA,NA,NA,NA,NA,NA,NA,NA,NA,NA,NA,-0.24929489328516238,0.008103018772329218,0.006830703842351309,0.9489685328263257,0.9968828342290357,27,0.5,exposure_to_mediator_reverse,MR-APSS,CAUSE,none,NA,NA,FALSE
fg_manning__ffm_ukb__raw,fg_manning,ffm_ukb,raw,MRBEE,FALSE,FALSE,per unit of GWAS beta,-0.005047836473959623,0.036356569642624924,-0.07630671297350447,0.06621104002558523,0.8895746209506468,22,NA,NA,NA,NA,NA,NA,NA,NA,2,0.01956314432010944,22,492.65180596165885,21,5.058674501205248e-91,0.9573735450761053,477.3623493900129,1.582350552303479e-88,0.9548178881744727,0.03505223278437391,58074,92.91749623825922,95.85149836834225,0.03505223278437391,0.0010863348056173185,TRUE,0,NA,NA,NA,NA,NA,NA,NA,NA,NA,NA,NA,NA,NA,NA,NA,NA,NA,NA,NA,NA,NA,NA,NA,NA,NA,NA,NA,NA,NA,NA,NA,NA,NA,NA,NA,NA,NA,NA,NA,NA,NA,NA,NA,NA,NA,NA,NA,NA,NA,NA,NA,NA,NA,NA,NA,NA,NA,NA,NA,exposure_to_mediator_reverse,MR-APSS,CAUSE,none,TRUE,,TRUE
fg_manning__ffm_ukb__raw,fg_manning,ffm_ukb,raw,Weighted median,FALSE,FALSE,per unit of GWAS beta,-0.04018746831780404,0.018897095326234764,-0.07722577515722417,-0.0031491614783838995,0.03344934841474637,22,NA,NA,NA,NA,NA,NA,NA,NA,NA,NA,22,492.65180596165885,21,5.058674501205248e-91,0.9573735450761053,477.3623493900129,1.582350552303479e-88,0.9548178881744727,0.03505223278437391,58074,92.91749623825922,95.85149836834225,0.03505223278437391,0.0010863348056173185,TRUE,0,NA,NA,NA,NA,NA,NA,NA,NA,NA,NA,NA,NA,NA,NA,NA,NA,NA,NA,NA,NA,NA,NA,NA,NA,NA,NA,NA,NA,NA,NA,NA,NA,NA,NA,NA,NA,NA,NA,NA,NA,NA,NA,NA,NA,NA,NA,NA,NA,NA,NA,NA,NA,NA,NA,NA,NA,NA,NA,NA,exposure_to_mediator_reverse,MR-APSS,CAUSE,none,NA,NA,FALSE
fg_manning__ffm_ukb__raw,fg_manning,ffm_ukb,raw,Weighted mode,FALSE,FALSE,per unit of GWAS beta,-0.03196815175191936,0.01456324788593744,-0.060512117608356744,-0.00342418589548198,0.039534459094648824,22,NA,NA,NA,NA,NA,NA,NA,NA,NA,NA,22,492.65180596165885,21,5.058674501205248e-91,0.9573735450761053,477.3623493900129,1.582350552303479e-88,0.9548178881744727,0.03505223278437391,58074,92.91749623825922,95.85149836834225,0.03505223278437391,0.0010863348056173185,TRUE,0,NA,NA,NA,NA,NA,NA,NA,NA,NA,NA,NA,NA,NA,NA,NA,NA,NA,NA,NA,NA,NA,NA,NA,NA,NA,NA,NA,NA,NA,NA,NA,NA,NA,NA,NA,NA,NA,NA,NA,NA,NA,NA,NA,NA,NA,NA,NA,NA,NA,NA,NA,NA,NA,NA,NA,NA,NA,NA,NA,exposure_to_mediator_reverse,MR-APSS,CAUSE,none,NA,NA,FALSE
fg_manning__leanmass_pei__raw,fg_manning,leanmass_pei,raw,MR-APSS,TRUE,FALSE,SD(outcome) per SD(exposure),0.05970862031189131,0.037025661674619105,-0.012861676570362135,0.13227891719414475,0.10683,86,NA,NA,NA,NA,NA,NA,NA,NA,NA,NA,NA,NA,NA,NA,NA,NA,NA,NA,NA,NA,NA,NA,NA,NA,NA,NA,NA,37.42001421362942,0.435114554305073,2.4690231149500085e-7,0.00954722110954983,0.01992655681447833,FALSE,5e-5,0.044365060342474776,0.07559627393752659,-0.10380363657507732,0.1925337572600269,1.2307060274140602e-8,5.460034717007219e-10,6.100591665875359e-8,1.0212162788870767,0.00954722110954983,1.6435852628311824,0.00934887281659318,0.0033575820698263175,NA,NA,NA,NA,NA,NA,NA,NA,NA,NA,NA,NA,NA,NA,NA,NA,NA,NA,NA,NA,NA,NA,NA,NA,NA,NA,NA,NA,NA,NA,NA,NA,NA,NA,NA,NA,NA,NA,NA,exposure_to_mediator_reverse,MR-APSS,CAUSE,none,NA,NA,TRUE
fg_manning__leanmass_pei__raw,fg_manning,leanmass_pei,raw,CAUSE,FALSE,TRUE,SD(outcome) per SD(exposure),0.008348300912647166,NA,-0.033411397170780774,0.04878251661893201,NA,608,NA,NA,NA,NA,NA,NA,NA,NA,NA,NA,NA,NA,NA,NA,NA,NA,NA,NA,NA,NA,NA,NA,NA,NA,NA,NA,NA,NA,NA,NA,NA,NA,NA,NA,NA,NA,NA,NA,NA,NA,NA,NA,NA,NA,NA,NA,0.3484537743542174,FALSE,0.007372994468258844,0.011314158274550856,0.028693311623273134,0.8080453018036446,0.3167559048399082,0.9946293318018563,0.008456732076063886,-0.032850118699908906,0.04915957245022551,0.01054489769935199,-0.6608168347376917,0.6805331493797069,0.02851876096959894,0.0010580680559441034,0.2293268149104226,1.7950245726636025e-4,-0.021410579221213727,0.023447208833317846,0.008992498105792232,-0.03201511114801919,0.04949475190451827,NA,NA,NA,0.026777780755902786,9.98449694445225e-4,0.21479755510344412,0.8080453018036446,0.3167559048399082,gamma + q*eta interval spans 0: fraction not reported,NA,NA,NA,NA,NA,NA,NA,exposure_to_mediator_reverse,MR-APSS,CAUSE,none,NA,NA,TRUE
fg_manning__leanmass_pei__raw,fg_manning,leanmass_pei,raw,IVW-FE,FALSE,FALSE,per unit of GWAS beta,0.04708012109079032,0.0130986987671826,0.021406671507112427,0.07275357067446822,3.253156136505875e-4,22,NA,NA,NA,NA,NA,NA,NA,NA,NA,NA,22,557.8073542588347,21,1.1645148330993418e-104,0.9623525938844909,529.0215017066058,2.407920731303923e-99,0.9548178881744727,0.03505223278437391,58074,92.91749623825922,95.85149836834225,0.03505223278437391,0.0012671836969678216,TRUE,0,NA,NA,NA,NA,NA,NA,NA,NA,NA,NA,NA,NA,NA,NA,NA,NA,NA,NA,NA,NA,NA,NA,NA,NA,NA,NA,NA,NA,NA,NA,NA,NA,NA,NA,NA,NA,NA,NA,NA,NA,NA,NA,NA,NA,NA,NA,NA,NA,NA,NA,NA,NA,NA,NA,NA,NA,NA,NA,NA,exposure_to_mediator_reverse,MR-APSS,CAUSE,none,NA,NA,FALSE
fg_manning__leanmass_pei__raw,fg_manning,leanmass_pei,raw,IVW-MRE,FALSE,FALSE,per unit of GWAS beta,0.04708012109079032,0.06750883683717722,-0.08523719911007702,0.17939744129165766,0.48555752199139857,22,5.153858260052018,NA,NA,NA,NA,NA,NA,NA,NA,NA,22,557.8073542588347,21,1.1645148330993418e-104,0.9623525938844909,529.0215017066058,2.407920731303923e-99,0.9548178881744727,0.03505223278437391,58074,92.91749623825922,95.85149836834225,0.03505223278437391,0.0012671836969678216,TRUE,0,NA,NA,NA,NA,NA,NA,NA,NA,NA,NA,NA,NA,NA,NA,NA,NA,NA,NA,NA,NA,NA,NA,NA,NA,NA,NA,NA,NA,NA,NA,NA,NA,NA,NA,NA,NA,NA,NA,NA,NA,NA,NA,NA,NA,NA,NA,NA,NA,NA,NA,NA,NA,NA,NA,NA,NA,NA,NA,NA,exposure_to_mediator_reverse,MR-APSS,CAUSE,none,NA,NA,FALSE
fg_manning__leanmass_pei__raw,fg_manning,leanmass_pei,raw,MR-APSS (p<5e-8),FALSE,FALSE,SD(outcome) per SD(exposure),0.034943532100736134,0.047635461111689946,-0.058421971678176164,0.12830903587964843,0.46322,20,NA,NA,NA,NA,NA,NA,NA,NA,NA,NA,NA,NA,NA,NA,NA,NA,NA,NA,NA,NA,NA,NA,NA,NA,NA,NA,NA,19.994894979476243,0.9997447631831061,2.848266377614844e-7,0.00954722110954983,0.01992655681447833,FALSE,5e-8,0.044365060342474776,0.07559627393752659,-0.10380363657507732,0.1925337572600269,1.2307060274140602e-8,5.460034717007219e-10,6.100591665875359e-8,1.0212162788870767,0.00954722110954983,1.6435852628311824,0.00934887281659318,0.0033575820698263175,NA,NA,NA,NA,NA,NA,NA,NA,NA,NA,NA,NA,NA,NA,NA,NA,NA,NA,NA,NA,NA,NA,NA,NA,NA,NA,NA,NA,NA,NA,NA,NA,NA,NA,NA,NA,NA,NA,NA,exposure_to_mediator_reverse,MR-APSS,CAUSE,none,NA,NA,TRUE
fg_manning__leanmass_pei__raw,fg_manning,leanmass_pei,raw,MR-Egger,FALSE,FALSE,per unit of GWAS beta,-0.08054111809342358,0.1396585803877014,-0.3542719356533183,0.1931896994664712,0.5705766018508683,22,NA,0.005434568320351863,0.005209513511231566,0.30930168099082567,NA,NA,NA,NA,NA,NA,22,557.8073542588347,21,1.1645148330993418e-104,0.9623525938844909,529.0215017066058,2.407920731303923e-99,0.9548178881744727,0.03505223278437391,58074,92.91749623825922,95.85149836834225,0.03505223278437391,0.0012671836969678216,TRUE,0,NA,NA,NA,NA,NA,NA,NA,NA,NA,NA,NA,NA,NA,NA,NA,NA,NA,NA,NA,NA,NA,NA,NA,NA,NA,NA,NA,NA,NA,NA,NA,NA,NA,NA,NA,NA,NA,NA,NA,NA,NA,NA,NA,NA,NA,NA,NA,NA,NA,NA,NA,NA,NA,NA,NA,NA,NA,NA,NA,exposure_to_mediator_reverse,MR-APSS,CAUSE,none,NA,NA,FALSE
fg_manning__leanmass_pei__raw,fg_manning,leanmass_pei,raw,MR-PRESSO,FALSE,FALSE,per unit of GWAS beta,0.0849522047443796,0.0358676659100396,0.014651579560701997,0.15525282992805722,0.0372511142602401,12,NA,NA,NA,NA,0.001,10,Outlier-corrected,0.866,NA,NA,22,557.8073542588347,21,1.1645148330993418e-104,0.9623525938844909,529.0215017066058,2.407920731303923e-99,0.9548178881744727,0.03505223278437391,58074,92.91749623825922,95.85149836834225,0.03505223278437391,0.0012671836969678216,TRUE,0,NA,NA,NA,NA,NA,NA,NA,NA,NA,NA,NA,NA,NA,NA,NA,NA,NA,NA,NA,NA,NA,NA,NA,NA,NA,NA,NA,NA,NA,NA,NA,NA,NA,NA,NA,NA,NA,NA,NA,NA,NA,NA,NA,NA,NA,NA,NA,NA,NA,NA,NA,NA,NA,NA,NA,NA,NA,NA,NA,exposure_to_mediator_reverse,MR-APSS,CAUSE,none,NA,NA,FALSE
fg_manning__leanmass_pei__raw,fg_manning,leanmass_pei,raw,MR-RAPS,FALSE,FALSE,per unit of GWAS beta,-0.03638304695714581,0.062180675365408486,-0.15825717067334644,0.08549107675905482,0.5584682191460992,22,NA,NA,NA,NA,NA,NA,NA,NA,NA,NA,22,557.8073542588347,21,1.1645148330993418e-104,0.9623525938844909,529.0215017066058,2.407920731303923e-99,0.9548178881744727,0.03505223278437391,58074,92.91749623825922,95.85149836834225,0.03505223278437391,0.0012671836969678216,TRUE,0,NA,NA,NA,NA,NA,NA,NA,NA,NA,NA,NA,NA,NA,NA,NA,NA,NA,NA,NA,NA,NA,NA,NA,NA,NA,NA,NA,NA,NA,NA,NA,NA,NA,NA,NA,NA,NA,NA,NA,NA,NA,NA,NA,NA,NA,NA,NA,NA,NA,NA,NA,NA,NA,NA,NA,NA,NA,NA,NA,exposure_to_mediator_reverse,MR-APSS,CAUSE,none,TRUE,,FALSE
fg_manning__leanmass_pei__raw,fg_manning,leanmass_pei,raw,MRAID,FALSE,FALSE,SD(outcome) per SD(exposure),1.4834363147937768,0.2871639450918655,0.9205949824137204,2.046277647173833,2.3939125757820775e-7,51,NA,NA,NA,NA,NA,NA,NA,NA,NA,NA,NA,NA,NA,NA,NA,NA,NA,NA,NA,NA,NA,NA,NA,NA,NA,NA,NA,NA,NA,NA,NA,NA,NA,NA,NA,NA,NA,NA,NA,NA,NA,NA,NA,NA,NA,NA,NA,NA,NA,NA,NA,NA,NA,NA,NA,NA,NA,NA,NA,NA,NA,NA,NA,NA,NA,NA,NA,NA,NA,NA,NA,NA,NA,NA,NA,NA,NA,NA,-0.08528179657018507,0.008431723301885614,0.007323041255447643,0.9604996087447564,0.9964901424369105,27,0.5,exposure_to_mediator_reverse,MR-APSS,CAUSE,none,NA,NA,FALSE
fg_manning__leanmass_pei__raw,fg_manning,leanmass_pei,raw,MRBEE,FALSE,FALSE,per unit of GWAS beta,-3.977994528231324e-4,0.050678029447899654,-0.09972673717070644,0.09893113826506018,0.9937370338634043,22,NA,NA,NA,NA,NA,NA,NA,NA,1,4.5758564446781054e-4,22,557.8073542588347,21,1.1645148330993418e-104,0.9623525938844909,529.0215017066058,2.407920731303923e-99,0.9548178881744727,0.03505223278437391,58074,92.91749623825922,95.85149836834225,0.03505223278437391,0.0012671836969678216,TRUE,0,NA,NA,NA,NA,NA,NA,NA,NA,NA,NA,NA,NA,NA,NA,NA,NA,NA,NA,NA,NA,NA,NA,NA,NA,NA,NA,NA,NA,NA,NA,NA,NA,NA,NA,NA,NA,NA,NA,NA,NA,NA,NA,NA,NA,NA,NA,NA,NA,NA,NA,NA,NA,NA,NA,NA,NA,NA,NA,NA,exposure_to_mediator_reverse,MR-APSS,CAUSE,none,TRUE,,TRUE
fg_manning__leanmass_pei__raw,fg_manning,leanmass_pei,raw,Weighted median,FALSE,FALSE,per unit of GWAS beta,-0.04555076420176578,0.025642205099539073,-0.09580948619686236,0.0047079577933308026,0.07566732544856442,22,NA,NA,NA,NA,NA,NA,NA,NA,NA,NA,22,557.8073542588347,21,1.1645148330993418e-104,0.9623525938844909,529.0215017066058,2.407920731303923e-99,0.9548178881744727,0.03505223278437391,58074,92.91749623825922,95.85149836834225,0.03505223278437391,0.0012671836969678216,TRUE,0,NA,NA,NA,NA,NA,NA,NA,NA,NA,NA,NA,NA,NA,NA,NA,NA,NA,NA,NA,NA,NA,NA,NA,NA,NA,NA,NA,NA,NA,NA,NA,NA,NA,NA,NA,NA,NA,NA,NA,NA,NA,NA,NA,NA,NA,NA,NA,NA,NA,NA,NA,NA,NA,NA,NA,NA,NA,NA,NA,exposure_to_mediator_reverse,MR-APSS,CAUSE,none,NA,NA,FALSE
fg_manning__leanmass_pei__raw,fg_manning,leanmass_pei,raw,Weighted mode,FALSE,FALSE,per unit of GWAS beta,-0.009210859088766066,0.01800451800997481,-0.044499714388316694,0.026077996210784563,0.6142783607999152,22,NA,NA,NA,NA,NA,NA,NA,NA,NA,NA,22,557.8073542588347,21,1.1645148330993418e-104,0.9623525938844909,529.0215017066058,2.407920731303923e-99,0.9548178881744727,0.03505223278437391,58074,92.91749623825922,95.85149836834225,0.03505223278437391,0.0012671836969678216,TRUE,0,NA,NA,NA,NA,NA,NA,NA,NA,NA,NA,NA,NA,NA,NA,NA,NA,NA,NA,NA,NA,NA,NA,NA,NA,NA,NA,NA,NA,NA,NA,NA,NA,NA,NA,NA,NA,NA,NA,NA,NA,NA,NA,NA,NA,NA,NA,NA,NA,NA,NA,NA,NA,NA,NA,NA,NA,NA,NA,NA,exposure_to_mediator_reverse,MR-APSS,CAUSE,none,NA,NA,FALSE
glu2h_chen__ffm_ukb__raw,glu2h_chen,ffm_ukb,raw,MR-APSS,TRUE,FALSE,SD(outcome) per SD(exposure),-0.19550173657784525,0.06681569597600313,-0.3264605006908114,-0.06454297246487911,0.0034337,72,NA,NA,NA,NA,NA,NA,NA,NA,NA,NA,NA,NA,NA,NA,NA,NA,NA,NA,NA,NA,NA,NA,NA,NA,NA,NA,NA,24.647115319083404,0.3423223629989497,4.334017819358117e-7,-0.0445596159354163,-0.201906813526618,TRUE,5e-5,-0.46573756321918086,0.11212227535115564,-0.6854972229074459,-0.2459779035309158,9.445517861126436e-9,-4.3991324719842755e-9,5.025813366728393e-8,1.0146594367315562,-0.0445596159354163,1.4906466170306878,-0.043915834537500316,-0.01639524719281299,NA,NA,NA,NA,NA,NA,NA,NA,NA,NA,NA,NA,NA,NA,NA,NA,NA,NA,NA,NA,NA,NA,NA,NA,NA,NA,NA,NA,NA,NA,NA,NA,NA,NA,NA,NA,NA,NA,NA,exposure_to_mediator_reverse,MR-APSS,CAUSE,none,NA,NA,TRUE
glu2h_chen__ffm_ukb__raw,glu2h_chen,ffm_ukb,raw,CAUSE,FALSE,TRUE,SD(outcome) per SD(exposure),-0.14668704752079073,NA,-0.24481827225627878,-0.050421289294497344,NA,563,NA,NA,NA,NA,NA,NA,NA,NA,NA,NA,NA,NA,NA,NA,NA,NA,NA,NA,NA,NA,NA,NA,NA,NA,NA,NA,NA,NA,NA,NA,NA,NA,NA,NA,NA,NA,NA,NA,NA,NA,NA,NA,NA,NA,NA,NA,0.975,TRUE,-0.07508362307023182,-0.045772895252535924,0.03385976507814975,-3.5518606964815995,1.8989144597889887,0.030709356579620387,-0.14663092549736673,-0.24451286902847952,-0.04952822198437543,-0.050186487701665033,-1.3490617381346048,0.8665119065513528,0.032824795528531375,0.0011506302379814888,0.24271200802265377,-9.61748765876363e-4,-0.047070438780247054,0.035991062967246856,-0.1490079772684882,-0.24400674754738913,-0.05521770136407979,0.006460106307502906,-0.3064878380901809,0.3580436850824359,0.06916086929332879,0.0022118339717806784,0.38040786723269926,-3.5518606964815995,1.8989144597889887,,NA,NA,NA,NA,NA,NA,NA,exposure_to_mediator_reverse,MR-APSS,CAUSE,none,NA,NA,TRUE
glu2h_chen__ffm_ukb__raw,glu2h_chen,ffm_ukb,raw,IVW-FE,FALSE,FALSE,per unit of GWAS beta,-0.06865469589188948,0.005820856486133812,-0.08006357460471175,-0.05724581717906721,4.1615466283969186e-32,12,NA,NA,NA,NA,NA,NA,NA,NA,NA,NA,12,275.70861827247523,11,1.1310299377385255e-52,0.9601028068367127,243.98478309711564,9.973632628857064e-47,0.8757353676698695,0.011209434538058479,63396,59.28711767676538,59.87850327315743,0.011209434538058479,9.117153203542808e-4,TRUE,0,NA,NA,NA,NA,NA,NA,NA,NA,NA,NA,NA,NA,NA,NA,NA,NA,NA,NA,NA,NA,NA,NA,NA,NA,NA,NA,NA,NA,NA,NA,NA,NA,NA,NA,NA,NA,NA,NA,NA,NA,NA,NA,NA,NA,NA,NA,NA,NA,NA,NA,NA,NA,NA,NA,NA,NA,NA,NA,NA,exposure_to_mediator_reverse,MR-APSS,CAUSE,none,NA,NA,FALSE
glu2h_chen__ffm_ukb__raw,glu2h_chen,ffm_ukb,raw,IVW-MRE,FALSE,FALSE,per unit of GWAS beta,-0.06865469589188948,0.029141756171743655,-0.12577253798850704,-0.011536853795271917,0.01847851845765767,12,5.006437839717207,NA,NA,NA,NA,NA,NA,NA,NA,NA,12,275.70861827247523,11,1.1310299377385255e-52,0.9601028068367127,243.98478309711564,9.973632628857064e-47,0.8757353676698695,0.011209434538058479,63396,59.28711767676538,59.87850327315743,0.011209434538058479,9.117153203542808e-4,TRUE,0,NA,NA,NA,NA,NA,NA,NA,NA,NA,NA,NA,NA,NA,NA,NA,NA,NA,NA,NA,NA,NA,NA,NA,NA,NA,NA,NA,NA,NA,NA,NA,NA,NA,NA,NA,NA,NA,NA,NA,NA,NA,NA,NA,NA,NA,NA,NA,NA,NA,NA,NA,NA,NA,NA,NA,NA,NA,NA,NA,exposure_to_mediator_reverse,MR-APSS,CAUSE,none,NA,NA,FALSE
glu2h_chen__ffm_ukb__raw,glu2h_chen,ffm_ukb,raw,MR-APSS (p<5e-8),FALSE,FALSE,SD(outcome) per SD(exposure),-0.16162194944448596,0.08817926593815609,-0.3344533106832719,0.011209411794299962,0.066821,12,NA,NA,NA,NA,NA,NA,NA,NA,NA,NA,NA,NA,NA,NA,NA,NA,NA,NA,NA,NA,NA,NA,NA,NA,NA,NA,NA,7.9574934949711515,0.6631179325005989,4.1286547570979377e-7,-0.0445596159354163,-0.201906813526618,TRUE,5e-8,-0.46573756321918086,0.11212227535115564,-0.6854972229074459,-0.2459779035309158,9.445517861126436e-9,-4.3991324719842755e-9,5.025813366728393e-8,1.0146594367315562,-0.0445596159354163,1.4906466170306878,-0.043915834537500316,-0.01639524719281299,NA,NA,NA,NA,NA,NA,NA,NA,NA,NA,NA,NA,NA,NA,NA,NA,NA,NA,NA,NA,NA,NA,NA,NA,NA,NA,NA,NA,NA,NA,NA,NA,NA,NA,NA,NA,NA,NA,NA,exposure_to_mediator_reverse,MR-APSS,CAUSE,none,NA,NA,TRUE
glu2h_chen__ffm_ukb__raw,glu2h_chen,ffm_ukb,raw,MR-Egger,FALSE,FALSE,per unit of GWAS beta,0.011404131157356613,0.07586893062714987,-0.13729897287185713,0.16010723518657036,0.8835058672629338,12,NA,-0.006305567052020964,0.005529841409636627,0.2807438385034854,NA,NA,NA,NA,NA,NA,12,275.70861827247523,11,1.1310299377385255e-52,0.9601028068367127,243.98478309711564,9.973632628857064e-47,0.8757353676698695,0.011209434538058479,63396,59.28711767676538,59.87850327315743,0.011209434538058479,9.117153203542808e-4,TRUE,0,NA,NA,NA,NA,NA,NA,NA,NA,NA,NA,NA,NA,NA,NA,NA,NA,NA,NA,NA,NA,NA,NA,NA,NA,NA,NA,NA,NA,NA,NA,NA,NA,NA,NA,NA,NA,NA,NA,NA,NA,NA,NA,NA,NA,NA,NA,NA,NA,NA,NA,NA,NA,NA,NA,NA,NA,NA,NA,NA,exposure_to_mediator_reverse,MR-APSS,CAUSE,none,NA,NA,FALSE
glu2h_chen__ffm_ukb__raw,glu2h_chen,ffm_ukb,raw,MR-PRESSO,FALSE,FALSE,per unit of GWAS beta,-0.0567974275330546,0.010910923567376,-0.07818283772511156,-0.03541201734099764,0.00200401428494283,7,NA,NA,NA,NA,0.001,5,Outlier-corrected,0.001,NA,NA,12,275.70861827247523,11,1.1310299377385255e-52,0.9601028068367127,243.98478309711564,9.973632628857064e-47,0.8757353676698695,0.011209434538058479,63396,59.28711767676538,59.87850327315743,0.011209434538058479,9.117153203542808e-4,TRUE,0,NA,NA,NA,NA,NA,NA,NA,NA,NA,NA,NA,NA,NA,NA,NA,NA,NA,NA,NA,NA,NA,NA,NA,NA,NA,NA,NA,NA,NA,NA,NA,NA,NA,NA,NA,NA,NA,NA,NA,NA,NA,NA,NA,NA,NA,NA,NA,NA,NA,NA,NA,NA,NA,NA,NA,NA,NA,NA,NA,exposure_to_mediator_reverse,MR-APSS,CAUSE,none,NA,NA,FALSE
glu2h_chen__ffm_ukb__raw,glu2h_chen,ffm_ukb,raw,MR-RAPS,FALSE,FALSE,per unit of GWAS beta,-0.0360248365961584,0.023009661918069885,-0.08112377395557538,0.009074100763258576,0.11743302686100336,12,NA,NA,NA,NA,NA,NA,NA,NA,NA,NA,12,275.70861827247523,11,1.1310299377385255e-52,0.9601028068367127,243.98478309711564,9.973632628857064e-47,0.8757353676698695,0.011209434538058479,63396,59.28711767676538,59.87850327315743,0.011209434538058479,9.117153203542808e-4,TRUE,0,NA,NA,NA,NA,NA,NA,NA,NA,NA,NA,NA,NA,NA,NA,NA,NA,NA,NA,NA,NA,NA,NA,NA,NA,NA,NA,NA,NA,NA,NA,NA,NA,NA,NA,NA,NA,NA,NA,NA,NA,NA,NA,NA,NA,NA,NA,NA,NA,NA,NA,NA,NA,NA,NA,NA,NA,NA,NA,NA,exposure_to_mediator_reverse,MR-APSS,CAUSE,none,TRUE,,FALSE
glu2h_chen__ffm_ukb__raw,glu2h_chen,ffm_ukb,raw,MRAID,FALSE,FALSE,SD(outcome) per SD(exposure),-0.17546328608653497,0.0345534453592821,-0.24318803899072788,-0.10773853318234206,3.8137697046077445e-7,27,NA,NA,NA,NA,NA,NA,NA,NA,NA,NA,NA,NA,NA,NA,NA,NA,NA,NA,NA,NA,NA,NA,NA,NA,NA,NA,NA,NA,NA,NA,NA,NA,NA,NA,NA,NA,NA,NA,NA,NA,NA,NA,NA,NA,NA,NA,NA,NA,NA,NA,NA,NA,NA,NA,NA,NA,NA,NA,NA,NA,NA,NA,NA,NA,NA,NA,NA,NA,NA,NA,NA,NA,NA,NA,NA,NA,NA,NA,0.033531897133064724,0.017092795800913513,0.027237542495017024,0.9827945809707531,0.9989500334011574,15,0.5,exposure_to_mediator_reverse,MR-APSS,CAUSE,none,NA,NA,FALSE
glu2h_chen__ffm_ukb__raw,glu2h_chen,ffm_ukb,raw,MRBEE,FALSE,FALSE,per unit of GWAS beta,-0.06967779436254783,0.023698926655933393,-0.11612769060817728,-0.023227898116918375,0.0032808041533746728,12,NA,NA,NA,NA,NA,NA,NA,NA,2,-0.012464986074904446,12,275.70861827247523,11,1.1310299377385255e-52,0.9601028068367127,243.98478309711564,9.973632628857064e-47,0.8757353676698695,0.011209434538058479,63396,59.28711767676538,59.87850327315743,0.011209434538058479,9.117153203542808e-4,TRUE,0,NA,NA,NA,NA,NA,NA,NA,NA,NA,NA,NA,NA,NA,NA,NA,NA,NA,NA,NA,NA,NA,NA,NA,NA,NA,NA,NA,NA,NA,NA,NA,NA,NA,NA,NA,NA,NA,NA,NA,NA,NA,NA,NA,NA,NA,NA,NA,NA,NA,NA,NA,NA,NA,NA,NA,NA,NA,NA,NA,exposure_to_mediator_reverse,MR-APSS,CAUSE,none,TRUE,,TRUE
glu2h_chen__ffm_ukb__raw,glu2h_chen,ffm_ukb,raw,Weighted median,FALSE,FALSE,per unit of GWAS beta,-0.0568830291232773,0.011294066117083964,-0.07901939871276187,-0.03474665953379273,4.740191609568876e-7,12,NA,NA,NA,NA,NA,NA,NA,NA,NA,NA,12,275.70861827247523,11,1.1310299377385255e-52,0.9601028068367127,243.98478309711564,9.973632628857064e-47,0.8757353676698695,0.011209434538058479,63396,59.28711767676538,59.87850327315743,0.011209434538058479,9.117153203542808e-4,TRUE,0,NA,NA,NA,NA,NA,NA,NA,NA,NA,NA,NA,NA,NA,NA,NA,NA,NA,NA,NA,NA,NA,NA,NA,NA,NA,NA,NA,NA,NA,NA,NA,NA,NA,NA,NA,NA,NA,NA,NA,NA,NA,NA,NA,NA,NA,NA,NA,NA,NA,NA,NA,NA,NA,NA,NA,NA,NA,NA,NA,exposure_to_mediator_reverse,MR-APSS,CAUSE,none,NA,NA,FALSE
glu2h_chen__ffm_ukb__raw,glu2h_chen,ffm_ukb,raw,Weighted mode,FALSE,FALSE,per unit of GWAS beta,-0.05939441705712978,0.01884858530922133,-0.09633764426320358,-0.022451189851055972,0.009223522857488044,12,NA,NA,NA,NA,NA,NA,NA,NA,NA,NA,12,275.70861827247523,11,1.1310299377385255e-52,0.9601028068367127,243.98478309711564,9.973632628857064e-47,0.8757353676698695,0.011209434538058479,63396,59.28711767676538,59.87850327315743,0.011209434538058479,9.117153203542808e-4,TRUE,0,NA,NA,NA,NA,NA,NA,NA,NA,NA,NA,NA,NA,NA,NA,NA,NA,NA,NA,NA,NA,NA,NA,NA,NA,NA,NA,NA,NA,NA,NA,NA,NA,NA,NA,NA,NA,NA,NA,NA,NA,NA,NA,NA,NA,NA,NA,NA,NA,NA,NA,NA,NA,NA,NA,NA,NA,NA,NA,NA,exposure_to_mediator_reverse,MR-APSS,CAUSE,none,NA,NA,FALSE
glu2h_chen__leanmass_pei__raw,glu2h_chen,leanmass_pei,raw,MR-APSS,TRUE,FALSE,SD(outcome) per SD(exposure),-0.08983008259416954,0.07312244555440536,-0.23315007588080405,0.05348991069246496,0.21926,71,NA,NA,NA,NA,NA,NA,NA,NA,NA,NA,NA,NA,NA,NA,NA,NA,NA,NA,NA,NA,NA,NA,NA,NA,NA,NA,NA,25.857157494635857,0.3641831080113978,6.318807568803739e-7,-0.032553920170123166,-0.1978042164371657,TRUE,5e-5,-0.5036843477270719,0.12154443434868845,-0.7419114390505013,-0.2654572564036426,9.585453106211585e-9,-4.828042695470618e-9,6.215248070082095e-8,1.01391628457401,-0.032553920170123166,1.6433171442112728,-0.03210710851123224,-0.012047824690670263,NA,NA,NA,NA,NA,NA,NA,NA,NA,NA,NA,NA,NA,NA,NA,NA,NA,NA,NA,NA,NA,NA,NA,NA,NA,NA,NA,NA,NA,NA,NA,NA,NA,NA,NA,NA,NA,NA,NA,exposure_to_mediator_reverse,MR-APSS,CAUSE,none,NA,NA,TRUE
glu2h_chen__leanmass_pei__raw,glu2h_chen,leanmass_pei,raw,CAUSE,FALSE,TRUE,SD(outcome) per SD(exposure),-0.06837501323583668,NA,-0.154028677023151,0.009436690298491087,NA,559,NA,NA,NA,NA,NA,NA,NA,NA,NA,NA,NA,NA,NA,NA,NA,NA,NA,NA,NA,NA,NA,NA,NA,NA,NA,NA,NA,NA,NA,NA,NA,NA,NA,NA,NA,NA,NA,NA,NA,NA,NA,NA,NA,NA,NA,NA,0.9539150427680086,FALSE,-0.07358043818894214,-0.07288403873318233,0.029777256624327314,-0.7719159524838868,1.2984311865427396,0.276089228507186,-0.06861952668942128,-0.15366635300294318,0.007892008503469992,-0.07650382010204934,-1.6003061250155803,1.0319842631478366,0.02971380155632329,0.001154169002124532,0.23198089229179295,-0.0016683620424892283,-0.0486380337284525,0.031348413808105005,-0.07298294392538027,-0.15682260438080425,0.0043639823006007515,NA,NA,NA,0.03363388415891677,9.825393194583581e-4,0.257349455243475,-0.7719159524838868,1.2984311865427396,gamma + q*eta interval spans 0: fraction not reported,NA,NA,NA,NA,NA,NA,NA,exposure_to_mediator_reverse,MR-APSS,CAUSE,none,NA,NA,TRUE
glu2h_chen__leanmass_pei__raw,glu2h_chen,leanmass_pei,raw,IVW-FE,FALSE,FALSE,per unit of GWAS beta,-0.045489303933815714,0.008638713676401176,-0.062421182739562014,-0.02855742512806941,1.3961840594484896e-7,13,NA,NA,NA,NA,NA,NA,NA,NA,NA,NA,13,538.4055306406484,12,1.4657237789612075e-107,0.9777119674351762,471.78947902360886,3.3030891846084744e-94,0.8651457564253078,0.011726270444682697,63396,57.24820385435191,57.85025024309532,0.011726270444682697,0.0012568539431655078,TRUE,1,NA,NA,NA,NA,NA,NA,NA,NA,NA,NA,NA,NA,NA,NA,NA,NA,NA,NA,NA,NA,NA,NA,NA,NA,NA,NA,NA,NA,NA,NA,NA,NA,NA,NA,NA,NA,NA,NA,NA,NA,NA,NA,NA,NA,NA,NA,NA,NA,NA,NA,NA,NA,NA,NA,NA,NA,NA,NA,NA,exposure_to_mediator_reverse,MR-APSS,CAUSE,none,NA,NA,FALSE
glu2h_chen__leanmass_pei__raw,glu2h_chen,leanmass_pei,raw,IVW-MRE,FALSE,FALSE,per unit of GWAS beta,-0.045489303933815714,0.05786463434138728,-0.15890398724293478,0.06792537937530335,0.4317895188827693,13,6.698292883517961,NA,NA,NA,NA,NA,NA,NA,NA,NA,13,538.4055306406484,12,1.4657237789612075e-107,0.9777119674351762,471.78947902360886,3.3030891846084744e-94,0.8651457564253078,0.011726270444682697,63396,57.24820385435191,57.85025024309532,0.011726270444682697,0.0012568539431655078,TRUE,1,NA,NA,NA,NA,NA,NA,NA,NA,NA,NA,NA,NA,NA,NA,NA,NA,NA,NA,NA,NA,NA,NA,NA,NA,NA,NA,NA,NA,NA,NA,NA,NA,NA,NA,NA,NA,NA,NA,NA,NA,NA,NA,NA,NA,NA,NA,NA,NA,NA,NA,NA,NA,NA,NA,NA,NA,NA,NA,NA,exposure_to_mediator_reverse,MR-APSS,CAUSE,none,NA,NA,FALSE
glu2h_chen__leanmass_pei__raw,glu2h_chen,leanmass_pei,raw,MR-APSS (p<5e-8),FALSE,FALSE,SD(outcome) per SD(exposure),-0.038946573113390275,0.10062834015579858,-0.2361781198187555,0.15828497359197494,0.69873,12,NA,NA,NA,NA,NA,NA,NA,NA,NA,NA,NA,NA,NA,NA,NA,NA,NA,NA,NA,NA,NA,NA,NA,NA,NA,NA,NA,9.368681127678723,0.7807193546793734,7.539083235158819e-7,-0.032553920170123166,-0.1978042164371657,TRUE,5e-8,-0.5036843477270719,0.12154443434868845,-0.7419114390505013,-0.2654572564036426,9.585453106211585e-9,-4.828042695470618e-9,6.215248070082095e-8,1.01391628457401,-0.032553920170123166,1.6433171442112728,-0.03210710851123224,-0.012047824690670263,NA,NA,NA,NA,NA,NA,NA,NA,NA,NA,NA,NA,NA,NA,NA,NA,NA,NA,NA,NA,NA,NA,NA,NA,NA,NA,NA,NA,NA,NA,NA,NA,NA,NA,NA,NA,NA,NA,NA,exposure_to_mediator_reverse,MR-APSS,CAUSE,none,NA,NA,TRUE
glu2h_chen__leanmass_pei__raw,glu2h_chen,leanmass_pei,raw,MR-Egger,FALSE,FALSE,per unit of GWAS beta,0.1313398792890015,0.1527503030196872,-0.1680507146295854,0.4307304732075884,0.4082293908858715,13,NA,-0.01366204694416261,0.010962361324871819,0.23855387670249997,NA,NA,NA,NA,NA,NA,13,538.4055306406484,12,1.4657237789612075e-107,0.9777119674351762,471.78947902360886,3.3030891846084744e-94,0.8651457564253078,0.011726270444682697,63396,57.24820385435191,57.85025024309532,0.011726270444682697,0.0012568539431655078,TRUE,1,NA,NA,NA,NA,NA,NA,NA,NA,NA,NA,NA,NA,NA,NA,NA,NA,NA,NA,NA,NA,NA,NA,NA,NA,NA,NA,NA,NA,NA,NA,NA,NA,NA,NA,NA,NA,NA,NA,NA,NA,NA,NA,NA,NA,NA,NA,NA,NA,NA,NA,NA,NA,NA,NA,NA,NA,NA,NA,NA,exposure_to_mediator_reverse,MR-APSS,CAUSE,none,NA,NA,FALSE
glu2h_chen__leanmass_pei__raw,glu2h_chen,leanmass_pei,raw,MR-PRESSO,FALSE,FALSE,per unit of GWAS beta,-0.0463943333979064,0.0201939814233404,-0.08597453698765359,-0.006814129808159215,0.0613158082927392,7,NA,NA,NA,NA,0.001,6,Outlier-corrected,0.722,NA,NA,13,538.4055306406484,12,1.4657237789612075e-107,0.9777119674351762,471.78947902360886,3.3030891846084744e-94,0.8651457564253078,0.011726270444682697,63396,57.24820385435191,57.85025024309532,0.011726270444682697,0.0012568539431655078,TRUE,1,NA,NA,NA,NA,NA,NA,NA,NA,NA,NA,NA,NA,NA,NA,NA,NA,NA,NA,NA,NA,NA,NA,NA,NA,NA,NA,NA,NA,NA,NA,NA,NA,NA,NA,NA,NA,NA,NA,NA,NA,NA,NA,NA,NA,NA,NA,NA,NA,NA,NA,NA,NA,NA,NA,NA,NA,NA,NA,NA,exposure_to_mediator_reverse,MR-APSS,CAUSE,none,NA,NA,FALSE
glu2h_chen__leanmass_pei__raw,glu2h_chen,leanmass_pei,raw,MR-RAPS,FALSE,FALSE,per unit of GWAS beta,0.006451771871946547,0.04106475322271501,-0.07403514444457486,0.08693868818846796,0.8751564582753085,13,NA,NA,NA,NA,NA,NA,NA,NA,NA,NA,13,538.4055306406484,12,1.4657237789612075e-107,0.9777119674351762,471.78947902360886,3.3030891846084744e-94,0.8651457564253078,0.011726270444682697,63396,57.24820385435191,57.85025024309532,0.011726270444682697,0.0012568539431655078,TRUE,1,NA,NA,NA,NA,NA,NA,NA,NA,NA,NA,NA,NA,NA,NA,NA,NA,NA,NA,NA,NA,NA,NA,NA,NA,NA,NA,NA,NA,NA,NA,NA,NA,NA,NA,NA,NA,NA,NA,NA,NA,NA,NA,NA,NA,NA,NA,NA,NA,NA,NA,NA,NA,NA,NA,NA,NA,NA,NA,NA,exposure_to_mediator_reverse,MR-APSS,CAUSE,none,TRUE,,FALSE
glu2h_chen__leanmass_pei__raw,glu2h_chen,leanmass_pei,raw,MRAID,FALSE,FALSE,SD(outcome) per SD(exposure),-0.13549177718922834,0.022363583548974515,-0.1793244009452184,-0.09165915343323829,1.3732015550652964e-9,27,NA,NA,NA,NA,NA,NA,NA,NA,NA,NA,NA,NA,NA,NA,NA,NA,NA,NA,NA,NA,NA,NA,NA,NA,NA,NA,NA,NA,NA,NA,NA,NA,NA,NA,NA,NA,NA,NA,NA,NA,NA,NA,NA,NA,NA,NA,NA,NA,NA,NA,NA,NA,NA,NA,NA,NA,NA,NA,NA,NA,NA,NA,NA,NA,NA,NA,NA,NA,NA,NA,NA,NA,NA,NA,NA,NA,NA,NA,0.01015225371585876,0.017473752145869614,0.02240311752963219,0.9825011444926757,0.9984808625260025,15,0.5,exposure_to_mediator_reverse,MR-APSS,CAUSE,none,NA,NA,FALSE
glu2h_chen__leanmass_pei__raw,glu2h_chen,leanmass_pei,raw,MRBEE,FALSE,FALSE,per unit of GWAS beta,0.01767112028294922,0.03813758673826031,-0.057078549724040986,0.09242079028993942,0.6431122063897975,13,NA,NA,NA,NA,NA,NA,NA,NA,2,-0.014817924098584387,13,538.4055306406484,12,1.4657237789612075e-107,0.9777119674351762,471.78947902360886,3.3030891846084744e-94,0.8651457564253078,0.011726270444682697,63396,57.24820385435191,57.85025024309532,0.011726270444682697,0.0012568539431655078,TRUE,1,NA,NA,NA,NA,NA,NA,NA,NA,NA,NA,NA,NA,NA,NA,NA,NA,NA,NA,NA,NA,NA,NA,NA,NA,NA,NA,NA,NA,NA,NA,NA,NA,NA,NA,NA,NA,NA,NA,NA,NA,NA,NA,NA,NA,NA,NA,NA,NA,NA,NA,NA,NA,NA,NA,NA,NA,NA,NA,NA,exposure_to_mediator_reverse,MR-APSS,CAUSE,none,TRUE,,TRUE
glu2h_chen__leanmass_pei__raw,glu2h_chen,leanmass_pei,raw,Weighted median,FALSE,FALSE,per unit of GWAS beta,0.008512273422538007,0.016145331779599956,-0.023132576865477907,0.04015712371055392,0.59803516177833,13,NA,NA,NA,NA,NA,NA,NA,NA,NA,NA,13,538.4055306406484,12,1.4657237789612075e-107,0.9777119674351762,471.78947902360886,3.3030891846084744e-94,0.8651457564253078,0.011726270444682697,63396,57.24820385435191,57.85025024309532,0.011726270444682697,0.0012568539431655078,TRUE,1,NA,NA,NA,NA,NA,NA,NA,NA,NA,NA,NA,NA,NA,NA,NA,NA,NA,NA,NA,NA,NA,NA,NA,NA,NA,NA,NA,NA,NA,NA,NA,NA,NA,NA,NA,NA,NA,NA,NA,NA,NA,NA,NA,NA,NA,NA,NA,NA,NA,NA,NA,NA,NA,NA,NA,NA,NA,NA,NA,exposure_to_mediator_reverse,MR-APSS,CAUSE,none,NA,NA,FALSE
glu2h_chen__leanmass_pei__raw,glu2h_chen,leanmass_pei,raw,Weighted mode,FALSE,FALSE,per unit of GWAS beta,0.008542440954800834,0.018148912521861217,-0.027029427588047154,0.04411430949764882,0.6463052287852797,13,NA,NA,NA,NA,NA,NA,NA,NA,NA,NA,13,538.4055306406484,12,1.4657237789612075e-107,0.9777119674351762,471.78947902360886,3.3030891846084744e-94,0.8651457564253078,0.011726270444682697,63396,57.24820385435191,57.85025024309532,0.011726270444682697,0.0012568539431655078,TRUE,1,NA,NA,NA,NA,NA,NA,NA,NA,NA,NA,NA,NA,NA,NA,NA,NA,NA,NA,NA,NA,NA,NA,NA,NA,NA,NA,NA,NA,NA,NA,NA,NA,NA,NA,NA,NA,NA,NA,NA,NA,NA,NA,NA,NA,NA,NA,NA,NA,NA,NA,NA,NA,NA,NA,NA,NA,NA,NA,NA,exposure_to_mediator_reverse,MR-APSS,CAUSE,none,NA,NA,FALSE
t2d_xue__ffm_ukb__raw,t2d_xue,ffm_ukb,raw,MR-APSS,TRUE,FALSE,SD(outcome) per SD(exposure),0.11477803107174676,0.06873413041204733,-0.019940864535866007,0.24949692667935952,0.094942,440,NA,NA,NA,NA,NA,NA,NA,NA,NA,NA,NA,NA,NA,NA,NA,NA,NA,NA,NA,NA,NA,NA,NA,NA,NA,NA,NA,188.17745140888155,0.4276703201562416,5.818247535928439e-7,0.18045749082151386,0.24922050774637253,TRUE,5e-5,0.6604595063250146,0.09176492391446514,0.48060025545266294,0.8403187571973663,6.572627766323435e-9,4.3409544898040595e-9,4.615979541961073e-8,1.1699098457179704,0.18045749082151386,1.5868043727937957,0.15424905729446836,0.1851952104842341,NA,NA,NA,NA,NA,NA,NA,NA,NA,NA,NA,NA,NA,NA,NA,NA,NA,NA,NA,NA,NA,NA,NA,NA,NA,NA,NA,NA,NA,NA,NA,NA,NA,NA,NA,NA,NA,NA,NA,exposure_to_mediator_reverse,MR-APSS,CAUSE,UKB,NA,NA,TRUE
t2d_xue__ffm_ukb__raw,t2d_xue,ffm_ukb,raw,CAUSE,FALSE,TRUE,SD(outcome) per SD(exposure),0.10306603194750327,NA,0.015626490895034595,0.20752015215866995,NA,1404,NA,NA,NA,NA,NA,NA,NA,NA,NA,NA,NA,NA,NA,NA,NA,NA,NA,NA,NA,NA,NA,NA,NA,NA,NA,NA,NA,NA,NA,NA,NA,NA,NA,NA,NA,NA,NA,NA,NA,NA,NA,NA,NA,NA,NA,NA,0.025,TRUE,0.3892409403226574,0.06988029460473323,0.04572089178231553,-1.0704793819992453,2.2173365641402345,0.3146269956363963,0.1029277770785279,0.01573958682307149,0.20770638447207984,0.0717691209998586,-0.7907924489128936,2.024813456867501,0.04470468730264365,0.0010522789528408412,0.29556722171837424,0.0012440994520981194,-0.06662353495057222,0.06283019923688292,0.10678134561653832,0.03963469604755132,0.1741239968503166,0.012406287422482057,-0.6387205490868169,0.7311298746434332,0.17042397179794483,0.006529822603286706,0.4208964910006002,-1.0704793819992453,2.2173365641402345,,NA,NA,NA,NA,NA,NA,NA,exposure_to_mediator_reverse,MR-APSS,CAUSE,UKB,NA,NA,TRUE
t2d_xue__ffm_ukb__raw,t2d_xue,ffm_ukb,raw,IVW-FE,FALSE,FALSE,per unit of GWAS beta,0.01500375256975885,0.0018200841363958313,0.01143638766242302,0.018571117477094678,1.673302360430452e-16,115,NA,NA,NA,NA,NA,NA,NA,NA,NA,NA,115,3900.9901779561887,114,0,0.9707766503376004,3796.0741627723437,0,0.9352392982232434,0.013387734989227714,655666,76.3719165867576,77.35147119026324,0.013387734989227714,0.008718831387516585,TRUE,19,NA,NA,NA,NA,NA,NA,NA,NA,NA,NA,NA,NA,NA,NA,NA,NA,NA,NA,NA,NA,NA,NA,NA,NA,NA,NA,NA,NA,NA,NA,NA,NA,NA,NA,NA,NA,NA,NA,NA,NA,NA,NA,NA,NA,NA,NA,NA,NA,NA,NA,NA,NA,NA,NA,NA,NA,NA,NA,NA,exposure_to_mediator_reverse,MR-APSS,CAUSE,UKB,NA,NA,FALSE
t2d_xue__ffm_ukb__raw,t2d_xue,ffm_ukb,raw,IVW-MRE,FALSE,FALSE,per unit of GWAS beta,0.01500375256975885,0.010646980708904963,-0.005864329619694877,0.03587183475921257,0.15877527827168547,115,5.849718975073502,NA,NA,NA,NA,NA,NA,NA,NA,NA,115,3900.9901779561887,114,0,0.9707766503376004,3796.0741627723437,0,0.9352392982232434,0.013387734989227714,655666,76.3719165867576,77.35147119026324,0.013387734989227714,0.008718831387516585,TRUE,19,NA,NA,NA,NA,NA,NA,NA,NA,NA,NA,NA,NA,NA,NA,NA,NA,NA,NA,NA,NA,NA,NA,NA,NA,NA,NA,NA,NA,NA,NA,NA,NA,NA,NA,NA,NA,NA,NA,NA,NA,NA,NA,NA,NA,NA,NA,NA,NA,NA,NA,NA,NA,NA,NA,NA,NA,NA,NA,NA,exposure_to_mediator_reverse,MR-APSS,CAUSE,UKB,NA,NA,FALSE
t2d_xue__ffm_ukb__raw,t2d_xue,ffm_ukb,raw,MR-APSS (p<5e-8),FALSE,FALSE,SD(outcome) per SD(exposure),-0.017236433460039526,0.07346830638931869,-0.16123431398310414,0.12676144706302508,0.81451,125,NA,NA,NA,NA,NA,NA,NA,NA,NA,NA,NA,NA,NA,NA,NA,NA,NA,NA,NA,NA,NA,NA,NA,NA,NA,NA,NA,88.03015537289592,0.7042421048005061,5.574389964046368e-7,0.18045749082151386,0.24922050774637253,TRUE,5e-8,0.6604595063250146,0.09176492391446514,0.48060025545266294,0.8403187571973663,6.572627766323435e-9,4.3409544898040595e-9,4.615979541961073e-8,1.1699098457179704,0.18045749082151386,1.5868043727937957,0.15424905729446836,0.1851952104842341,NA,NA,NA,NA,NA,NA,NA,NA,NA,NA,NA,NA,NA,NA,NA,NA,NA,NA,NA,NA,NA,NA,NA,NA,NA,NA,NA,NA,NA,NA,NA,NA,NA,NA,NA,NA,NA,NA,NA,exposure_to_mediator_reverse,MR-APSS,CAUSE,UKB,NA,NA,TRUE
t2d_xue__ffm_ukb__raw,t2d_xue,ffm_ukb,raw,MR-Egger,FALSE,FALSE,per unit of GWAS beta,-0.023073660754773375,0.02399026668801751,-0.0700945834632877,0.023947261953740948,0.33820739771879493,115,NA,0.0030871315543207736,0.0017468771564121356,0.07988950404415374,NA,NA,NA,NA,NA,NA,115,3900.9901779561887,114,0,0.9707766503376004,3796.0741627723437,0,0.9352392982232434,0.013387734989227714,655666,76.3719165867576,77.35147119026324,0.013387734989227714,0.008718831387516585,TRUE,19,NA,NA,NA,NA,NA,NA,NA,NA,NA,NA,NA,NA,NA,NA,NA,NA,NA,NA,NA,NA,NA,NA,NA,NA,NA,NA,NA,NA,NA,NA,NA,NA,NA,NA,NA,NA,NA,NA,NA,NA,NA,NA,NA,NA,NA,NA,NA,NA,NA,NA,NA,NA,NA,NA,NA,NA,NA,NA,NA,exposure_to_mediator_reverse,MR-APSS,CAUSE,UKB,NA,NA,FALSE
t2d_xue__ffm_ukb__raw,t2d_xue,ffm_ukb,raw,MR-PRESSO,FALSE,FALSE,per unit of GWAS beta,0.0104705141282271,0.0044056886541141704,0.0018353643661633261,0.01910566389029087,0.0199914766851417,77,NA,NA,NA,NA,0.001,38,Outlier-corrected,0.01,NA,NA,115,3900.9901779561887,114,0,0.9707766503376004,3796.0741627723437,0,0.9352392982232434,0.013387734989227714,655666,76.3719165867576,77.35147119026324,0.013387734989227714,0.008718831387516585,TRUE,19,NA,NA,NA,NA,NA,NA,NA,NA,NA,NA,NA,NA,NA,NA,NA,NA,NA,NA,NA,NA,NA,NA,NA,NA,NA,NA,NA,NA,NA,NA,NA,NA,NA,NA,NA,NA,NA,NA,NA,NA,NA,NA,NA,NA,NA,NA,NA,NA,NA,NA,NA,NA,NA,NA,NA,NA,NA,NA,NA,exposure_to_mediator_reverse,MR-APSS,CAUSE,UKB,NA,NA,FALSE
t2d_xue__ffm_ukb__raw,t2d_xue,ffm_ukb,raw,MR-RAPS,FALSE,FALSE,per unit of GWAS beta,-0.0015722587940558948,0.008559808023685367,-0.018349482520479212,0.015204964932367424,0.8542651177240429,115,NA,NA,NA,NA,NA,NA,NA,NA,NA,NA,115,3900.9901779561887,114,0,0.9707766503376004,3796.0741627723437,0,0.9352392982232434,0.013387734989227714,655666,76.3719165867576,77.35147119026324,0.013387734989227714,0.008718831387516585,TRUE,19,NA,NA,NA,NA,NA,NA,NA,NA,NA,NA,NA,NA,NA,NA,NA,NA,NA,NA,NA,NA,NA,NA,NA,NA,NA,NA,NA,NA,NA,NA,NA,NA,NA,NA,NA,NA,NA,NA,NA,NA,NA,NA,NA,NA,NA,NA,NA,NA,NA,NA,NA,NA,NA,NA,NA,NA,NA,NA,NA,exposure_to_mediator_reverse,MR-APSS,CAUSE,UKB,TRUE,,FALSE
t2d_xue__ffm_ukb__raw,t2d_xue,ffm_ukb,raw,MRBEE,FALSE,FALSE,per unit of GWAS beta,-0.0030571502561948737,0.007667270002501885,-0.01808499946109857,0.011970698948708822,0.6900941125290176,115,NA,NA,NA,NA,NA,NA,NA,NA,5,0.100702526229162,115,3900.9901779561887,114,0,0.9707766503376004,3796.0741627723437,0,0.9352392982232434,0.013387734989227714,655666,76.3719165867576,77.35147119026324,0.013387734989227714,0.008718831387516585,TRUE,19,NA,NA,NA,NA,NA,NA,NA,NA,NA,NA,NA,NA,NA,NA,NA,NA,NA,NA,NA,NA,NA,NA,NA,NA,NA,NA,NA,NA,NA,NA,NA,NA,NA,NA,NA,NA,NA,NA,NA,NA,NA,NA,NA,NA,NA,NA,NA,NA,NA,NA,NA,NA,NA,NA,NA,NA,NA,NA,NA,exposure_to_mediator_reverse,MR-APSS,CAUSE,UKB,TRUE,,TRUE
t2d_xue__ffm_ukb__raw,t2d_xue,ffm_ukb,raw,Weighted median,FALSE,FALSE,per unit of GWAS beta,-0.018098027840418352,0.003887727761489548,-0.025717974252937866,-0.010478081427898838,3.237158451009593e-6,115,NA,NA,NA,NA,NA,NA,NA,NA,NA,NA,115,3900.9901779561887,114,0,0.9707766503376004,3796.0741627723437,0,0.9352392982232434,0.013387734989227714,655666,76.3719165867576,77.35147119026324,0.013387734989227714,0.008718831387516585,TRUE,19,NA,NA,NA,NA,NA,NA,NA,NA,NA,NA,NA,NA,NA,NA,NA,NA,NA,NA,NA,NA,NA,NA,NA,NA,NA,NA,NA,NA,NA,NA,NA,NA,NA,NA,NA,NA,NA,NA,NA,NA,NA,NA,NA,NA,NA,NA,NA,NA,NA,NA,NA,NA,NA,NA,NA,NA,NA,NA,NA,exposure_to_mediator_reverse,MR-APSS,CAUSE,UKB,NA,NA,FALSE
t2d_xue__ffm_ukb__raw,t2d_xue,ffm_ukb,raw,Weighted mode,FALSE,FALSE,per unit of GWAS beta,-0.019910196473508168,0.004118497027212451,-0.02798245064684457,-0.011837942300171765,4.207868604719781e-6,115,NA,NA,NA,NA,NA,NA,NA,NA,NA,NA,115,3900.9901779561887,114,0,0.9707766503376004,3796.0741627723437,0,0.9352392982232434,0.013387734989227714,655666,76.3719165867576,77.35147119026324,0.013387734989227714,0.008718831387516585,TRUE,19,NA,NA,NA,NA,NA,NA,NA,NA,NA,NA,NA,NA,NA,NA,NA,NA,NA,NA,NA,NA,NA,NA,NA,NA,NA,NA,NA,NA,NA,NA,NA,NA,NA,NA,NA,NA,NA,NA,NA,NA,NA,NA,NA,NA,NA,NA,NA,NA,NA,NA,NA,NA,NA,NA,NA,NA,NA,NA,NA,exposure_to_mediator_reverse,MR-APSS,CAUSE,UKB,NA,NA,FALSE
t2d_xue__leanmass_pei__raw,t2d_xue,leanmass_pei,raw,MR-APSS,TRUE,FALSE,SD(outcome) per SD(exposure),0.1569981794246872,0.07012479999511978,0.01955357143425243,0.294442787415122,0.025166,440,NA,NA,NA,NA,NA,NA,NA,NA,NA,NA,NA,NA,NA,NA,NA,NA,NA,NA,NA,NA,NA,NA,NA,NA,NA,NA,NA,170.7919332402023,0.38816023407395317,5.770179267172214e-7,0.01765835205668099,-0.030787258814460462,FALSE,5e-5,-0.08938417020701815,0.07181173032877043,-0.23013516165140818,0.05136682123737189,6.696220938023745e-9,-5.985361520681131e-10,5.6442852608281964e-8,1.1661823106810765,0.01765835205668099,1.7693502409881443,0.015142016728386248,0.018272651388998102,NA,NA,NA,NA,NA,NA,NA,NA,NA,NA,NA,NA,NA,NA,NA,NA,NA,NA,NA,NA,NA,NA,NA,NA,NA,NA,NA,NA,NA,NA,NA,NA,NA,NA,NA,NA,NA,NA,NA,exposure_to_mediator_reverse,MR-APSS,CAUSE,UKB,NA,NA,TRUE
t2d_xue__leanmass_pei__raw,t2d_xue,leanmass_pei,raw,CAUSE,FALSE,TRUE,SD(outcome) per SD(exposure),0.010956465598631265,NA,-0.05457965165991008,0.07391981818001819,NA,1404,NA,NA,NA,NA,NA,NA,NA,NA,NA,NA,NA,NA,NA,NA,NA,NA,NA,NA,NA,NA,NA,NA,NA,NA,NA,NA,NA,NA,NA,NA,NA,NA,NA,NA,NA,NA,NA,NA,NA,NA,NA,NA,NA,NA,NA,NA,0.3755563047864771,FALSE,-0.023549474400373933,-0.013756602047938611,0.023885139178421336,0.7985691659557217,0.22389243288333965,0.9998192845626546,0.011143126939061195,-0.054575602554928715,0.07368187907729402,-0.012065575747003282,-1.9964024696345195,1.5005327851328547,0.02404596753103301,6.07508894993676e-4,0.2281843327568499,-1.8886901085769705e-4,-0.0313328157490738,0.029664764033219344,0.010325248383964227,-0.050607685630505786,0.07309114346970592,NA,NA,NA,0.021888175206682223,5.926218651696062e-4,0.2044079177605843,0.7985691659557217,0.22389243288333965,gamma + q*eta interval spans 0: fraction not reported,NA,NA,NA,NA,NA,NA,NA,exposure_to_mediator_reverse,MR-APSS,CAUSE,UKB,NA,NA,TRUE
t2d_xue__leanmass_pei__raw,t2d_xue,leanmass_pei,raw,IVW-FE,FALSE,FALSE,per unit of GWAS beta,0.02484809568691992,0.002761850683976184,0.0194348683463266,0.03026132302751324,2.3217990199452056e-19,115,NA,NA,NA,NA,NA,NA,NA,NA,NA,NA,115,3606.5301527112747,114,0,0.9683906704857858,3602.719680837055,0,0.9352392982232434,0.013387734989227714,655666,76.3719165867576,77.35147119026324,0.013387734989227714,0.00818660385897239,TRUE,21,NA,NA,NA,NA,NA,NA,NA,NA,NA,NA,NA,NA,NA,NA,NA,NA,NA,NA,NA,NA,NA,NA,NA,NA,NA,NA,NA,NA,NA,NA,NA,NA,NA,NA,NA,NA,NA,NA,NA,NA,NA,NA,NA,NA,NA,NA,NA,NA,NA,NA,NA,NA,NA,NA,NA,NA,NA,NA,NA,exposure_to_mediator_reverse,MR-APSS,CAUSE,UKB,NA,NA,FALSE
t2d_xue__leanmass_pei__raw,t2d_xue,leanmass_pei,raw,IVW-MRE,FALSE,FALSE,per unit of GWAS beta,0.02484809568691992,0.015534330951979251,-0.005599192978959413,0.05529538435279925,0.10969620995705594,115,5.624609267295642,NA,NA,NA,NA,NA,NA,NA,NA,NA,115,3606.5301527112747,114,0,0.9683906704857858,3602.719680837055,0,0.9352392982232434,0.013387734989227714,655666,76.3719165867576,77.35147119026324,0.013387734989227714,0.00818660385897239,TRUE,21,NA,NA,NA,NA,NA,NA,NA,NA,NA,NA,NA,NA,NA,NA,NA,NA,NA,NA,NA,NA,NA,NA,NA,NA,NA,NA,NA,NA,NA,NA,NA,NA,NA,NA,NA,NA,NA,NA,NA,NA,NA,NA,NA,NA,NA,NA,NA,NA,NA,NA,NA,NA,NA,NA,NA,NA,NA,NA,NA,exposure_to_mediator_reverse,MR-APSS,CAUSE,UKB,NA,NA,FALSE
t2d_xue__leanmass_pei__raw,t2d_xue,leanmass_pei,raw,MR-APSS (p<5e-8),FALSE,FALSE,SD(outcome) per SD(exposure),0.1579513566120389,0.08598466969344477,-0.01057859598711286,0.3264813092111907,0.066214,125,NA,NA,NA,NA,NA,NA,NA,NA,NA,NA,NA,NA,NA,NA,NA,NA,NA,NA,NA,NA,NA,NA,NA,NA,NA,NA,NA,82.87778580898447,0.6630230556357078,7.07309823071056e-7,0.01765835205668099,-0.030787258814460462,FALSE,5e-8,-0.08938417020701815,0.07181173032877043,-0.23013516165140818,0.05136682123737189,6.696220938023745e-9,-5.985361520681131e-10,5.6442852608281964e-8,1.1661823106810765,0.01765835205668099,1.7693502409881443,0.015142016728386248,0.018272651388998102,NA,NA,NA,NA,NA,NA,NA,NA,NA,NA,NA,NA,NA,NA,NA,NA,NA,NA,NA,NA,NA,NA,NA,NA,NA,NA,NA,NA,NA,NA,NA,NA,NA,NA,NA,NA,NA,NA,NA,exposure_to_mediator_reverse,MR-APSS,CAUSE,UKB,NA,NA,TRUE
t2d_xue__leanmass_pei__raw,t2d_xue,leanmass_pei,raw,MR-Egger,FALSE,FALSE,per unit of GWAS beta,0.0137696090175647,0.03563857357575502,-0.05608199519091514,0.08362121322604454,0.6999506001895123,115,NA,8.962558428146867e-4,0.002592499217552012,0.7302025920665229,NA,NA,NA,NA,NA,NA,115,3606.5301527112747,114,0,0.9683906704857858,3602.719680837055,0,0.9352392982232434,0.013387734989227714,655666,76.3719165867576,77.35147119026324,0.013387734989227714,0.00818660385897239,TRUE,21,NA,NA,NA,NA,NA,NA,NA,NA,NA,NA,NA,NA,NA,NA,NA,NA,NA,NA,NA,NA,NA,NA,NA,NA,NA,NA,NA,NA,NA,NA,NA,NA,NA,NA,NA,NA,NA,NA,NA,NA,NA,NA,NA,NA,NA,NA,NA,NA,NA,NA,NA,NA,NA,NA,NA,NA,NA,NA,NA,exposure_to_mediator_reverse,MR-APSS,CAUSE,UKB,NA,NA,FALSE
t2d_xue__leanmass_pei__raw,t2d_xue,leanmass_pei,raw,MR-PRESSO,FALSE,FALSE,per unit of GWAS beta,0.0147661058594668,0.00608182736903774,0.002845724216152829,0.02668648750278077,0.01800872339256,65,NA,NA,NA,NA,0.001,50,Outlier-corrected,0.001,NA,NA,115,3606.5301527112747,114,0,0.9683906704857858,3602.719680837055,0,0.9352392982232434,0.013387734989227714,655666,76.3719165867576,77.35147119026324,0.013387734989227714,0.00818660385897239,TRUE,21,NA,NA,NA,NA,NA,NA,NA,NA,NA,NA,NA,NA,NA,NA,NA,NA,NA,NA,NA,NA,NA,NA,NA,NA,NA,NA,NA,NA,NA,NA,NA,NA,NA,NA,NA,NA,NA,NA,NA,NA,NA,NA,NA,NA,NA,NA,NA,NA,NA,NA,NA,NA,NA,NA,NA,NA,NA,NA,NA,exposure_to_mediator_reverse,MR-APSS,CAUSE,UKB,NA,NA,FALSE
t2d_xue__leanmass_pei__raw,t2d_xue,leanmass_pei,raw,MR-RAPS,FALSE,FALSE,per unit of GWAS beta,0.011531696459027995,0.013978924506143988,-0.01586699557301422,0.03893038849107021,0.40940880417059056,115,NA,NA,NA,NA,NA,NA,NA,NA,NA,NA,115,3606.5301527112747,114,0,0.9683906704857858,3602.719680837055,0,0.9352392982232434,0.013387734989227714,655666,76.3719165867576,77.35147119026324,0.013387734989227714,0.00818660385897239,TRUE,21,NA,NA,NA,NA,NA,NA,NA,NA,NA,NA,NA,NA,NA,NA,NA,NA,NA,NA,NA,NA,NA,NA,NA,NA,NA,NA,NA,NA,NA,NA,NA,NA,NA,NA,NA,NA,NA,NA,NA,NA,NA,NA,NA,NA,NA,NA,NA,NA,NA,NA,NA,NA,NA,NA,NA,NA,NA,NA,NA,exposure_to_mediator_reverse,MR-APSS,CAUSE,UKB,TRUE,,FALSE
t2d_xue__leanmass_pei__raw,t2d_xue,leanmass_pei,raw,MRBEE,FALSE,FALSE,per unit of GWAS beta,0.02121260501135036,0.013554652789942745,-0.00535451445693742,0.047779724479638144,0.11759028912997949,115,NA,NA,NA,NA,NA,NA,NA,NA,3,-7.214436933709531e-4,115,3606.5301527112747,114,0,0.9683906704857858,3602.719680837055,0,0.9352392982232434,0.013387734989227714,655666,76.3719165867576,77.35147119026324,0.013387734989227714,0.00818660385897239,TRUE,21,NA,NA,NA,NA,NA,NA,NA,NA,NA,NA,NA,NA,NA,NA,NA,NA,NA,NA,NA,NA,NA,NA,NA,NA,NA,NA,NA,NA,NA,NA,NA,NA,NA,NA,NA,NA,NA,NA,NA,NA,NA,NA,NA,NA,NA,NA,NA,NA,NA,NA,NA,NA,NA,NA,NA,NA,NA,NA,NA,exposure_to_mediator_reverse,MR-APSS,CAUSE,UKB,TRUE,,TRUE
t2d_xue__leanmass_pei__raw,t2d_xue,leanmass_pei,raw,Weighted median,FALSE,FALSE,per unit of GWAS beta,0.008500110223329893,0.006147907168698873,-0.003549787827319897,0.02055000827397968,0.16678686183159605,115,NA,NA,NA,NA,NA,NA,NA,NA,NA,NA,115,3606.5301527112747,114,0,0.9683906704857858,3602.719680837055,0,0.9352392982232434,0.013387734989227714,655666,76.3719165867576,77.35147119026324,0.013387734989227714,0.00818660385897239,TRUE,21,NA,NA,NA,NA,NA,NA,NA,NA,NA,NA,NA,NA,NA,NA,NA,NA,NA,NA,NA,NA,NA,NA,NA,NA,NA,NA,NA,NA,NA,NA,NA,NA,NA,NA,NA,NA,NA,NA,NA,NA,NA,NA,NA,NA,NA,NA,NA,NA,NA,NA,NA,NA,NA,NA,NA,NA,NA,NA,NA,exposure_to_mediator_reverse,MR-APSS,CAUSE,UKB,NA,NA,FALSE
t2d_xue__leanmass_pei__raw,t2d_xue,leanmass_pei,raw,Weighted mode,FALSE,FALSE,per unit of GWAS beta,0.005413916108116035,0.005988833588215089,-0.006324197724785541,0.01715202994101761,0.3679008401574243,115,NA,NA,NA,NA,NA,NA,NA,NA,NA,NA,115,3606.5301527112747,114,0,0.9683906704857858,3602.719680837055,0,0.9352392982232434,0.013387734989227714,655666,76.3719165867576,77.35147119026324,0.013387734989227714,0.00818660385897239,TRUE,21,NA,NA,NA,NA,NA,NA,NA,NA,NA,NA,NA,NA,NA,NA,NA,NA,NA,NA,NA,NA,NA,NA,NA,NA,NA,NA,NA,NA,NA,NA,NA,NA,NA,NA,NA,NA,NA,NA,NA,NA,NA,NA,NA,NA,NA,NA,NA,NA,NA,NA,NA,NA,NA,NA,NA,NA,NA,NA,NA,exposure_to_mediator_reverse,MR-APSS,CAUSE,UKB,NA,NA,FALSE
bmi_ukb__ad_bellenguez__raw,bmi_ukb,ad_bellenguez,raw,MR-APSS,TRUE,FALSE,SD(outcome) per SD(exposure),-0.022953778501990214,0.009549155053060027,-0.041670122405987865,-0.0042374345979925634,0.016228,1665,NA,NA,NA,NA,NA,NA,NA,NA,NA,NA,NA,NA,NA,NA,NA,NA,NA,NA,NA,NA,NA,NA,NA,NA,NA,NA,NA,773.5616091344673,0.46457423041880114,7.572080386922765e-9,-0.019577484162840733,-0.11043287017128382,FALSE,5e-5,-0.03211338655015743,0.009095563081214272,-0.0499406901893374,-0.014286082910977455,4.0096696615141916e-8,-1.2876407177864411e-9,3.3906587988287445e-9,1.3397075294597958,-0.019577484162840733,1.0926420102098149,-0.014613252319881247,-0.014115783997104002,NA,NA,NA,NA,NA,NA,NA,NA,NA,NA,NA,NA,NA,NA,NA,NA,NA,NA,NA,NA,NA,NA,NA,NA,NA,NA,NA,NA,NA,NA,NA,NA,NA,NA,NA,NA,NA,NA,NA,to_ad,MR-APSS,CAUSE,UKB,NA,NA,TRUE
bmi_ukb__ad_bellenguez__raw,bmi_ukb,ad_bellenguez,raw,CAUSE,FALSE,TRUE,SD(outcome) per SD(exposure),-0.014063951716774076,NA,-0.026693100005437148,-0.002212039907372566,NA,3724,NA,NA,NA,NA,NA,NA,NA,NA,NA,NA,NA,NA,NA,NA,NA,NA,NA,NA,NA,NA,NA,NA,NA,NA,NA,NA,NA,NA,NA,NA,NA,NA,NA,NA,NA,NA,NA,NA,NA,NA,NA,NA,NA,NA,NA,NA,0.975,TRUE,-0.0666617028086775,0.008708268799426884,0.035714355164974836,-1.8206868555564184,1.6917336099146736,0.14091320827988546,-0.014131828246339562,-0.026781581485523825,-0.002218656101580393,0.008919636940133324,-0.14539263990956808,0.2176249999570902,0.03597812987976383,8.418872276115661e-4,0.23968417264716305,1.6562096571528585e-4,-0.0070844258897345014,0.007938993004132016,-0.013792351224654744,-0.024319351705462556,-0.003122381047747098,-0.012153650342811937,-0.8260899188318258,0.6495021745931686,0.07277461105090588,0.0013376069349834152,0.3237331191853339,-1.8206868555564184,1.6917336099146736,,NA,NA,NA,NA,NA,NA,NA,to_ad,MR-APSS,CAUSE,UKB,NA,NA,TRUE
bmi_ukb__ad_bellenguez__raw,bmi_ukb,ad_bellenguez,raw,IVW-FE,FALSE,FALSE,per unit of GWAS beta,-0.12443323676535986,0.0252343598773193,-0.1738925821249057,-0.07497389140581404,8.176645321567868e-7,414,NA,NA,NA,NA,NA,NA,NA,NA,NA,NA,414,725.700401499548,413,1.616282113253625e-19,0.43089462380536214,725.5495841341432,1.2541071648325274e-19,0.8870452716029361,0.05798155524682916,454884,63.72988064060814,67.56695970524983,0.05798155524682916,0.0015384437543617944,TRUE,0,NA,NA,NA,NA,NA,NA,NA,NA,NA,NA,NA,NA,NA,NA,NA,NA,NA,NA,NA,NA,NA,NA,NA,NA,NA,NA,NA,NA,NA,NA,NA,NA,NA,NA,NA,NA,NA,NA,NA,NA,NA,NA,NA,NA,NA,NA,NA,NA,NA,NA,NA,NA,NA,NA,NA,NA,NA,NA,NA,to_ad,MR-APSS,CAUSE,UKB,NA,NA,FALSE
bmi_ukb__ad_bellenguez__raw,bmi_ukb,ad_bellenguez,raw,IVW-MRE,FALSE,FALSE,per unit of GWAS beta,-0.12443323676535986,0.03344998661078305,-0.18999521052249463,-0.05887126300822508,1.9923960238161202e-4,414,1.3255730192247903,NA,NA,NA,NA,NA,NA,NA,NA,NA,414,725.700401499548,413,1.616282113253625e-19,0.43089462380536214,725.5495841341432,1.2541071648325274e-19,0.8870452716029361,0.05798155524682916,454884,63.72988064060814,67.56695970524983,0.05798155524682916,0.0015384437543617944,TRUE,0,NA,NA,NA,NA,NA,NA,NA,NA,NA,NA,NA,NA,NA,NA,NA,NA,NA,NA,NA,NA,NA,NA,NA,NA,NA,NA,NA,NA,NA,NA,NA,NA,NA,NA,NA,NA,NA,NA,NA,NA,NA,NA,NA,NA,NA,NA,NA,NA,NA,NA,NA,NA,NA,NA,NA,NA,NA,NA,NA,to_ad,MR-APSS,CAUSE,UKB,NA,NA,FALSE
bmi_ukb__ad_bellenguez__raw,bmi_ukb,ad_bellenguez,raw,MR-APSS (p<5e-8),FALSE,FALSE,SD(outcome) per SD(exposure),-0.03024979188613398,0.012378570601690148,-0.05451179026544667,-0.0059877935068212915,0.014537,614,NA,NA,NA,NA,NA,NA,NA,NA,NA,NA,NA,NA,NA,NA,NA,NA,NA,NA,NA,NA,NA,NA,NA,NA,NA,NA,NA,279.98561002101917,0.45597314641782366,1.1382633083077778e-8,-0.019577484162840733,-0.11043287017128382,FALSE,5e-8,-0.03211338655015743,0.009095563081214272,-0.0499406901893374,-0.014286082910977455,4.0096696615141916e-8,-1.2876407177864411e-9,3.3906587988287445e-9,1.3397075294597958,-0.019577484162840733,1.0926420102098149,-0.014613252319881247,-0.014115783997104002,NA,NA,NA,NA,NA,NA,NA,NA,NA,NA,NA,NA,NA,NA,NA,NA,NA,NA,NA,NA,NA,NA,NA,NA,NA,NA,NA,NA,NA,NA,NA,NA,NA,NA,NA,NA,NA,NA,NA,to_ad,MR-APSS,CAUSE,UKB,NA,NA,TRUE
bmi_ukb__ad_bellenguez__raw,bmi_ukb,ad_bellenguez,raw,MR-Egger,FALSE,FALSE,per unit of GWAS beta,-0.14881936994853778,0.08980701296637585,-0.32484111536263444,0.02720237546555887,0.09826012881696047,414,NA,4.7968004996728873e-4,0.0016391206519879853,0.7699410299640285,NA,NA,NA,NA,NA,NA,414,725.700401499548,413,1.616282113253625e-19,0.43089462380536214,725.5495841341432,1.2541071648325274e-19,0.8870452716029361,0.05798155524682916,454884,63.72988064060814,67.56695970524983,0.05798155524682916,0.0015384437543617944,TRUE,0,NA,NA,NA,NA,NA,NA,NA,NA,NA,NA,NA,NA,NA,NA,NA,NA,NA,NA,NA,NA,NA,NA,NA,NA,NA,NA,NA,NA,NA,NA,NA,NA,NA,NA,NA,NA,NA,NA,NA,NA,NA,NA,NA,NA,NA,NA,NA,NA,NA,NA,NA,NA,NA,NA,NA,NA,NA,NA,NA,to_ad,MR-APSS,CAUSE,UKB,NA,NA,FALSE
bmi_ukb__ad_bellenguez__raw,bmi_ukb,ad_bellenguez,raw,MR-PRESSO,FALSE,FALSE,per unit of GWAS beta,-0.113071129103002,0.031747712392715,-0.17529664539272338,-0.05084561281328061,4.12168671643458e-4,409,NA,NA,NA,NA,0.001,5,Outlier-corrected,0.712,NA,NA,414,725.700401499548,413,1.616282113253625e-19,0.43089462380536214,725.5495841341432,1.2541071648325274e-19,0.8870452716029361,0.05798155524682916,454884,63.72988064060814,67.56695970524983,0.05798155524682916,0.0015384437543617944,TRUE,0,NA,NA,NA,NA,NA,NA,NA,NA,NA,NA,NA,NA,NA,NA,NA,NA,NA,NA,NA,NA,NA,NA,NA,NA,NA,NA,NA,NA,NA,NA,NA,NA,NA,NA,NA,NA,NA,NA,NA,NA,NA,NA,NA,NA,NA,NA,NA,NA,NA,NA,NA,NA,NA,NA,NA,NA,NA,NA,NA,to_ad,MR-APSS,CAUSE,UKB,NA,NA,FALSE
bmi_ukb__ad_bellenguez__raw,bmi_ukb,ad_bellenguez,raw,MR-RAPS,FALSE,FALSE,per unit of GWAS beta,-0.11327154335652335,0.03308293810999692,-0.1781141020521173,-0.04842898466092939,6.173707978659893e-4,414,NA,NA,NA,NA,NA,NA,NA,NA,NA,NA,414,725.700401499548,413,1.616282113253625e-19,0.43089462380536214,725.5495841341432,1.2541071648325274e-19,0.8870452716029361,0.05798155524682916,454884,63.72988064060814,67.56695970524983,0.05798155524682916,0.0015384437543617944,TRUE,0,NA,NA,NA,NA,NA,NA,NA,NA,NA,NA,NA,NA,NA,NA,NA,NA,NA,NA,NA,NA,NA,NA,NA,NA,NA,NA,NA,NA,NA,NA,NA,NA,NA,NA,NA,NA,NA,NA,NA,NA,NA,NA,NA,NA,NA,NA,NA,NA,NA,NA,NA,NA,NA,NA,NA,NA,NA,NA,NA,to_ad,MR-APSS,CAUSE,UKB,TRUE,,FALSE
bmi_ukb__ad_bellenguez__raw,bmi_ukb,ad_bellenguez,raw,MRBEE,FALSE,FALSE,per unit of GWAS beta,-0.11078645537249737,0.03404590896638674,-0.1775164369466154,-0.04405647379837936,0.0011377971970377928,414,NA,NA,NA,NA,NA,NA,NA,NA,2,-0.004861248797838978,414,725.700401499548,413,1.616282113253625e-19,0.43089462380536214,725.5495841341432,1.2541071648325274e-19,0.8870452716029361,0.05798155524682916,454884,63.72988064060814,67.56695970524983,0.05798155524682916,0.0015384437543617944,TRUE,0,NA,NA,NA,NA,NA,NA,NA,NA,NA,NA,NA,NA,NA,NA,NA,NA,NA,NA,NA,NA,NA,NA,NA,NA,NA,NA,NA,NA,NA,NA,NA,NA,NA,NA,NA,NA,NA,NA,NA,NA,NA,NA,NA,NA,NA,NA,NA,NA,NA,NA,NA,NA,NA,NA,NA,NA,NA,NA,NA,to_ad,MR-APSS,CAUSE,UKB,TRUE,,TRUE
bmi_ukb__ad_bellenguez__raw,bmi_ukb,ad_bellenguez,raw,Weighted median,FALSE,FALSE,per unit of GWAS beta,-0.1947774088057157,0.049123896294134765,-0.2910602455422198,-0.09849457206921157,7.338868161564046e-5,414,NA,NA,NA,NA,NA,NA,NA,NA,NA,NA,414,725.700401499548,413,1.616282113253625e-19,0.43089462380536214,725.5495841341432,1.2541071648325274e-19,0.8870452716029361,0.05798155524682916,454884,63.72988064060814,67.56695970524983,0.05798155524682916,0.0015384437543617944,TRUE,0,NA,NA,NA,NA,NA,NA,NA,NA,NA,NA,NA,NA,NA,NA,NA,NA,NA,NA,NA,NA,NA,NA,NA,NA,NA,NA,NA,NA,NA,NA,NA,NA,NA,NA,NA,NA,NA,NA,NA,NA,NA,NA,NA,NA,NA,NA,NA,NA,NA,NA,NA,NA,NA,NA,NA,NA,NA,NA,NA,to_ad,MR-APSS,CAUSE,UKB,NA,NA,FALSE
bmi_ukb__ad_bellenguez__raw,bmi_ukb,ad_bellenguez,raw,Weighted mode,FALSE,FALSE,per unit of GWAS beta,-0.21981870042993723,0.08395556739325695,-0.38437161252072083,-0.055265788339153604,0.009162519144974223,414,NA,NA,NA,NA,NA,NA,NA,NA,NA,NA,414,725.700401499548,413,1.616282113253625e-19,0.43089462380536214,725.5495841341432,1.2541071648325274e-19,0.8870452716029361,0.05798155524682916,454884,63.72988064060814,67.56695970524983,0.05798155524682916,0.0015384437543617944,TRUE,0,NA,NA,NA,NA,NA,NA,NA,NA,NA,NA,NA,NA,NA,NA,NA,NA,NA,NA,NA,NA,NA,NA,NA,NA,NA,NA,NA,NA,NA,NA,NA,NA,NA,NA,NA,NA,NA,NA,NA,NA,NA,NA,NA,NA,NA,NA,NA,NA,NA,NA,NA,NA,NA,NA,NA,NA,NA,NA,NA,to_ad,MR-APSS,CAUSE,UKB,NA,NA,FALSE
bmi_ukb__ad_bellenguez__slopehunter,bmi_ukb,ad_bellenguez,slopehunter,MR-APSS,TRUE,FALSE,SD(outcome) per SD(exposure),0.006734817698039676,0.009515872049838194,-0.011916291519643185,0.025385926915722536,0.4791,1610,NA,NA,NA,NA,NA,NA,NA,NA,NA,NA,NA,NA,NA,NA,NA,NA,NA,NA,NA,NA,NA,NA,NA,NA,NA,NA,NA,740.8838950432294,0.46020184527073316,7.520380409465647e-9,0.010013132173141369,-0.007385723381037502,FALSE,5e-5,-0.0021214893964933137,0.008024581286632896,-0.017849668718293788,0.013606689925307159,4.019978381243128e-8,-8.52834150993965e-11,3.3168006710027016e-9,1.344962043470757,0.010013132173141369,1.0686605718763598,0.0074449180344910455,0.007191476103375302,NA,NA,NA,NA,NA,NA,NA,NA,NA,NA,NA,NA,NA,NA,NA,NA,NA,NA,NA,NA,NA,NA,NA,NA,NA,NA,NA,NA,NA,NA,NA,NA,NA,NA,NA,NA,NA,NA,NA,to_ad,MR-APSS,CAUSE,UKB,NA,NA,TRUE
bmi_ukb__ad_bellenguez__slopehunter,bmi_ukb,ad_bellenguez,slopehunter,CAUSE,FALSE,TRUE,SD(outcome) per SD(exposure),0.004016935194073694,NA,-0.008509465289211066,0.015238101491720326,NA,3579,NA,NA,NA,NA,NA,NA,NA,NA,NA,NA,NA,NA,NA,NA,NA,NA,NA,NA,NA,NA,NA,NA,NA,NA,NA,NA,NA,NA,NA,NA,NA,NA,NA,NA,NA,NA,NA,NA,NA,NA,NA,NA,NA,NA,NA,NA,0.30885371712688187,FALSE,0.007596496033464701,0.01278053911230579,0.02852351096502877,2.0954542105216616,0.5920957591073363,0.9997992121716093,0.0041829771486243455,-0.008496825332479991,0.015577612158140184,0.012373281714887307,-0.29107798968529636,0.3990292341102057,0.028819787169427236,6.137111759992834e-4,0.2410775749207048,2.1639046248729532e-4,-0.005554813203089165,0.009540671502337061,0.004408778058004629,-0.007197562564400999,0.015441556523372571,NA,NA,NA,0.025686102533058655,5.451699061955271e-4,0.21189757084257577,2.0954542105216616,0.5920957591073363,gamma + q*eta interval spans 0: fraction not reported,NA,NA,NA,NA,NA,NA,NA,to_ad,MR-APSS,CAUSE,UKB,NA,NA,TRUE
bmi_ukb__ad_bellenguez__slopehunter,bmi_ukb,ad_bellenguez,slopehunter,IVW-FE,FALSE,FALSE,per unit of GWAS beta,0.013160235123336049,0.026393389858882847,-0.03857080900007433,0.064891279246746425,0.6180480986171677,403,NA,NA,NA,NA,NA,NA,NA,NA,NA,NA,403,692.8270079339676,402,8.845110423674431e-18,0.41976857801953055,691.5086941053313,8.883573402398073e-18,0.888878883054687,0.05654621885161274,454884,63.849024014297974,67.59159120056839,0.05654621885161274,0.0014216473441095484,TRUE,0,NA,NA,NA,NA,NA,NA,NA,NA,NA,NA,NA,NA,NA,NA,NA,NA,NA,NA,NA,NA,NA,NA,NA,NA,NA,NA,NA,NA,NA,NA,NA,NA,NA,NA,NA,NA,NA,NA,NA,NA,NA,NA,NA,NA,NA,NA,NA,NA,NA,NA,NA,NA,NA,NA,NA,NA,NA,NA,NA,to_ad,MR-APSS,CAUSE,UKB,NA,NA,FALSE
bmi_ukb__ad_bellenguez__slopehunter,bmi_ukb,ad_bellenguez,slopehunter,IVW-MRE,FALSE,FALSE,per unit of GWAS beta,0.013160235123336049,0.03464930682798965,-0.05475240625952366,0.08107287650619577,0.7040847040743488,403,1.3128024483875922,NA,NA,NA,NA,NA,NA,NA,NA,NA,403,692.8270079339676,402,8.845110423674431e-18,0.41976857801953055,691.5086941053313,8.883573402398073e-18,0.888878883054687,0.05654621885161274,454884,63.849024014297974,67.59159120056839,0.05654621885161274,0.0014216473441095484,TRUE,0,NA,NA,NA,NA,NA,NA,NA,NA,NA,NA,NA,NA,NA,NA,NA,NA,NA,NA,NA,NA,NA,NA,NA,NA,NA,NA,NA,NA,NA,NA,NA,NA,NA,NA,NA,NA,NA,NA,NA,NA,NA,NA,NA,NA,NA,NA,NA,NA,NA,NA,NA,NA,NA,NA,NA,NA,NA,NA,NA,to_ad,MR-APSS,CAUSE,UKB,NA,NA,FALSE
bmi_ukb__ad_bellenguez__slopehunter,bmi_ukb,ad_bellenguez,slopehunter,MR-APSS (p<5e-8),FALSE,FALSE,SD(outcome) per SD(exposure),0.0024767653443979578,0.012370829395068688,-0.02177006026993667,0.026723590958732585,0.84132,597,NA,NA,NA,NA,NA,NA,NA,NA,NA,NA,NA,NA,NA,NA,NA,NA,NA,NA,NA,NA,NA,NA,NA,NA,NA,NA,NA,268.0176362893278,0.44895815705075576,1.3070147293173895e-8,0.010013132173141369,-0.007385723381037502,FALSE,5e-8,-0.0021214893964933137,0.008024581286632896,-0.017849668718293788,0.013606689925307159,4.019978381243128e-8,-8.52834150993965e-11,3.3168006710027016e-9,1.344962043470757,0.010013132173141369,1.0686605718763598,0.0074449180344910455,0.007191476103375302,NA,NA,NA,NA,NA,NA,NA,NA,NA,NA,NA,NA,NA,NA,NA,NA,NA,NA,NA,NA,NA,NA,NA,NA,NA,NA,NA,NA,NA,NA,NA,NA,NA,NA,NA,NA,NA,NA,NA,to_ad,MR-APSS,CAUSE,UKB,NA,NA,TRUE
bmi_ukb__ad_bellenguez__slopehunter,bmi_ukb,ad_bellenguez,slopehunter,MR-Egger,FALSE,FALSE,per unit of GWAS beta,-0.061628114564048125,0.09229171795119871,-0.2425198817483976,0.11926365262030134,0.5046750931555394,403,NA,0.0014746590684736854,0.001686587425483338,0.38245381071916773,NA,NA,NA,NA,NA,NA,403,692.8270079339676,402,8.845110423674431e-18,0.41976857801953055,691.5086941053313,8.883573402398073e-18,0.888878883054687,0.05654621885161274,454884,63.849024014297974,67.59159120056839,0.05654621885161274,0.0014216473441095484,TRUE,0,NA,NA,NA,NA,NA,NA,NA,NA,NA,NA,NA,NA,NA,NA,NA,NA,NA,NA,NA,NA,NA,NA,NA,NA,NA,NA,NA,NA,NA,NA,NA,NA,NA,NA,NA,NA,NA,NA,NA,NA,NA,NA,NA,NA,NA,NA,NA,NA,NA,NA,NA,NA,NA,NA,NA,NA,NA,NA,NA,to_ad,MR-APSS,CAUSE,UKB,NA,NA,FALSE
bmi_ukb__ad_bellenguez__slopehunter,bmi_ukb,ad_bellenguez,slopehunter,MR-PRESSO,FALSE,FALSE,per unit of GWAS beta,0.0234854204944391,0.0330165930019151,-0.041227101789314484,0.08819794277819268,0.477301558462043,399,NA,NA,NA,NA,0.001,4,Outlier-corrected,0.842,NA,NA,403,692.8270079339676,402,8.845110423674431e-18,0.41976857801953055,691.5086941053313,8.883573402398073e-18,0.888878883054687,0.05654621885161274,454884,63.849024014297974,67.59159120056839,0.05654621885161274,0.0014216473441095484,TRUE,0,NA,NA,NA,NA,NA,NA,NA,NA,NA,NA,NA,NA,NA,NA,NA,NA,NA,NA,NA,NA,NA,NA,NA,NA,NA,NA,NA,NA,NA,NA,NA,NA,NA,NA,NA,NA,NA,NA,NA,NA,NA,NA,NA,NA,NA,NA,NA,NA,NA,NA,NA,NA,NA,NA,NA,NA,NA,NA,NA,to_ad,MR-APSS,CAUSE,UKB,NA,NA,FALSE
bmi_ukb__ad_bellenguez__slopehunter,bmi_ukb,ad_bellenguez,slopehunter,MR-RAPS,FALSE,FALSE,per unit of GWAS beta,0.027832925828897646,0.03425735718039961,-0.03931149424468559,0.09497734590248089,0.41652449143860726,403,NA,NA,NA,NA,NA,NA,NA,NA,NA,NA,403,692.8270079339676,402,8.845110423674431e-18,0.41976857801953055,691.5086941053313,8.883573402398073e-18,0.888878883054687,0.05654621885161274,454884,63.849024014297974,67.59159120056839,0.05654621885161274,0.0014216473441095484,TRUE,0,NA,NA,NA,NA,NA,NA,NA,NA,NA,NA,NA,NA,NA,NA,NA,NA,NA,NA,NA,NA,NA,NA,NA,NA,NA,NA,NA,NA,NA,NA,NA,NA,NA,NA,NA,NA,NA,NA,NA,NA,NA,NA,NA,NA,NA,NA,NA,NA,NA,NA,NA,NA,NA,NA,NA,NA,NA,NA,NA,to_ad,MR-APSS,CAUSE,UKB,TRUE,,FALSE
bmi_ukb__ad_bellenguez__slopehunter,bmi_ukb,ad_bellenguez,slopehunter,MRBEE,FALSE,FALSE,per unit of GWAS beta,0.029420954055534364,0.03616400441403125,-0.04146049459596689,0.10030240270703562,0.4159070976624458,403,NA,NA,NA,NA,NA,NA,NA,NA,2,0.01165809156364254,403,692.8270079339676,402,8.845110423674431e-18,0.41976857801953055,691.5086941053313,8.883573402398073e-18,0.888878883054687,0.05654621885161274,454884,63.849024014297974,67.59159120056839,0.05654621885161274,0.0014216473441095484,TRUE,0,NA,NA,NA,NA,NA,NA,NA,NA,NA,NA,NA,NA,NA,NA,NA,NA,NA,NA,NA,NA,NA,NA,NA,NA,NA,NA,NA,NA,NA,NA,NA,NA,NA,NA,NA,NA,NA,NA,NA,NA,NA,NA,NA,NA,NA,NA,NA,NA,NA,NA,NA,NA,NA,NA,NA,NA,NA,NA,NA,to_ad,MR-APSS,CAUSE,UKB,TRUE,,TRUE
bmi_ukb__ad_bellenguez__slopehunter,bmi_ukb,ad_bellenguez,slopehunter,Weighted median,FALSE,FALSE,per unit of GWAS beta,-0.06126405784823851,0.04578239861674041,-0.1509975591370497,0.028469443440572693,0.18084511591216482,403,NA,NA,NA,NA,NA,NA,NA,NA,NA,NA,403,692.8270079339676,402,8.845110423674431e-18,0.41976857801953055,691.5086941053313,8.883573402398073e-18,0.888878883054687,0.05654621885161274,454884,63.849024014297974,67.59159120056839,0.05654621885161274,0.0014216473441095484,TRUE,0,NA,NA,NA,NA,NA,NA,NA,NA,NA,NA,NA,NA,NA,NA,NA,NA,NA,NA,NA,NA,NA,NA,NA,NA,NA,NA,NA,NA,NA,NA,NA,NA,NA,NA,NA,NA,NA,NA,NA,NA,NA,NA,NA,NA,NA,NA,NA,NA,NA,NA,NA,NA,NA,NA,NA,NA,NA,NA,NA,to_ad,MR-APSS,CAUSE,UKB,NA,NA,FALSE
bmi_ukb__ad_bellenguez__slopehunter,bmi_ukb,ad_bellenguez,slopehunter,Weighted mode,FALSE,FALSE,per unit of GWAS beta,-0.1362373315837062,0.07897379075248631,-0.2910259614585794,0.018551298291166946,0.08527882168585098,403,NA,NA,NA,NA,NA,NA,NA,NA,NA,NA,403,692.8270079339676,402,8.845110423674431e-18,0.41976857801953055,691.5086941053313,8.883573402398073e-18,0.888878883054687,0.05654621885161274,454884,63.849024014297974,67.59159120056839,0.05654621885161274,0.0014216473441095484,TRUE,0,NA,NA,NA,NA,NA,NA,NA,NA,NA,NA,NA,NA,NA,NA,NA,NA,NA,NA,NA,NA,NA,NA,NA,NA,NA,NA,NA,NA,NA,NA,NA,NA,NA,NA,NA,NA,NA,NA,NA,NA,NA,NA,NA,NA,NA,NA,NA,NA,NA,NA,NA,NA,NA,NA,NA,NA,NA,NA,NA,to_ad,MR-APSS,CAUSE,UKB,NA,NA,FALSE
bmi_ukb__ad_kunkle__raw,bmi_ukb,ad_kunkle,raw,MR-APSS,TRUE,FALSE,SD(outcome) per SD(exposure),-0.004039160840179958,0.0219965698682224,-0.047152437781895866,0.039074116101535945,0.85431,1670,NA,NA,NA,NA,NA,NA,NA,NA,NA,NA,NA,NA,NA,NA,NA,NA,NA,NA,NA,NA,NA,NA,NA,NA,NA,NA,NA,794.2181452408522,0.47559632853969985,2.2341000643182853e-8,0.012969744617753552,-0.018715522957250205,FALSE,5e-5,-0.009769716691442188,0.018710150798539205,-0.04644161225657903,0.026902178873694657,4.0046848539591896e-8,-3.912463646169081e-10,1.0912602887904923e-8,1.342229521379195,0.012969744617753552,1.0297768737580903,0.009662836654364907,0.02577604038344384,NA,NA,NA,NA,NA,NA,NA,NA,NA,NA,NA,NA,NA,NA,NA,NA,NA,NA,NA,NA,NA,NA,NA,NA,NA,NA,NA,NA,NA,NA,NA,NA,NA,NA,NA,NA,NA,NA,NA,to_ad,MR-APSS,CAUSE,none,NA,NA,TRUE
bmi_ukb__ad_kunkle__raw,bmi_ukb,ad_kunkle,raw,CAUSE,FALSE,TRUE,SD(outcome) per SD(exposure),0.0055549215045243615,NA,-0.034285069755789696,0.03705175295378571,NA,3742,NA,NA,NA,NA,NA,NA,NA,NA,NA,NA,NA,NA,NA,NA,NA,NA,NA,NA,NA,NA,NA,NA,NA,NA,NA,NA,NA,NA,NA,NA,NA,NA,NA,NA,NA,NA,NA,NA,NA,NA,NA,NA,NA,NA,NA,NA,0.3966153391774429,FALSE,0.0067667925111398065,0.009635726925438272,0.0275964877557447,1.3168110322830051,0.17388065154437207,0.9999999999999818,0.005579621681879652,-0.03398182398162461,0.03709444096541542,0.006958903743199725,-0.8745206187692912,0.9802098546517825,0.028485385939639847,5.787685046332559e-4,0.24382815272690295,6.963054421910362e-5,-0.02009288120979879,0.02188472227398313,0.004980799840576446,-0.025391056422560135,0.03729694122855632,NA,NA,NA,0.021702836751472727,4.714511888620144e-4,0.2031621243652998,1.3168110322830051,0.17388065154437207,gamma + q*eta interval spans 0: fraction not reported,NA,NA,NA,NA,NA,NA,NA,to_ad,MR-APSS,CAUSE,none,NA,NA,TRUE
bmi_ukb__ad_kunkle__raw,bmi_ukb,ad_kunkle,raw,IVW-FE,FALSE,FALSE,per unit of GWAS beta,-0.24175763810095766,0.04665273794431662,-0.3331970044718182,-0.1503182717300971,2.194397412261751e-7,372,NA,NA,NA,NA,NA,NA,NA,NA,NA,NA,372,4512.6460275611635,371,0,0.9177865939995952,4495.237685908997,0,0.8939094280411596,0.0534157564988571,454884,65.34132664546605,68.94639622983054,0.0534157564988571,0.0672518207680953,FALSE,12,NA,NA,NA,NA,NA,NA,NA,NA,NA,NA,NA,NA,NA,NA,NA,NA,NA,NA,NA,NA,NA,NA,NA,NA,NA,NA,NA,NA,NA,NA,NA,NA,NA,NA,NA,NA,NA,NA,NA,NA,NA,NA,NA,NA,NA,NA,NA,NA,NA,NA,NA,NA,NA,NA,NA,NA,NA,NA,NA,to_ad,MR-APSS,CAUSE,none,NA,NA,FALSE
bmi_ukb__ad_kunkle__raw,bmi_ukb,ad_kunkle,raw,IVW-MRE,FALSE,FALSE,per unit of GWAS beta,-0.24175763810095766,0.16270684210787678,-0.5606630486323961,0.07714777243048085,0.13731932700502072,372,3.4876161459608017,NA,NA,NA,NA,NA,NA,NA,NA,NA,372,4512.6460275611635,371,0,0.9177865939995952,4495.237685908997,0,0.8939094280411596,0.0534157564988571,454884,65.34132664546605,68.94639622983054,0.0534157564988571,0.0672518207680953,FALSE,12,NA,NA,NA,NA,NA,NA,NA,NA,NA,NA,NA,NA,NA,NA,NA,NA,NA,NA,NA,NA,NA,NA,NA,NA,NA,NA,NA,NA,NA,NA,NA,NA,NA,NA,NA,NA,NA,NA,NA,NA,NA,NA,NA,NA,NA,NA,NA,NA,NA,NA,NA,NA,NA,NA,NA,NA,NA,NA,NA,to_ad,MR-APSS,CAUSE,none,NA,NA,FALSE
bmi_ukb__ad_kunkle__raw,bmi_ukb,ad_kunkle,raw,MR-APSS (p<5e-8),FALSE,FALSE,SD(outcome) per SD(exposure),-0.02400009804956345,0.02843926824555965,-0.07974106381086037,0.031740867711733456,0.39872,614,NA,NA,NA,NA,NA,NA,NA,NA,NA,NA,NA,NA,NA,NA,NA,NA,NA,NA,NA,NA,NA,NA,NA,NA,NA,NA,NA,285.9043158490029,0.46564421341008583,3.2213259299737774e-8,0.012969744617753552,-0.018715522957250205,FALSE,5e-8,-0.009769716691442188,0.018710150798539205,-0.04644161225657903,0.026902178873694657,4.0046848539591896e-8,-3.912463646169081e-10,1.0912602887904923e-8,1.342229521379195,0.012969744617753552,1.0297768737580903,0.009662836654364907,0.02577604038344384,NA,NA,NA,NA,NA,NA,NA,NA,NA,NA,NA,NA,NA,NA,NA,NA,NA,NA,NA,NA,NA,NA,NA,NA,NA,NA,NA,NA,NA,NA,NA,NA,NA,NA,NA,NA,NA,NA,NA,to_ad,MR-APSS,CAUSE,none,NA,NA,TRUE
bmi_ukb__ad_kunkle__raw,bmi_ukb,ad_kunkle,raw,MR-Egger,FALSE,FALSE,per unit of GWAS beta,-0.7188573605488752,0.43046681408206827,-1.562572316149729,0.12485759505197858,0.09577529752761463,372,NA,0.009493809127725515,0.007931170080905128,0.232063171711687,NA,NA,NA,NA,NA,NA,372,4512.6460275611635,371,0,0.9177865939995952,4495.237685908997,0,0.8939094280411596,0.0534157564988571,454884,65.34132664546605,68.94639622983054,0.0534157564988571,0.0672518207680953,FALSE,12,NA,NA,NA,NA,NA,NA,NA,NA,NA,NA,NA,NA,NA,NA,NA,NA,NA,NA,NA,NA,NA,NA,NA,NA,NA,NA,NA,NA,NA,NA,NA,NA,NA,NA,NA,NA,NA,NA,NA,NA,NA,NA,NA,NA,NA,NA,NA,NA,NA,NA,NA,NA,NA,NA,NA,NA,NA,NA,NA,to_ad,MR-APSS,CAUSE,none,NA,NA,FALSE
bmi_ukb__ad_kunkle__raw,bmi_ukb,ad_kunkle,raw,MR-PRESSO,FALSE,FALSE,per unit of GWAS beta,-0.0410331577612225,0.0523370677093682,-0.14361381047158417,0.061547494949139164,0.433534397743255,369,NA,NA,NA,NA,0.001,3,Outlier-corrected,0.001,NA,NA,372,4512.6460275611635,371,0,0.9177865939995952,4495.237685908997,0,0.8939094280411596,0.0534157564988571,454884,65.34132664546605,68.94639622983054,0.0534157564988571,0.0672518207680953,FALSE,12,NA,NA,NA,NA,NA,NA,NA,NA,NA,NA,NA,NA,NA,NA,NA,NA,NA,NA,NA,NA,NA,NA,NA,NA,NA,NA,NA,NA,NA,NA,NA,NA,NA,NA,NA,NA,NA,NA,NA,NA,NA,NA,NA,NA,NA,NA,NA,NA,NA,NA,NA,NA,NA,NA,NA,NA,NA,NA,NA,to_ad,MR-APSS,CAUSE,none,NA,NA,FALSE
bmi_ukb__ad_kunkle__raw,bmi_ukb,ad_kunkle,raw,MR-RAPS,FALSE,FALSE,per unit of GWAS beta,-0.057524276503089215,0.0641445158797971,-0.18324752762749152,0.06819897462131308,0.3698300189711165,372,NA,NA,NA,NA,NA,NA,NA,NA,NA,NA,372,4512.6460275611635,371,0,0.9177865939995952,4495.237685908997,0,0.8939094280411596,0.0534157564988571,454884,65.34132664546605,68.94639622983054,0.0534157564988571,0.0672518207680953,FALSE,12,NA,NA,NA,NA,NA,NA,NA,NA,NA,NA,NA,NA,NA,NA,NA,NA,NA,NA,NA,NA,NA,NA,NA,NA,NA,NA,NA,NA,NA,NA,NA,NA,NA,NA,NA,NA,NA,NA,NA,NA,NA,NA,NA,NA,NA,NA,NA,NA,NA,NA,NA,NA,NA,NA,NA,NA,NA,NA,NA,to_ad,MR-APSS,CAUSE,none,TRUE,,FALSE
bmi_ukb__ad_kunkle__raw,bmi_ukb,ad_kunkle,raw,MRAID,FALSE,FALSE,SD(outcome) per SD(exposure),NA,NA,NA,NA,NA,2147,NA,NA,NA,NA,NA,NA,NA,NA,NA,NA,NA,NA,NA,NA,NA,NA,NA,NA,NA,NA,NA,NA,NA,NA,NA,NA,not run: 2147 candidates > 1000 (pre-specified cap),NA,NA,NA,NA,NA,NA,NA,NA,NA,NA,NA,NA,NA,NA,NA,NA,NA,NA,NA,NA,NA,NA,NA,NA,NA,NA,NA,NA,NA,NA,NA,NA,NA,NA,NA,NA,NA,NA,NA,NA,NA,NA,NA,NA,NA,NA,NA,NA,NA,NA,NA,NA,NA,NA,NA,NA,NA,NA,to_ad,MR-APSS,CAUSE,none,NA,NA,FALSE
bmi_ukb__ad_kunkle__raw,bmi_ukb,ad_kunkle,raw,MRBEE,FALSE,FALSE,per unit of GWAS beta,-0.042226927258971605,0.0524264462000148,-0.14498276181100062,0.06052890729305739,0.42055954049731153,372,NA,NA,NA,NA,NA,NA,NA,NA,3,0.004848078875593234,372,4512.6460275611635,371,0,0.9177865939995952,4495.237685908997,0,0.8939094280411596,0.0534157564988571,454884,65.34132664546605,68.94639622983054,0.0534157564988571,0.0672518207680953,FALSE,12,NA,NA,NA,NA,NA,NA,NA,NA,NA,NA,NA,NA,NA,NA,NA,NA,NA,NA,NA,NA,NA,NA,NA,NA,NA,NA,NA,NA,NA,NA,NA,NA,NA,NA,NA,NA,NA,NA,NA,NA,NA,NA,NA,NA,NA,NA,NA,NA,NA,NA,NA,NA,NA,NA,NA,NA,NA,NA,NA,to_ad,MR-APSS,CAUSE,none,TRUE,,TRUE
bmi_ukb__ad_kunkle__raw,bmi_ukb,ad_kunkle,raw,Weighted median,FALSE,FALSE,per unit of GWAS beta,-0.08561257982076599,0.08500862324500572,-0.25222948138097717,0.0810043217394452,0.3138844865285188,372,NA,NA,NA,NA,NA,NA,NA,NA,NA,NA,372,4512.6460275611635,371,0,0.9177865939995952,4495.237685908997,0,0.8939094280411596,0.0534157564988571,454884,65.34132664546605,68.94639622983054,0.0534157564988571,0.0672518207680953,FALSE,12,NA,NA,NA,NA,NA,NA,NA,NA,NA,NA,NA,NA,NA,NA,NA,NA,NA,NA,NA,NA,NA,NA,NA,NA,NA,NA,NA,NA,NA,NA,NA,NA,NA,NA,NA,NA,NA,NA,NA,NA,NA,NA,NA,NA,NA,NA,NA,NA,NA,NA,NA,NA,NA,NA,NA,NA,NA,NA,NA,to_ad,MR-APSS,CAUSE,none,NA,NA,FALSE
bmi_ukb__ad_kunkle__raw,bmi_ukb,ad_kunkle,raw,Weighted mode,FALSE,FALSE,per unit of GWAS beta,-0.13560032873936478,0.14767728044410766,-0.42504779840981577,0.1538471409310862,0.35909991374005445,372,NA,NA,NA,NA,NA,NA,NA,NA,NA,NA,372,4512.6460275611635,371,0,0.9177865939995952,4495.237685908997,0,0.8939094280411596,0.0534157564988571,454884,65.34132664546605,68.94639622983054,0.0534157564988571,0.0672518207680953,FALSE,12,NA,NA,NA,NA,NA,NA,NA,NA,NA,NA,NA,NA,NA,NA,NA,NA,NA,NA,NA,NA,NA,NA,NA,NA,NA,NA,NA,NA,NA,NA,NA,NA,NA,NA,NA,NA,NA,NA,NA,NA,NA,NA,NA,NA,NA,NA,NA,NA,NA,NA,NA,NA,NA,NA,NA,NA,NA,NA,NA,to_ad,MR-APSS,CAUSE,none,NA,NA,FALSE
fatmass_ukb__ad_bellenguez__raw,fatmass_ukb,ad_bellenguez,raw,MR-APSS,TRUE,FALSE,SD(outcome) per SD(exposure),-0.02898640330317858,0.009482589366528004,-0.04757227846157347,-0.010400528144783695,0.0022371,1630,NA,NA,NA,NA,NA,NA,NA,NA,NA,NA,NA,NA,NA,NA,NA,NA,NA,NA,NA,NA,NA,NA,NA,NA,NA,NA,NA,801.9722132033702,0.49199396979922005,6.600516035897611e-9,-0.014080623920307497,-0.1299610604580564,FALSE,5e-5,-0.038686297718665434,0.00934915904811584,-0.05701064945297248,-0.020361945984358386,3.84353099916225e-8,-1.4869198452451043e-9,3.4057928909298564e-9,1.3410201149385794,-0.014080623920307497,1.0919522969277213,-0.01049993491033683,-0.010134161955276385,NA,NA,NA,NA,NA,NA,NA,NA,NA,NA,NA,NA,NA,NA,NA,NA,NA,NA,NA,NA,NA,NA,NA,NA,NA,NA,NA,NA,NA,NA,NA,NA,NA,NA,NA,NA,NA,NA,NA,to_ad,MR-APSS,CAUSE,UKB,NA,NA,TRUE
fatmass_ukb__ad_bellenguez__raw,fatmass_ukb,ad_bellenguez,raw,CAUSE,FALSE,TRUE,SD(outcome) per SD(exposure),-0.01009662492718986,NA,-0.022274198689473678,0.0035007249214952644,NA,3652,NA,NA,NA,NA,NA,NA,NA,NA,NA,NA,NA,NA,NA,NA,NA,NA,NA,NA,NA,NA,NA,NA,NA,NA,NA,NA,NA,NA,NA,NA,NA,NA,NA,NA,NA,NA,NA,NA,NA,NA,NA,NA,NA,NA,NA,NA,0.9514576978653642,FALSE,-0.06827265440394158,-0.004320866675616432,0.028259268333009967,-0.47654679512407183,1.3529210865847376,0.3623308389703293,-0.010102408806083953,-0.02218254937787962,0.003566250990794119,-0.005360216166269114,-0.32349200281382245,0.23152727771863588,0.027976021771115387,7.634486823369396e-4,0.22215287779214424,-7.912025582040723e-5,-0.00756977502472355,0.005961949997931081,-0.010193497820970144,-0.02149205732926702,7.406881629708306e-4,NA,NA,NA,0.04367130942155077,9.654494672535484e-4,0.26697799904451797,-0.47654679512407183,1.3529210865847376,gamma + q*eta interval spans 0: fraction not reported,NA,NA,NA,NA,NA,NA,NA,to_ad,MR-APSS,CAUSE,UKB,NA,NA,TRUE
fatmass_ukb__ad_bellenguez__raw,fatmass_ukb,ad_bellenguez,raw,IVW-FE,FALSE,FALSE,per unit of GWAS beta,-0.19262871406693682,0.02633355965253337,-0.24424249098590223,-0.14101493714797142,2.5747419553577587e-13,401,NA,NA,NA,NA,NA,NA,NA,NA,NA,NA,401,615.4270814029162,400,2.2489161923786657e-11,0.3500448516367408,615.4227428895215,1.803113692298541e-11,0.8780549809623537,0.05542781813586694,454137,62.79041930484417,66.3973184991631,0.05542781813586694,0.0013721301025118775,TRUE,0,NA,NA,NA,NA,NA,NA,NA,NA,NA,NA,NA,NA,NA,NA,NA,NA,NA,NA,NA,NA,NA,NA,NA,NA,NA,NA,NA,NA,NA,NA,NA,NA,NA,NA,NA,NA,NA,NA,NA,NA,NA,NA,NA,NA,NA,NA,NA,NA,NA,NA,NA,NA,NA,NA,NA,NA,NA,NA,NA,to_ad,MR-APSS,CAUSE,UKB,NA,NA,FALSE
fatmass_ukb__ad_bellenguez__raw,fatmass_ukb,ad_bellenguez,raw,IVW-MRE,FALSE,FALSE,per unit of GWAS beta,-0.19262871406693682,0.032663887787605365,-0.25664993413064335,-0.1286074940032303,3.6949986089604048e-9,401,1.240390141651928,NA,NA,NA,NA,NA,NA,NA,NA,NA,401,615.4270814029162,400,2.2489161923786657e-11,0.3500448516367408,615.4227428895215,1.803113692298541e-11,0.8780549809623537,0.05542781813586694,454137,62.79041930484417,66.3973184991631,0.05542781813586694,0.0013721301025118775,TRUE,0,NA,NA,NA,NA,NA,NA,NA,NA,NA,NA,NA,NA,NA,NA,NA,NA,NA,NA,NA,NA,NA,NA,NA,NA,NA,NA,NA,NA,NA,NA,NA,NA,NA,NA,NA,NA,NA,NA,NA,NA,NA,NA,NA,NA,NA,NA,NA,NA,NA,NA,NA,NA,NA,NA,NA,NA,NA,NA,NA,to_ad,MR-APSS,CAUSE,UKB,NA,NA,FALSE
fatmass_ukb__ad_bellenguez__raw,fatmass_ukb,ad_bellenguez,raw,MR-APSS (p<5e-8),FALSE,FALSE,SD(outcome) per SD(exposure),-0.03430051223732001,0.011665827051471438,-0.05716553325820403,-0.01143549121643599,0.0032794,573,NA,NA,NA,NA,NA,NA,NA,NA,NA,NA,NA,NA,NA,NA,NA,NA,NA,NA,NA,NA,NA,NA,NA,NA,NA,NA,NA,298.812351162604,0.521472673836218,7.160340320523886e-9,-0.014080623920307497,-0.1299610604580564,FALSE,5e-8,-0.038686297718665434,0.00934915904811584,-0.05701064945297248,-0.020361945984358386,3.84353099916225e-8,-1.4869198452451043e-9,3.4057928909298564e-9,1.3410201149385794,-0.014080623920307497,1.0919522969277213,-0.01049993491033683,-0.010134161955276385,NA,NA,NA,NA,NA,NA,NA,NA,NA,NA,NA,NA,NA,NA,NA,NA,NA,NA,NA,NA,NA,NA,NA,NA,NA,NA,NA,NA,NA,NA,NA,NA,NA,NA,NA,NA,NA,NA,NA,to_ad,MR-APSS,CAUSE,UKB,NA,NA,TRUE
fatmass_ukb__ad_bellenguez__raw,fatmass_ukb,ad_bellenguez,raw,MR-Egger,FALSE,FALSE,per unit of GWAS beta,-0.18814524162737783,0.09064225794386792,-0.3658040671973589,-0.010486416057396725,0.038562629164916346,401,NA,-8.532139237249878e-5,0.0016087471323081492,0.9577298268882981,NA,NA,NA,NA,NA,NA,401,615.4270814029162,400,2.2489161923786657e-11,0.3500448516367408,615.4227428895215,1.803113692298541e-11,0.8780549809623537,0.05542781813586694,454137,62.79041930484417,66.3973184991631,0.05542781813586694,0.0013721301025118775,TRUE,0,NA,NA,NA,NA,NA,NA,NA,NA,NA,NA,NA,NA,NA,NA,NA,NA,NA,NA,NA,NA,NA,NA,NA,NA,NA,NA,NA,NA,NA,NA,NA,NA,NA,NA,NA,NA,NA,NA,NA,NA,NA,NA,NA,NA,NA,NA,NA,NA,NA,NA,NA,NA,NA,NA,NA,NA,NA,NA,NA,to_ad,MR-APSS,CAUSE,UKB,NA,NA,FALSE
fatmass_ukb__ad_bellenguez__raw,fatmass_ukb,ad_bellenguez,raw,MR-PRESSO,FALSE,FALSE,per unit of GWAS beta,-0.186010930638038,0.0308049503190669,-0.24638863326340912,-0.12563322801266688,3.59443620644783e-9,396,NA,NA,NA,NA,0.001,5,Outlier-corrected,0.826,NA,NA,401,615.4270814029162,400,2.2489161923786657e-11,0.3500448516367408,615.4227428895215,1.803113692298541e-11,0.8780549809623537,0.05542781813586694,454137,62.79041930484417,66.3973184991631,0.05542781813586694,0.0013721301025118775,TRUE,0,NA,NA,NA,NA,NA,NA,NA,NA,NA,NA,NA,NA,NA,NA,NA,NA,NA,NA,NA,NA,NA,NA,NA,NA,NA,NA,NA,NA,NA,NA,NA,NA,NA,NA,NA,NA,NA,NA,NA,NA,NA,NA,NA,NA,NA,NA,NA,NA,NA,NA,NA,NA,NA,NA,NA,NA,NA,NA,NA,to_ad,MR-APSS,CAUSE,UKB,NA,NA,FALSE
fatmass_ukb__ad_bellenguez__raw,fatmass_ukb,ad_bellenguez,raw,MR-RAPS,FALSE,FALSE,per unit of GWAS beta,-0.17923232936625133,0.03212175922900315,-0.2421909774550975,-0.11627368127740516,2.408238624172932e-8,401,NA,NA,NA,NA,NA,NA,NA,NA,NA,NA,401,615.4270814029162,400,2.2489161923786657e-11,0.3500448516367408,615.4227428895215,1.803113692298541e-11,0.8780549809623537,0.05542781813586694,454137,62.79041930484417,66.3973184991631,0.05542781813586694,0.0013721301025118775,TRUE,0,NA,NA,NA,NA,NA,NA,NA,NA,NA,NA,NA,NA,NA,NA,NA,NA,NA,NA,NA,NA,NA,NA,NA,NA,NA,NA,NA,NA,NA,NA,NA,NA,NA,NA,NA,NA,NA,NA,NA,NA,NA,NA,NA,NA,NA,NA,NA,NA,NA,NA,NA,NA,NA,NA,NA,NA,NA,NA,NA,to_ad,MR-APSS,CAUSE,UKB,TRUE,,FALSE
fatmass_ukb__ad_bellenguez__raw,fatmass_ukb,ad_bellenguez,raw,MRBEE,FALSE,FALSE,per unit of GWAS beta,-0.18098375556108812,0.034136330873283764,-0.2478909640727243,-0.11407654704945194,1.1467090504503602e-7,401,NA,NA,NA,NA,NA,NA,NA,NA,2,-0.008003877646410935,401,615.4270814029162,400,2.2489161923786657e-11,0.3500448516367408,615.4227428895215,1.803113692298541e-11,0.8780549809623537,0.05542781813586694,454137,62.79041930484417,66.3973184991631,0.05542781813586694,0.0013721301025118775,TRUE,0,NA,NA,NA,NA,NA,NA,NA,NA,NA,NA,NA,NA,NA,NA,NA,NA,NA,NA,NA,NA,NA,NA,NA,NA,NA,NA,NA,NA,NA,NA,NA,NA,NA,NA,NA,NA,NA,NA,NA,NA,NA,NA,NA,NA,NA,NA,NA,NA,NA,NA,NA,NA,NA,NA,NA,NA,NA,NA,NA,to_ad,MR-APSS,CAUSE,UKB,TRUE,,TRUE
fatmass_ukb__ad_bellenguez__raw,fatmass_ukb,ad_bellenguez,raw,Weighted median,FALSE,FALSE,per unit of GWAS beta,-0.2061119650208626,0.046529573477827685,-0.29730992903740483,-0.11491400100432034,9.436507952833245e-6,401,NA,NA,NA,NA,NA,NA,NA,NA,NA,NA,401,615.4270814029162,400,2.2489161923786657e-11,0.3500448516367408,615.4227428895215,1.803113692298541e-11,0.8780549809623537,0.05542781813586694,454137,62.79041930484417,66.3973184991631,0.05542781813586694,0.0013721301025118775,TRUE,0,NA,NA,NA,NA,NA,NA,NA,NA,NA,NA,NA,NA,NA,NA,NA,NA,NA,NA,NA,NA,NA,NA,NA,NA,NA,NA,NA,NA,NA,NA,NA,NA,NA,NA,NA,NA,NA,NA,NA,NA,NA,NA,NA,NA,NA,NA,NA,NA,NA,NA,NA,NA,NA,NA,NA,NA,NA,NA,NA,to_ad,MR-APSS,CAUSE,UKB,NA,NA,FALSE
fatmass_ukb__ad_bellenguez__raw,fatmass_ukb,ad_bellenguez,raw,Weighted mode,FALSE,FALSE,per unit of GWAS beta,-0.21619085783599434,0.0954860678967436,-0.4033435509136118,-0.029038164758376894,0.024102193656247498,401,NA,NA,NA,NA,NA,NA,NA,NA,NA,NA,401,615.4270814029162,400,2.2489161923786657e-11,0.3500448516367408,615.4227428895215,1.803113692298541e-11,0.8780549809623537,0.05542781813586694,454137,62.79041930484417,66.3973184991631,0.05542781813586694,0.0013721301025118775,TRUE,0,NA,NA,NA,NA,NA,NA,NA,NA,NA,NA,NA,NA,NA,NA,NA,NA,NA,NA,NA,NA,NA,NA,NA,NA,NA,NA,NA,NA,NA,NA,NA,NA,NA,NA,NA,NA,NA,NA,NA,NA,NA,NA,NA,NA,NA,NA,NA,NA,NA,NA,NA,NA,NA,NA,NA,NA,NA,NA,NA,to_ad,MR-APSS,CAUSE,UKB,NA,NA,FALSE
fatmass_ukb__ad_bellenguez__slopehunter,fatmass_ukb,ad_bellenguez,slopehunter,MR-APSS,TRUE,FALSE,SD(outcome) per SD(exposure),-0.0022968400574219987,0.009294554785772312,-0.02051416743753573,0.01592048732269173,0.80482,1573,NA,NA,NA,NA,NA,NA,NA,NA,NA,NA,NA,NA,NA,NA,NA,NA,NA,NA,NA,NA,NA,NA,NA,NA,NA,NA,NA,771.4845641998118,0.490482243545791,6.971721170277614e-9,0.010245661296136778,-0.028199673067139833,FALSE,5e-5,-0.008280148868609347,0.00846234800938587,-0.02486635096700565,0.00830605322978696,3.853961663786576e-8,-3.1911376310066217e-10,3.322733680487702e-9,1.3479912109141465,0.010245661296136778,1.068402106950573,0.007600688500920295,0.00733591292686044,NA,NA,NA,NA,NA,NA,NA,NA,NA,NA,NA,NA,NA,NA,NA,NA,NA,NA,NA,NA,NA,NA,NA,NA,NA,NA,NA,NA,NA,NA,NA,NA,NA,NA,NA,NA,NA,NA,NA,to_ad,MR-APSS,CAUSE,UKB,NA,NA,TRUE
fatmass_ukb__ad_bellenguez__slopehunter,fatmass_ukb,ad_bellenguez,slopehunter,CAUSE,FALSE,TRUE,SD(outcome) per SD(exposure),0.006726211453640338,NA,-0.007206596927047457,0.01897128893156159,NA,3515,NA,NA,NA,NA,NA,NA,NA,NA,NA,NA,NA,NA,NA,NA,NA,NA,NA,NA,NA,NA,NA,NA,NA,NA,NA,NA,NA,NA,NA,NA,NA,NA,NA,NA,NA,NA,NA,NA,NA,NA,NA,NA,NA,NA,NA,NA,0.17382993124781843,FALSE,9.44343089109183e-4,-0.012731157682348372,0.03551730660598405,0.30884299287530537,0.9253002479133423,0.6307256932184139,0.006742928633557374,-0.006917861424274977,0.018771936836886688,-0.013641395125460585,-0.3504590846312388,0.12041958138879232,0.03608008249316315,8.143008159793388e-4,0.24165929600558012,-2.5279178467022337e-4,-0.009034136699403521,0.008646611354250076,0.006369901586604694,-0.0043751402980102905,0.01725480895491344,NA,NA,NA,0.030633443330339336,7.719409068409818e-4,0.22793462061255015,0.30884299287530537,0.9253002479133423,gamma + q*eta interval spans 0: fraction not reported,NA,NA,NA,NA,NA,NA,NA,to_ad,MR-APSS,CAUSE,UKB,NA,NA,TRUE
fatmass_ukb__ad_bellenguez__slopehunter,fatmass_ukb,ad_bellenguez,slopehunter,IVW-FE,FALSE,FALSE,per unit of GWAS beta,-0.07024932373345086,0.02756447901429941,-0.1242757026014777,-0.016222944865424013,0.010817323362074797,387,NA,NA,NA,NA,NA,NA,NA,NA,NA,NA,387,583.3425463703529,386,3.1374388878372594e-10,0.3382961650890178,583.316555532224,2.546572622403553e-10,0.8808968584185413,0.053989908029249564,454137,63.37436130364433,66.91469982901513,0.053989908029249564,0.0012098846668073867,TRUE,0,NA,NA,NA,NA,NA,NA,NA,NA,NA,NA,NA,NA,NA,NA,NA,NA,NA,NA,NA,NA,NA,NA,NA,NA,NA,NA,NA,NA,NA,NA,NA,NA,NA,NA,NA,NA,NA,NA,NA,NA,NA,NA,NA,NA,NA,NA,NA,NA,NA,NA,NA,NA,NA,NA,NA,NA,NA,NA,NA,to_ad,MR-APSS,CAUSE,UKB,NA,NA,FALSE
fatmass_ukb__ad_bellenguez__slopehunter,fatmass_ukb,ad_bellenguez,slopehunter,IVW-MRE,FALSE,FALSE,per unit of GWAS beta,-0.07024932373345086,0.033885817120622365,-0.1366655252898707,-0.003833122177031023,0.03816122696759979,387,1.2293291341745904,NA,NA,NA,NA,NA,NA,NA,NA,NA,387,583.3425463703529,386,3.1374388878372594e-10,0.3382961650890178,583.316555532224,2.546572622403553e-10,0.8808968584185413,0.053989908029249564,454137,63.37436130364433,66.91469982901513,0.053989908029249564,0.0012098846668073867,TRUE,0,NA,NA,NA,NA,NA,NA,NA,NA,NA,NA,NA,NA,NA,NA,NA,NA,NA,NA,NA,NA,NA,NA,NA,NA,NA,NA,NA,NA,NA,NA,NA,NA,NA,NA,NA,NA,NA,NA,NA,NA,NA,NA,NA,NA,NA,NA,NA,NA,NA,NA,NA,NA,NA,NA,NA,NA,NA,NA,NA,to_ad,MR-APSS,CAUSE,UKB,NA,NA,FALSE
fatmass_ukb__ad_bellenguez__slopehunter,fatmass_ukb,ad_bellenguez,slopehunter,MR-APSS (p<5e-8),FALSE,FALSE,SD(outcome) per SD(exposure),-0.00540578899949037,0.011501710682940477,-0.027949141938053704,0.017137563939072963,0.63836,558,NA,NA,NA,NA,NA,NA,NA,NA,NA,NA,NA,NA,NA,NA,NA,NA,NA,NA,NA,NA,NA,NA,NA,NA,NA,NA,NA,289.0397952993103,0.5179972101607792,7.099687982856487e-9,0.010245661296136778,-0.028199673067139833,FALSE,5e-8,-0.008280148868609347,0.00846234800938587,-0.02486635096700565,0.00830605322978696,3.853961663786576e-8,-3.1911376310066217e-10,3.322733680487702e-9,1.3479912109141465,0.010245661296136778,1.068402106950573,0.007600688500920295,0.00733591292686044,NA,NA,NA,NA,NA,NA,NA,NA,NA,NA,NA,NA,NA,NA,NA,NA,NA,NA,NA,NA,NA,NA,NA,NA,NA,NA,NA,NA,NA,NA,NA,NA,NA,NA,NA,NA,NA,NA,NA,to_ad,MR-APSS,CAUSE,UKB,NA,NA,TRUE
fatmass_ukb__ad_bellenguez__slopehunter,fatmass_ukb,ad_bellenguez,slopehunter,MR-Egger,FALSE,FALSE,per unit of GWAS beta,-0.08164162661937054,0.09336397224380726,-0.26463501221723273,0.10135175897849168,0.382421293916846,387,NA,2.1829625861123585e-4,0.0016667019238273358,0.8958635074746428,NA,NA,NA,NA,NA,NA,387,583.3425463703529,386,3.1374388878372594e-10,0.3382961650890178,583.316555532224,2.546572622403553e-10,0.8808968584185413,0.053989908029249564,454137,63.37436130364433,66.91469982901513,0.053989908029249564,0.0012098846668073867,TRUE,0,NA,NA,NA,NA,NA,NA,NA,NA,NA,NA,NA,NA,NA,NA,NA,NA,NA,NA,NA,NA,NA,NA,NA,NA,NA,NA,NA,NA,NA,NA,NA,NA,NA,NA,NA,NA,NA,NA,NA,NA,NA,NA,NA,NA,NA,NA,NA,NA,NA,NA,NA,NA,NA,NA,NA,NA,NA,NA,NA,to_ad,MR-APSS,CAUSE,UKB,NA,NA,FALSE
fatmass_ukb__ad_bellenguez__slopehunter,fatmass_ukb,ad_bellenguez,slopehunter,MR-PRESSO,FALSE,FALSE,per unit of GWAS beta,-0.0663824069026419,0.0314961120543053,-0.1281147865290803,-0.0046500272762035055,0.0357168295676415,381,NA,NA,NA,NA,0.001,6,Outlier-corrected,0.891,NA,NA,387,583.3425463703529,386,3.1374388878372594e-10,0.3382961650890178,583.316555532224,2.546572622403553e-10,0.8808968584185413,0.053989908029249564,454137,63.37436130364433,66.91469982901513,0.053989908029249564,0.0012098846668073867,TRUE,0,NA,NA,NA,NA,NA,NA,NA,NA,NA,NA,NA,NA,NA,NA,NA,NA,NA,NA,NA,NA,NA,NA,NA,NA,NA,NA,NA,NA,NA,NA,NA,NA,NA,NA,NA,NA,NA,NA,NA,NA,NA,NA,NA,NA,NA,NA,NA,NA,NA,NA,NA,NA,NA,NA,NA,NA,NA,NA,NA,to_ad,MR-APSS,CAUSE,UKB,NA,NA,FALSE
fatmass_ukb__ad_bellenguez__slopehunter,fatmass_ukb,ad_bellenguez,slopehunter,MR-RAPS,FALSE,FALSE,per unit of GWAS beta,-0.05295327852136134,0.033532621633513504,-0.1186772169230478,0.012770659880325129,0.11430002048946632,387,NA,NA,NA,NA,NA,NA,NA,NA,NA,NA,387,583.3425463703529,386,3.1374388878372594e-10,0.3382961650890178,583.316555532224,2.546572622403553e-10,0.8808968584185413,0.053989908029249564,454137,63.37436130364433,66.91469982901513,0.053989908029249564,0.0012098846668073867,TRUE,0,NA,NA,NA,NA,NA,NA,NA,NA,NA,NA,NA,NA,NA,NA,NA,NA,NA,NA,NA,NA,NA,NA,NA,NA,NA,NA,NA,NA,NA,NA,NA,NA,NA,NA,NA,NA,NA,NA,NA,NA,NA,NA,NA,NA,NA,NA,NA,NA,NA,NA,NA,NA,NA,NA,NA,NA,NA,NA,NA,to_ad,MR-APSS,CAUSE,UKB,TRUE,,FALSE
fatmass_ukb__ad_bellenguez__slopehunter,fatmass_ukb,ad_bellenguez,slopehunter,MRBEE,FALSE,FALSE,per unit of GWAS beta,-0.05658397896042642,0.03525057387731206,-0.12567510375995805,0.012507145839105206,0.1084513092447299,387,NA,NA,NA,NA,NA,NA,NA,NA,2,0.010367038064397658,387,583.3425463703529,386,3.1374388878372594e-10,0.3382961650890178,583.316555532224,2.546572622403553e-10,0.8808968584185413,0.053989908029249564,454137,63.37436130364433,66.91469982901513,0.053989908029249564,0.0012098846668073867,TRUE,0,NA,NA,NA,NA,NA,NA,NA,NA,NA,NA,NA,NA,NA,NA,NA,NA,NA,NA,NA,NA,NA,NA,NA,NA,NA,NA,NA,NA,NA,NA,NA,NA,NA,NA,NA,NA,NA,NA,NA,NA,NA,NA,NA,NA,NA,NA,NA,NA,NA,NA,NA,NA,NA,NA,NA,NA,NA,NA,NA,to_ad,MR-APSS,CAUSE,UKB,TRUE,,TRUE
fatmass_ukb__ad_bellenguez__slopehunter,fatmass_ukb,ad_bellenguez,slopehunter,Weighted median,FALSE,FALSE,per unit of GWAS beta,-0.09222993848605435,0.049016065775600616,-0.18830142740623157,0.003841550434122862,0.05988671730367985,387,NA,NA,NA,NA,NA,NA,NA,NA,NA,NA,387,583.3425463703529,386,3.1374388878372594e-10,0.3382961650890178,583.316555532224,2.546572622403553e-10,0.8808968584185413,0.053989908029249564,454137,63.37436130364433,66.91469982901513,0.053989908029249564,0.0012098846668073867,TRUE,0,NA,NA,NA,NA,NA,NA,NA,NA,NA,NA,NA,NA,NA,NA,NA,NA,NA,NA,NA,NA,NA,NA,NA,NA,NA,NA,NA,NA,NA,NA,NA,NA,NA,NA,NA,NA,NA,NA,NA,NA,NA,NA,NA,NA,NA,NA,NA,NA,NA,NA,NA,NA,NA,NA,NA,NA,NA,NA,NA,to_ad,MR-APSS,CAUSE,UKB,NA,NA,FALSE
fatmass_ukb__ad_bellenguez__slopehunter,fatmass_ukb,ad_bellenguez,slopehunter,Weighted mode,FALSE,FALSE,per unit of GWAS beta,-0.1407544201297508,0.09939141840068215,-0.33556160019508785,0.0540527599355862,0.15753430319083023,387,NA,NA,NA,NA,NA,NA,NA,NA,NA,NA,387,583.3425463703529,386,3.1374388878372594e-10,0.3382961650890178,583.316555532224,2.546572622403553e-10,0.8808968584185413,0.053989908029249564,454137,63.37436130364433,66.91469982901513,0.053989908029249564,0.0012098846668073867,TRUE,0,NA,NA,NA,NA,NA,NA,NA,NA,NA,NA,NA,NA,NA,NA,NA,NA,NA,NA,NA,NA,NA,NA,NA,NA,NA,NA,NA,NA,NA,NA,NA,NA,NA,NA,NA,NA,NA,NA,NA,NA,NA,NA,NA,NA,NA,NA,NA,NA,NA,NA,NA,NA,NA,NA,NA,NA,NA,NA,NA,to_ad,MR-APSS,CAUSE,UKB,NA,NA,FALSE
fatmass_ukb__ad_kunkle__raw,fatmass_ukb,ad_kunkle,raw,MR-APSS,TRUE,FALSE,SD(outcome) per SD(exposure),-0.020968635225983995,0.02259687099868169,-0.06525850238340011,0.023321231931432117,0.35344,1634,NA,NA,NA,NA,NA,NA,NA,NA,NA,NA,NA,NA,NA,NA,NA,NA,NA,NA,NA,NA,NA,NA,NA,NA,NA,NA,NA,810.6836540326449,0.49615730844989603,1.857528881432765e-8,0.008493719629600695,-0.04955909722114121,FALSE,5e-5,-0.026323906324189683,0.019799913820071558,-0.06513173741152994,0.012483924763150571,3.8391302428109576e-8,-1.0106090487811924e-9,1.0831453659599837e-8,1.3434875984298578,0.008493719629600695,1.030357613373138,0.006322142191358787,0.016850738440154285,NA,NA,NA,NA,NA,NA,NA,NA,NA,NA,NA,NA,NA,NA,NA,NA,NA,NA,NA,NA,NA,NA,NA,NA,NA,NA,NA,NA,NA,NA,NA,NA,NA,NA,NA,NA,NA,NA,NA,to_ad,MR-APSS,CAUSE,none,NA,NA,TRUE
fatmass_ukb__ad_kunkle__raw,fatmass_ukb,ad_kunkle,raw,CAUSE,FALSE,TRUE,SD(outcome) per SD(exposure),0.009328286087290088,NA,-0.027381320233270775,0.040979178796418124,NA,3669,NA,NA,NA,NA,NA,NA,NA,NA,NA,NA,NA,NA,NA,NA,NA,NA,NA,NA,NA,NA,NA,NA,NA,NA,NA,NA,NA,NA,NA,NA,NA,NA,NA,NA,NA,NA,NA,NA,NA,NA,NA,NA,NA,NA,NA,NA,0.28417293285588907,FALSE,-0.005399375610980306,0.03725683676802967,0.028665014777891688,0.7356471682252494,0.5321731932694747,0.9165671645895291,0.009413537737805896,-0.02609018857464457,0.040331620643973054,0.0368135187680606,-0.6141997712438141,1.026927257725587,0.028534707997682037,6.213834574059339e-4,0.23613885003720067,5.986108193719895e-4,-0.01631597874773984,0.025691468757399777,0.010701413125464663,-0.016804768333893563,0.038350053435513676,NA,NA,NA,0.024125400716365722,5.128367223874087e-4,0.19050056871231755,0.7356471682252494,0.5321731932694747,gamma + q*eta interval spans 0: fraction not reported,NA,NA,NA,NA,NA,NA,NA,to_ad,MR-APSS,CAUSE,none,NA,NA,TRUE
fatmass_ukb__ad_kunkle__raw,fatmass_ukb,ad_kunkle,raw,IVW-FE,FALSE,FALSE,per unit of GWAS beta,-0.3357964663019247,0.04888365947579514,-0.4316084388744832,-0.23998449372936626,6.451821549157489e-12,362,NA,NA,NA,NA,NA,NA,NA,NA,NA,NA,362,4440.3752877115485,361,0,0.9187005654681837,4425.724997023398,0,0.8817766869564785,0.050732502689125734,454137,63.66369407388432,66.9928901139213,0.050732502689125734,0.06643944122411143,FALSE,7,NA,NA,NA,NA,NA,NA,NA,NA,NA,NA,NA,NA,NA,NA,NA,NA,NA,NA,NA,NA,NA,NA,NA,NA,NA,NA,NA,NA,NA,NA,NA,NA,NA,NA,NA,NA,NA,NA,NA,NA,NA,NA,NA,NA,NA,NA,NA,NA,NA,NA,NA,NA,NA,NA,NA,NA,NA,NA,NA,to_ad,MR-APSS,CAUSE,none,NA,NA,FALSE
fatmass_ukb__ad_kunkle__raw,fatmass_ukb,ad_kunkle,raw,IVW-MRE,FALSE,FALSE,per unit of GWAS beta,-0.3357964663019247,0.17144307502892947,-0.6718248933586265,2.319607547770497e-4,0.05015414013502527,362,3.5071653159236145,NA,NA,NA,NA,NA,NA,NA,NA,NA,362,4440.3752877115485,361,0,0.9187005654681837,4425.724997023398,0,0.8817766869564785,0.050732502689125734,454137,63.66369407388432,66.9928901139213,0.050732502689125734,0.06643944122411143,FALSE,7,NA,NA,NA,NA,NA,NA,NA,NA,NA,NA,NA,NA,NA,NA,NA,NA,NA,NA,NA,NA,NA,NA,NA,NA,NA,NA,NA,NA,NA,NA,NA,NA,NA,NA,NA,NA,NA,NA,NA,NA,NA,NA,NA,NA,NA,NA,NA,NA,NA,NA,NA,NA,NA,NA,NA,NA,NA,NA,NA,to_ad,MR-APSS,CAUSE,none,NA,NA,FALSE
fatmass_ukb__ad_kunkle__raw,fatmass_ukb,ad_kunkle,raw,MR-APSS (p<5e-8),FALSE,FALSE,SD(outcome) per SD(exposure),-0.0383687698540875,0.027312038339811946,-0.09190036500011892,0.015162825291943911,0.16007,578,NA,NA,NA,NA,NA,NA,NA,NA,NA,NA,NA,NA,NA,NA,NA,NA,NA,NA,NA,NA,NA,NA,NA,NA,NA,NA,NA,303.4218458373895,0.5249460172177914,2.1396440925467533e-8,0.008493719629600695,-0.04955909722114121,FALSE,5e-8,-0.026323906324189683,0.019799913820071558,-0.06513173741152994,0.012483924763150571,3.8391302428109576e-8,-1.0106090487811924e-9,1.0831453659599837e-8,1.3434875984298578,0.008493719629600695,1.030357613373138,0.006322142191358787,0.016850738440154285,NA,NA,NA,NA,NA,NA,NA,NA,NA,NA,NA,NA,NA,NA,NA,NA,NA,NA,NA,NA,NA,NA,NA,NA,NA,NA,NA,NA,NA,NA,NA,NA,NA,NA,NA,NA,NA,NA,NA,to_ad,MR-APSS,CAUSE,none,NA,NA,TRUE
fatmass_ukb__ad_kunkle__raw,fatmass_ukb,ad_kunkle,raw,MR-Egger,FALSE,FALSE,per unit of GWAS beta,-0.8197761361080256,0.4753259558403238,-1.75141500955506,0.11186273733900898,0.08544690825285715,362,NA,0.009185037628062033,0.008413927793881202,0.2757184072809418,NA,NA,NA,NA,NA,NA,362,4440.3752877115485,361,0,0.9187005654681837,4425.724997023398,0,0.8817766869564785,0.050732502689125734,454137,63.66369407388432,66.9928901139213,0.050732502689125734,0.06643944122411143,FALSE,7,NA,NA,NA,NA,NA,NA,NA,NA,NA,NA,NA,NA,NA,NA,NA,NA,NA,NA,NA,NA,NA,NA,NA,NA,NA,NA,NA,NA,NA,NA,NA,NA,NA,NA,NA,NA,NA,NA,NA,NA,NA,NA,NA,NA,NA,NA,NA,NA,NA,NA,NA,NA,NA,NA,NA,NA,NA,NA,NA,to_ad,MR-APSS,CAUSE,none,NA,NA,FALSE
fatmass_ukb__ad_kunkle__raw,fatmass_ukb,ad_kunkle,raw,MR-PRESSO,FALSE,FALSE,per unit of GWAS beta,-0.11457314952209,0.0522952706764909,-0.21707188004801214,-0.012074418996167832,0.0291039403592487,359,NA,NA,NA,NA,0.001,3,Outlier-corrected,0.001,NA,NA,362,4440.3752877115485,361,0,0.9187005654681837,4425.724997023398,0,0.8817766869564785,0.050732502689125734,454137,63.66369407388432,66.9928901139213,0.050732502689125734,0.06643944122411143,FALSE,7,NA,NA,NA,NA,NA,NA,NA,NA,NA,NA,NA,NA,NA,NA,NA,NA,NA,NA,NA,NA,NA,NA,NA,NA,NA,NA,NA,NA,NA,NA,NA,NA,NA,NA,NA,NA,NA,NA,NA,NA,NA,NA,NA,NA,NA,NA,NA,NA,NA,NA,NA,NA,NA,NA,NA,NA,NA,NA,NA,to_ad,MR-APSS,CAUSE,none,NA,NA,FALSE
fatmass_ukb__ad_kunkle__raw,fatmass_ukb,ad_kunkle,raw,MR-RAPS,FALSE,FALSE,per unit of GWAS beta,-0.1421936063114952,0.06472172421286779,-0.26904818576871603,-0.015339026854274324,0.028020470246242844,362,NA,NA,NA,NA,NA,NA,NA,NA,NA,NA,362,4440.3752877115485,361,0,0.9187005654681837,4425.724997023398,0,0.8817766869564785,0.050732502689125734,454137,63.66369407388432,66.9928901139213,0.050732502689125734,0.06643944122411143,FALSE,7,NA,NA,NA,NA,NA,NA,NA,NA,NA,NA,NA,NA,NA,NA,NA,NA,NA,NA,NA,NA,NA,NA,NA,NA,NA,NA,NA,NA,NA,NA,NA,NA,NA,NA,NA,NA,NA,NA,NA,NA,NA,NA,NA,NA,NA,NA,NA,NA,NA,NA,NA,NA,NA,NA,NA,NA,NA,NA,NA,to_ad,MR-APSS,CAUSE,none,TRUE,,FALSE
fatmass_ukb__ad_kunkle__raw,fatmass_ukb,ad_kunkle,raw,MRAID,FALSE,FALSE,SD(outcome) per SD(exposure),NA,NA,NA,NA,NA,1874,NA,NA,NA,NA,NA,NA,NA,NA,NA,NA,NA,NA,NA,NA,NA,NA,NA,NA,NA,NA,NA,NA,NA,NA,NA,NA,not run: 1874 candidates > 1000 (pre-specified cap),NA,NA,NA,NA,NA,NA,NA,NA,NA,NA,NA,NA,NA,NA,NA,NA,NA,NA,NA,NA,NA,NA,NA,NA,NA,NA,NA,NA,NA,NA,NA,NA,NA,NA,NA,NA,NA,NA,NA,NA,NA,NA,NA,NA,NA,NA,NA,NA,NA,NA,NA,NA,NA,NA,NA,NA,NA,NA,to_ad,MR-APSS,CAUSE,none,NA,NA,FALSE
fatmass_ukb__ad_kunkle__raw,fatmass_ukb,ad_kunkle,raw,MRBEE,FALSE,FALSE,per unit of GWAS beta,-0.10912050566294565,0.05539827761508421,-0.2177011297885107,-5.398815373806043e-4,0.04886755042195616,362,NA,NA,NA,NA,NA,NA,NA,NA,2,0.0022128756683396163,362,4440.3752877115485,361,0,0.9187005654681837,4425.724997023398,0,0.8817766869564785,0.050732502689125734,454137,63.66369407388432,66.9928901139213,0.050732502689125734,0.06643944122411143,FALSE,7,NA,NA,NA,NA,NA,NA,NA,NA,NA,NA,NA,NA,NA,NA,NA,NA,NA,NA,NA,NA,NA,NA,NA,NA,NA,NA,NA,NA,NA,NA,NA,NA,NA,NA,NA,NA,NA,NA,NA,NA,NA,NA,NA,NA,NA,NA,NA,NA,NA,NA,NA,NA,NA,NA,NA,NA,NA,NA,NA,to_ad,MR-APSS,CAUSE,none,TRUE,,TRUE
fatmass_ukb__ad_kunkle__raw,fatmass_ukb,ad_kunkle,raw,Weighted median,FALSE,FALSE,per unit of GWAS beta,-0.18699975482033995,0.08260938487338504,-0.3489141491721746,-0.02508536046850529,0.023594889435742006,362,NA,NA,NA,NA,NA,NA,NA,NA,NA,NA,362,4440.3752877115485,361,0,0.9187005654681837,4425.724997023398,0,0.8817766869564785,0.050732502689125734,454137,63.66369407388432,66.9928901139213,0.050732502689125734,0.06643944122411143,FALSE,7,NA,NA,NA,NA,NA,NA,NA,NA,NA,NA,NA,NA,NA,NA,NA,NA,NA,NA,NA,NA,NA,NA,NA,NA,NA,NA,NA,NA,NA,NA,NA,NA,NA,NA,NA,NA,NA,NA,NA,NA,NA,NA,NA,NA,NA,NA,NA,NA,NA,NA,NA,NA,NA,NA,NA,NA,NA,NA,NA,to_ad,MR-APSS,CAUSE,none,NA,NA,FALSE
fatmass_ukb__ad_kunkle__raw,fatmass_ukb,ad_kunkle,raw,Weighted mode,FALSE,FALSE,per unit of GWAS beta,-0.20192980825046192,0.16807572352064096,-0.5313582263509182,0.12749860984999434,0.23037529755747815,362,NA,NA,NA,NA,NA,NA,NA,NA,NA,NA,362,4440.3752877115485,361,0,0.9187005654681837,4425.724997023398,0,0.8817766869564785,0.050732502689125734,454137,63.66369407388432,66.9928901139213,0.050732502689125734,0.06643944122411143,FALSE,7,NA,NA,NA,NA,NA,NA,NA,NA,NA,NA,NA,NA,NA,NA,NA,NA,NA,NA,NA,NA,NA,NA,NA,NA,NA,NA,NA,NA,NA,NA,NA,NA,NA,NA,NA,NA,NA,NA,NA,NA,NA,NA,NA,NA,NA,NA,NA,NA,NA,NA,NA,NA,NA,NA,NA,NA,NA,NA,NA,to_ad,MR-APSS,CAUSE,none,NA,NA,FALSE
ffm_ukb__ad_bellenguez__raw,ffm_ukb,ad_bellenguez,raw,MR-APSS,TRUE,FALSE,SD(outcome) per SD(exposure),-0.02952774254252972,0.007080548543130048,-0.043405617687064614,-0.01564986739799483,3.0425e-5,1835,NA,NA,NA,NA,NA,NA,NA,NA,NA,NA,NA,NA,NA,NA,NA,NA,NA,NA,NA,NA,NA,NA,NA,NA,NA,NA,NA,867.4050730660922,0.472675978929061,1.1827467051722216e-8,-0.04723705313785896,-0.1181927992408278,TRUE,5e-5,-0.03072330029901014,0.008053088598181464,-0.04650735395144581,-0.01493924664657447,5.0137955285659834e-8,-1.5404034566196698e-9,3.3878198894429887e-9,1.4841198072867425,-0.04723705313785896,1.092781460641682,-0.031828328754817586,-0.030743671080849404,NA,NA,NA,NA,NA,NA,NA,NA,NA,NA,NA,NA,NA,NA,NA,NA,NA,NA,NA,NA,NA,NA,NA,NA,NA,NA,NA,NA,NA,NA,NA,NA,NA,NA,NA,NA,NA,NA,NA,to_ad,MR-APSS,CAUSE,UKB,NA,NA,TRUE
ffm_ukb__ad_bellenguez__raw,ffm_ukb,ad_bellenguez,raw,CAUSE,FALSE,TRUE,SD(outcome) per SD(exposure),-0.01630707219568768,NA,-0.02658095180860937,-0.005685855041805891,NA,4056,NA,NA,NA,NA,NA,NA,NA,NA,NA,NA,NA,NA,NA,NA,NA,NA,NA,NA,NA,NA,NA,NA,NA,NA,NA,NA,NA,NA,NA,NA,NA,NA,NA,NA,NA,NA,NA,NA,NA,NA,NA,NA,NA,NA,NA,NA,0.975,TRUE,-0.08912051416712106,0.0016364263165003566,0.030771083587429977,-2.938586809214952,1.5899996318528373,0.03228900474113883,-0.016341703162046237,-0.026624833697835974,-0.005702155314903113,0.0020026229806315984,-0.18505299784648627,0.22071207762547482,0.030852165122152705,8.141224888727221e-4,0.2485802152387323,2.765854699298257e-5,-0.005996628608549906,0.006495130195167628,-0.0163243598838598,-0.02513176477940539,-0.007294642766759913,-0.0016700818344575347,-0.46926968977218486,0.4085865563728926,0.16270253635884402,0.010903942188454217,0.4203047519636936,-2.938586809214952,1.5899996318528373,,NA,NA,NA,NA,NA,NA,NA,to_ad,MR-APSS,CAUSE,UKB,NA,NA,TRUE
ffm_ukb__ad_bellenguez__raw,ffm_ukb,ad_bellenguez,raw,IVW-FE,FALSE,FALSE,per unit of GWAS beta,-0.249705674496276,0.031052172902915204,-0.3105679333859898,-0.1888434156065622,8.875406934611473e-16,526,NA,NA,NA,NA,NA,NA,NA,NA,NA,NA,526,796.5327495342848,525,1.6986834593324265e-13,0.34089339037603167,796.1974151184199,1.4549796229096228e-13,0.9336821678872104,0.09862135842151498,454850,85.31508524860298,94.50236917438264,0.09862135842151498,0.001766500637827171,TRUE,0,NA,NA,NA,NA,NA,NA,NA,NA,NA,NA,NA,NA,NA,NA,NA,NA,NA,NA,NA,NA,NA,NA,NA,NA,NA,NA,NA,NA,NA,NA,NA,NA,NA,NA,NA,NA,NA,NA,NA,NA,NA,NA,NA,NA,NA,NA,NA,NA,NA,NA,NA,NA,NA,NA,NA,NA,NA,NA,NA,to_ad,MR-APSS,CAUSE,UKB,NA,NA,FALSE
ffm_ukb__ad_bellenguez__raw,ffm_ukb,ad_bellenguez,raw,IVW-MRE,FALSE,FALSE,per unit of GWAS beta,-0.249705674496276,0.038248478360626115,-0.3246726920831032,-0.17473865690944884,6.642600662618656e-11,526,1.2317488531385614,NA,NA,NA,NA,NA,NA,NA,NA,NA,526,796.5327495342848,525,1.6986834593324265e-13,0.34089339037603167,796.1974151184199,1.4549796229096228e-13,0.9336821678872104,0.09862135842151498,454850,85.31508524860298,94.50236917438264,0.09862135842151498,0.001766500637827171,TRUE,0,NA,NA,NA,NA,NA,NA,NA,NA,NA,NA,NA,NA,NA,NA,NA,NA,NA,NA,NA,NA,NA,NA,NA,NA,NA,NA,NA,NA,NA,NA,NA,NA,NA,NA,NA,NA,NA,NA,NA,NA,NA,NA,NA,NA,NA,NA,NA,NA,NA,NA,NA,NA,NA,NA,NA,NA,NA,NA,NA,to_ad,MR-APSS,CAUSE,UKB,NA,NA,FALSE
ffm_ukb__ad_bellenguez__raw,ffm_ukb,ad_bellenguez,raw,MR-APSS (p<5e-8),FALSE,FALSE,SD(outcome) per SD(exposure),-0.030734080340788145,0.007653759736077162,-0.045735449423499386,-0.015732711258076907,5.9306e-5,833,NA,NA,NA,NA,NA,NA,NA,NA,NA,NA,NA,NA,NA,NA,NA,NA,NA,NA,NA,NA,NA,NA,NA,NA,NA,NA,NA,492.0014277730439,0.5906203354912355,1.0288500543273628e-8,-0.04723705313785896,-0.1181927992408278,TRUE,5e-8,-0.03072330029901014,0.008053088598181464,-0.04650735395144581,-0.01493924664657447,5.0137955285659834e-8,-1.5404034566196698e-9,3.3878198894429887e-9,1.4841198072867425,-0.04723705313785896,1.092781460641682,-0.031828328754817586,-0.030743671080849404,NA,NA,NA,NA,NA,NA,NA,NA,NA,NA,NA,NA,NA,NA,NA,NA,NA,NA,NA,NA,NA,NA,NA,NA,NA,NA,NA,NA,NA,NA,NA,NA,NA,NA,NA,NA,NA,NA,NA,to_ad,MR-APSS,CAUSE,UKB,NA,NA,TRUE
ffm_ukb__ad_bellenguez__raw,ffm_ukb,ad_bellenguez,raw,MR-Egger,FALSE,FALSE,per unit of GWAS beta,-0.21080824264214088,0.09121865501923601,-0.38959680647984346,-0.03201967880443829,0.02121893092467698,526,NA,-5.783282378042839e-4,0.0012310624145337313,0.6387077923412672,NA,NA,NA,NA,NA,NA,526,796.5327495342848,525,1.6986834593324265e-13,0.34089339037603167,796.1974151184199,1.4549796229096228e-13,0.9336821678872104,0.09862135842151498,454850,85.31508524860298,94.50236917438264,0.09862135842151498,0.001766500637827171,TRUE,0,NA,NA,NA,NA,NA,NA,NA,NA,NA,NA,NA,NA,NA,NA,NA,NA,NA,NA,NA,NA,NA,NA,NA,NA,NA,NA,NA,NA,NA,NA,NA,NA,NA,NA,NA,NA,NA,NA,NA,NA,NA,NA,NA,NA,NA,NA,NA,NA,NA,NA,NA,NA,NA,NA,NA,NA,NA,NA,NA,to_ad,MR-APSS,CAUSE,UKB,NA,NA,FALSE
ffm_ukb__ad_bellenguez__raw,ffm_ukb,ad_bellenguez,raw,MR-PRESSO,FALSE,FALSE,per unit of GWAS beta,-0.236151508507593,0.0364983912207212,-0.30768835530020655,-0.16461466171497946,2.26323671952033e-10,521,NA,NA,NA,NA,0.001,5,Outlier-corrected,0.699,NA,NA,526,796.5327495342848,525,1.6986834593324265e-13,0.34089339037603167,796.1974151184199,1.4549796229096228e-13,0.9336821678872104,0.09862135842151498,454850,85.31508524860298,94.50236917438264,0.09862135842151498,0.001766500637827171,TRUE,0,NA,NA,NA,NA,NA,NA,NA,NA,NA,NA,NA,NA,NA,NA,NA,NA,NA,NA,NA,NA,NA,NA,NA,NA,NA,NA,NA,NA,NA,NA,NA,NA,NA,NA,NA,NA,NA,NA,NA,NA,NA,NA,NA,NA,NA,NA,NA,NA,NA,NA,NA,NA,NA,NA,NA,NA,NA,NA,NA,to_ad,MR-APSS,CAUSE,UKB,NA,NA,FALSE
ffm_ukb__ad_bellenguez__raw,ffm_ukb,ad_bellenguez,raw,MR-RAPS,FALSE,FALSE,per unit of GWAS beta,-0.23973188428301562,0.03809660450434793,-0.31440122911153756,-0.16506253945449367,3.1191807071594274e-10,526,NA,NA,NA,NA,NA,NA,NA,NA,NA,NA,526,796.5327495342848,525,1.6986834593324265e-13,0.34089339037603167,796.1974151184199,1.4549796229096228e-13,0.9336821678872104,0.09862135842151498,454850,85.31508524860298,94.50236917438264,0.09862135842151498,0.001766500637827171,TRUE,0,NA,NA,NA,NA,NA,NA,NA,NA,NA,NA,NA,NA,NA,NA,NA,NA,NA,NA,NA,NA,NA,NA,NA,NA,NA,NA,NA,NA,NA,NA,NA,NA,NA,NA,NA,NA,NA,NA,NA,NA,NA,NA,NA,NA,NA,NA,NA,NA,NA,NA,NA,NA,NA,NA,NA,NA,NA,NA,NA,to_ad,MR-APSS,CAUSE,UKB,TRUE,,FALSE
ffm_ukb__ad_bellenguez__raw,ffm_ukb,ad_bellenguez,raw,MRBEE,FALSE,FALSE,per unit of GWAS beta,-0.23979719181404313,0.03960818039071629,-0.3174292253798471,-0.16216515824823918,1.4108741041245454e-9,526,NA,NA,NA,NA,NA,NA,NA,NA,2,-0.02134677486784269,526,796.5327495342848,525,1.6986834593324265e-13,0.34089339037603167,796.1974151184199,1.4549796229096228e-13,0.9336821678872104,0.09862135842151498,454850,85.31508524860298,94.50236917438264,0.09862135842151498,0.001766500637827171,TRUE,0,NA,NA,NA,NA,NA,NA,NA,NA,NA,NA,NA,NA,NA,NA,NA,NA,NA,NA,NA,NA,NA,NA,NA,NA,NA,NA,NA,NA,NA,NA,NA,NA,NA,NA,NA,NA,NA,NA,NA,NA,NA,NA,NA,NA,NA,NA,NA,NA,NA,NA,NA,NA,NA,NA,NA,NA,NA,NA,NA,to_ad,MR-APSS,CAUSE,UKB,TRUE,,TRUE
ffm_ukb__ad_bellenguez__raw,ffm_ukb,ad_bellenguez,raw,Weighted median,FALSE,FALSE,per unit of GWAS beta,-0.22332688680853519,0.05236932665962529,-0.32597076706140077,-0.12068300655566962,2.0038644180098915e-5,526,NA,NA,NA,NA,NA,NA,NA,NA,NA,NA,526,796.5327495342848,525,1.6986834593324265e-13,0.34089339037603167,796.1974151184199,1.4549796229096228e-13,0.9336821678872104,0.09862135842151498,454850,85.31508524860298,94.50236917438264,0.09862135842151498,0.001766500637827171,TRUE,0,NA,NA,NA,NA,NA,NA,NA,NA,NA,NA,NA,NA,NA,NA,NA,NA,NA,NA,NA,NA,NA,NA,NA,NA,NA,NA,NA,NA,NA,NA,NA,NA,NA,NA,NA,NA,NA,NA,NA,NA,NA,NA,NA,NA,NA,NA,NA,NA,NA,NA,NA,NA,NA,NA,NA,NA,NA,NA,NA,to_ad,MR-APSS,CAUSE,UKB,NA,NA,FALSE
ffm_ukb__ad_bellenguez__raw,ffm_ukb,ad_bellenguez,raw,Weighted mode,FALSE,FALSE,per unit of GWAS beta,-0.23270036345513198,0.24982497225095662,-0.7223573090670069,0.256956582156743,0.35204711551924595,526,NA,NA,NA,NA,NA,NA,NA,NA,NA,NA,526,796.5327495342848,525,1.6986834593324265e-13,0.34089339037603167,796.1974151184199,1.4549796229096228e-13,0.9336821678872104,0.09862135842151498,454850,85.31508524860298,94.50236917438264,0.09862135842151498,0.001766500637827171,TRUE,0,NA,NA,NA,NA,NA,NA,NA,NA,NA,NA,NA,NA,NA,NA,NA,NA,NA,NA,NA,NA,NA,NA,NA,NA,NA,NA,NA,NA,NA,NA,NA,NA,NA,NA,NA,NA,NA,NA,NA,NA,NA,NA,NA,NA,NA,NA,NA,NA,NA,NA,NA,NA,NA,NA,NA,NA,NA,NA,NA,to_ad,MR-APSS,CAUSE,UKB,NA,NA,FALSE
ffm_ukb__ad_bellenguez__slopehunter,ffm_ukb,ad_bellenguez,slopehunter,MR-APSS,TRUE,FALSE,SD(outcome) per SD(exposure),-0.02171799847803863,0.007106347363922474,-0.035646439311326675,-0.00778955764475058,0.0022421,1755,NA,NA,NA,NA,NA,NA,NA,NA,NA,NA,NA,NA,NA,NA,NA,NA,NA,NA,NA,NA,NA,NA,NA,NA,NA,NA,NA,825.5677850905707,0.4703894520077135,1.0792684696117422e-8,-0.03627588271541318,-0.07035707007533513,TRUE,5e-5,-0.01809955332532604,0.008110821415588488,-0.03399676329987948,-0.0022023433507726044,4.979112281911058e-8,-9.011970825923501e-10,3.295126889502733e-9,1.4839953385219298,-0.03627588271541318,1.069720156336674,-0.02444474168735882,-0.023611704650962417,NA,NA,NA,NA,NA,NA,NA,NA,NA,NA,NA,NA,NA,NA,NA,NA,NA,NA,NA,NA,NA,NA,NA,NA,NA,NA,NA,NA,NA,NA,NA,NA,NA,NA,NA,NA,NA,NA,NA,to_ad,MR-APSS,CAUSE,UKB,NA,NA,TRUE
ffm_ukb__ad_bellenguez__slopehunter,ffm_ukb,ad_bellenguez,slopehunter,CAUSE,FALSE,TRUE,SD(outcome) per SD(exposure),-0.010790276624624416,NA,-0.02159548782549476,9.066631669566752e-4,NA,3872,NA,NA,NA,NA,NA,NA,NA,NA,NA,NA,NA,NA,NA,NA,NA,NA,NA,NA,NA,NA,NA,NA,NA,NA,NA,NA,NA,NA,NA,NA,NA,NA,NA,NA,NA,NA,NA,NA,NA,NA,NA,NA,NA,NA,NA,NA,0.9660700832429819,FALSE,-0.05623394229944279,-4.482854315136504e-4,0.030878659314271743,-1.151967967417543,1.5252823768054558,0.2250498009072527,-0.010826093621128985,-0.021314938056194145,8.827860262893602e-4,9.13497117369975e-4,-0.23761697898561776,0.1974228596346282,0.030450862066064545,7.7140315795264e-4,0.24045699094669082,1.0442844168028614e-5,-0.0071114491758860685,0.006359703562120591,-0.010727405100197051,-0.01968505422595993,-0.0016060734191764212,-8.22849326968392e-4,-0.9342527322363505,1.0659800155608796,0.06836893985687634,0.0015827044514000028,0.3067946449784687,-1.151967967417543,1.5252823768054558,,NA,NA,NA,NA,NA,NA,NA,to_ad,MR-APSS,CAUSE,UKB,NA,NA,TRUE
ffm_ukb__ad_bellenguez__slopehunter,ffm_ukb,ad_bellenguez,slopehunter,IVW-FE,FALSE,FALSE,per unit of GWAS beta,-0.18573549147431673,0.03289353593129556,-0.25020682189965604,-0.12126416104897743,1.63685216383167e-8,500,NA,NA,NA,NA,NA,NA,NA,NA,NA,NA,500,749.76530077198845,499,2.2697873885212957e-12,0.3344583971994842,749.5872562071332,1.8990691010318482e-12,0.9346858205664882,0.09377461663583149,454850,85.34129421969207,94.0304786778455,0.09377461663583149,0.0016033285616654247,TRUE,0,NA,NA,NA,NA,NA,NA,NA,NA,NA,NA,NA,NA,NA,NA,NA,NA,NA,NA,NA,NA,NA,NA,NA,NA,NA,NA,NA,NA,NA,NA,NA,NA,NA,NA,NA,NA,NA,NA,NA,NA,NA,NA,NA,NA,NA,NA,NA,NA,NA,NA,NA,NA,NA,NA,NA,NA,NA,NA,NA,to_ad,MR-APSS,CAUSE,UKB,NA,NA,FALSE
ffm_ukb__ad_bellenguez__slopehunter,ffm_ukb,ad_bellenguez,slopehunter,IVW-MRE,FALSE,FALSE,per unit of GWAS beta,-0.18573549147431673,0.040320225921756006,-0.2647631342809585,-0.10670784866767495,4.094849613920829e-6,500,1.2257796184020018,NA,NA,NA,NA,NA,NA,NA,NA,NA,500,749.76530077198845,499,2.2697873885212957e-12,0.3344583971994842,749.5872562071332,1.8990691010318482e-12,0.9346858205664882,0.09377461663583149,454850,85.34129421969207,94.0304786778455,0.09377461663583149,0.0016033285616654247,TRUE,0,NA,NA,NA,NA,NA,NA,NA,NA,NA,NA,NA,NA,NA,NA,NA,NA,NA,NA,NA,NA,NA,NA,NA,NA,NA,NA,NA,NA,NA,NA,NA,NA,NA,NA,NA,NA,NA,NA,NA,NA,NA,NA,NA,NA,NA,NA,NA,NA,NA,NA,NA,NA,NA,NA,NA,NA,NA,NA,NA,to_ad,MR-APSS,CAUSE,UKB,NA,NA,FALSE
ffm_ukb__ad_bellenguez__slopehunter,ffm_ukb,ad_bellenguez,slopehunter,MR-APSS (p<5e-8),FALSE,FALSE,SD(outcome) per SD(exposure),-0.02429334271924323,0.007674939967761472,-0.03933622505605572,-0.009250460382430745,0.0015493,793,NA,NA,NA,NA,NA,NA,NA,NA,NA,NA,NA,NA,NA,NA,NA,NA,NA,NA,NA,NA,NA,NA,NA,NA,NA,NA,NA,466.572982454804,0.588348773451191,9.28243289798377e-9,-0.03627588271541318,-0.07035707007533513,TRUE,5e-8,-0.01809955332532604,0.008110821415588488,-0.03399676329987948,-0.0022023433507726044,4.979112281911058e-8,-9.011970825923501e-10,3.295126889502733e-9,1.4839953385219298,-0.03627588271541318,1.069720156336674,-0.02444474168735882,-0.023611704650962417,NA,NA,NA,NA,NA,NA,NA,NA,NA,NA,NA,NA,NA,NA,NA,NA,NA,NA,NA,NA,NA,NA,NA,NA,NA,NA,NA,NA,NA,NA,NA,NA,NA,NA,NA,NA,NA,NA,NA,to_ad,MR-APSS,CAUSE,UKB,NA,NA,TRUE
ffm_ukb__ad_bellenguez__slopehunter,ffm_ukb,ad_bellenguez,slopehunter,MR-Egger,FALSE,FALSE,per unit of GWAS beta,-0.21548936283438133,0.09546149309462655,-0.4025938892998494,-0.028384836368913285,0.024419020405218064,500,NA,4.4315459130042563e-4,0.0012885085916955496,0.7310453620660418,NA,NA,NA,NA,NA,NA,500,749.76530077198845,499,2.2697873885212957e-12,0.3344583971994842,749.5872562071332,1.8990691010318482e-12,0.9346858205664882,0.09377461663583149,454850,85.34129421969207,94.0304786778455,0.09377461663583149,0.0016033285616654247,TRUE,0,NA,NA,NA,NA,NA,NA,NA,NA,NA,NA,NA,NA,NA,NA,NA,NA,NA,NA,NA,NA,NA,NA,NA,NA,NA,NA,NA,NA,NA,NA,NA,NA,NA,NA,NA,NA,NA,NA,NA,NA,NA,NA,NA,NA,NA,NA,NA,NA,NA,NA,NA,NA,NA,NA,NA,NA,NA,NA,NA,to_ad,MR-APSS,CAUSE,UKB,NA,NA,FALSE
ffm_ukb__ad_bellenguez__slopehunter,ffm_ukb,ad_bellenguez,slopehunter,MR-PRESSO,FALSE,FALSE,per unit of GWAS beta,-0.176194331931802,0.0377431993944194,-0.25017100274486403,-0.10221766111873999,3.92311961848094e-6,493,NA,NA,NA,NA,0.001,7,Outlier-corrected,0.782,NA,NA,500,749.76530077198845,499,2.2697873885212957e-12,0.3344583971994842,749.5872562071332,1.8990691010318482e-12,0.9346858205664882,0.09377461663583149,454850,85.34129421969207,94.0304786778455,0.09377461663583149,0.0016033285616654247,TRUE,0,NA,NA,NA,NA,NA,NA,NA,NA,NA,NA,NA,NA,NA,NA,NA,NA,NA,NA,NA,NA,NA,NA,NA,NA,NA,NA,NA,NA,NA,NA,NA,NA,NA,NA,NA,NA,NA,NA,NA,NA,NA,NA,NA,NA,NA,NA,NA,NA,NA,NA,NA,NA,NA,NA,NA,NA,NA,NA,NA,to_ad,MR-APSS,CAUSE,UKB,NA,NA,FALSE
ffm_ukb__ad_bellenguez__slopehunter,ffm_ukb,ad_bellenguez,slopehunter,MR-RAPS,FALSE,FALSE,per unit of GWAS beta,-0.17415999411286762,0.04011319340431249,-0.2527818531853201,-0.09553813504041514,1.4137579542903332e-5,500,NA,NA,NA,NA,NA,NA,NA,NA,NA,NA,500,749.76530077198845,499,2.2697873885212957e-12,0.3344583971994842,749.5872562071332,1.8990691010318482e-12,0.9346858205664882,0.09377461663583149,454850,85.34129421969207,94.0304786778455,0.09377461663583149,0.0016033285616654247,TRUE,0,NA,NA,NA,NA,NA,NA,NA,NA,NA,NA,NA,NA,NA,NA,NA,NA,NA,NA,NA,NA,NA,NA,NA,NA,NA,NA,NA,NA,NA,NA,NA,NA,NA,NA,NA,NA,NA,NA,NA,NA,NA,NA,NA,NA,NA,NA,NA,NA,NA,NA,NA,NA,NA,NA,NA,NA,NA,NA,NA,to_ad,MR-APSS,CAUSE,UKB,TRUE,,FALSE
ffm_ukb__ad_bellenguez__slopehunter,ffm_ukb,ad_bellenguez,slopehunter,MRBEE,FALSE,FALSE,per unit of GWAS beta,-0.1693297041281137,0.041433842835424346,-0.2505400360855454,-0.088119372170682,4.3746047647880065e-5,500,NA,NA,NA,NA,NA,NA,NA,NA,1,-0.014017745081718304,500,749.76530077198845,499,2.2697873885212957e-12,0.3344583971994842,749.5872562071332,1.8990691010318482e-12,0.9346858205664882,0.09377461663583149,454850,85.34129421969207,94.0304786778455,0.09377461663583149,0.0016033285616654247,TRUE,0,NA,NA,NA,NA,NA,NA,NA,NA,NA,NA,NA,NA,NA,NA,NA,NA,NA,NA,NA,NA,NA,NA,NA,NA,NA,NA,NA,NA,NA,NA,NA,NA,NA,NA,NA,NA,NA,NA,NA,NA,NA,NA,NA,NA,NA,NA,NA,NA,NA,NA,NA,NA,NA,NA,NA,NA,NA,NA,NA,to_ad,MR-APSS,CAUSE,UKB,TRUE,,TRUE
ffm_ukb__ad_bellenguez__slopehunter,ffm_ukb,ad_bellenguez,slopehunter,Weighted median,FALSE,FALSE,per unit of GWAS beta,-0.19246491304954869,0.05683351226901205,-0.3038585970968123,-0.08107122900228507,7.07983402163523e-4,500,NA,NA,NA,NA,NA,NA,NA,NA,NA,NA,500,749.76530077198845,499,2.2697873885212957e-12,0.3344583971994842,749.5872562071332,1.8990691010318482e-12,0.9346858205664882,0.09377461663583149,454850,85.34129421969207,94.0304786778455,0.09377461663583149,0.0016033285616654247,TRUE,0,NA,NA,NA,NA,NA,NA,NA,NA,NA,NA,NA,NA,NA,NA,NA,NA,NA,NA,NA,NA,NA,NA,NA,NA,NA,NA,NA,NA,NA,NA,NA,NA,NA,NA,NA,NA,NA,NA,NA,NA,NA,NA,NA,NA,NA,NA,NA,NA,NA,NA,NA,NA,NA,NA,NA,NA,NA,NA,NA,to_ad,MR-APSS,CAUSE,UKB,NA,NA,FALSE
ffm_ukb__ad_bellenguez__slopehunter,ffm_ukb,ad_bellenguez,slopehunter,Weighted mode,FALSE,FALSE,per unit of GWAS beta,-0.1995137508422465,1.0190864985337553,-2.196923287968407,1.797895786283914,0.8448643688423152,500,NA,NA,NA,NA,NA,NA,NA,NA,NA,NA,500,749.76530077198845,499,2.2697873885212957e-12,0.3344583971994842,749.5872562071332,1.8990691010318482e-12,0.9346858205664882,0.09377461663583149,454850,85.34129421969207,94.0304786778455,0.09377461663583149,0.0016033285616654247,TRUE,0,NA,NA,NA,NA,NA,NA,NA,NA,NA,NA,NA,NA,NA,NA,NA,NA,NA,NA,NA,NA,NA,NA,NA,NA,NA,NA,NA,NA,NA,NA,NA,NA,NA,NA,NA,NA,NA,NA,NA,NA,NA,NA,NA,NA,NA,NA,NA,NA,NA,NA,NA,NA,NA,NA,NA,NA,NA,NA,NA,to_ad,MR-APSS,CAUSE,UKB,NA,NA,FALSE
ffm_ukb__ad_kunkle__raw,ffm_ukb,ad_kunkle,raw,MR-APSS,TRUE,FALSE,SD(outcome) per SD(exposure),-0.047035711899633306,0.016641992077714784,-0.07965401637195428,-0.014417407427312331,0.0047085,1843,NA,NA,NA,NA,NA,NA,NA,NA,NA,NA,NA,NA,NA,NA,NA,NA,NA,NA,NA,NA,NA,NA,NA,NA,NA,NA,NA,873.6671013744616,0.47403861342112635,3.586960813216765e-8,-0.006348229015494242,-0.08375430134310816,FALSE,5e-5,-0.03919755209079398,0.017061550911132015,-0.07263819187661273,-0.0057569123049752285,5.012366419185511e-8,-1.9647249381417056e-9,1.0978587388741443e-8,1.4853520533244429,-0.006348229015494242,1.0293046664482954,-0.004273888470605971,-0.011400358777843154,NA,NA,NA,NA,NA,NA,NA,NA,NA,NA,NA,NA,NA,NA,NA,NA,NA,NA,NA,NA,NA,NA,NA,NA,NA,NA,NA,NA,NA,NA,NA,NA,NA,NA,NA,NA,NA,NA,NA,to_ad,MR-APSS,CAUSE,none,NA,NA,TRUE
ffm_ukb__ad_kunkle__raw,ffm_ukb,ad_kunkle,raw,CAUSE,FALSE,TRUE,SD(outcome) per SD(exposure),-0.020745556197182106,NA,-0.048366521820477834,0.00649863530094323,NA,4074,NA,NA,NA,NA,NA,NA,NA,NA,NA,NA,NA,NA,NA,NA,NA,NA,NA,NA,NA,NA,NA,NA,NA,NA,NA,NA,NA,NA,NA,NA,NA,NA,NA,NA,NA,NA,NA,NA,NA,NA,NA,NA,NA,NA,NA,NA,0.9271770153911384,FALSE,-0.02319908976714581,0.021122175508418068,0.03948647670885119,-0.45101427389010285,1.2532059442742252,0.35946529850987574,-0.02085507659115196,-0.04803026399887227,0.00636967969764864,0.01918930121474633,-0.2899338490657352,0.425470891452953,0.03978133880662367,0.0011820406486530081,0.251432997573012,3.594461847864156e-4,-0.018642488321891415,0.02138059963366615,-0.02016174906117704,-0.04208879013967329,0.0014909287184571407,NA,NA,NA,0.04598413468714842,7.931111121495851e-4,0.25565512818768404,-0.45101427389010285,1.2532059442742252,gamma + q*eta interval spans 0: fraction not reported,NA,NA,NA,NA,NA,NA,NA,to_ad,MR-APSS,CAUSE,none,NA,NA,TRUE
ffm_ukb__ad_kunkle__raw,ffm_ukb,ad_kunkle,raw,IVW-FE,FALSE,FALSE,per unit of GWAS beta,-0.23561226450536082,0.05812093698041299,-0.34952930098697027,-0.12169522802375136,5.0386332903430464e-5,487,NA,NA,NA,NA,NA,NA,NA,NA,NA,NA,487,608.7672902113477,486,1.2184158328771759e-4,0.20166538541965057,608.7622674544682,1.0798277124322438e-4,0.9352777714375312,0.09071790442977129,454850,84.76325752486538,93.0823654548235,0.09071790442977129,0.009779709813180394,TRUE,8,NA,NA,NA,NA,NA,NA,NA,NA,NA,NA,NA,NA,NA,NA,NA,NA,NA,NA,NA,NA,NA,NA,NA,NA,NA,NA,NA,NA,NA,NA,NA,NA,NA,NA,NA,NA,NA,NA,NA,NA,NA,NA,NA,NA,NA,NA,NA,NA,NA,NA,NA,NA,NA,NA,NA,NA,NA,NA,NA,to_ad,MR-APSS,CAUSE,none,NA,NA,FALSE
ffm_ukb__ad_kunkle__raw,ffm_ukb,ad_kunkle,raw,IVW-MRE,FALSE,FALSE,per unit of GWAS beta,-0.23561226450536082,0.06504892548341859,-0.36310815845286126,-0.10811637055786039,2.922462696078103e-4,487,1.1191995322673542,NA,NA,NA,NA,NA,NA,NA,NA,NA,487,608.7672902113477,486,1.2184158328771759e-4,0.20166538541965057,608.7622674544682,1.0798277124322438e-4,0.9352777714375312,0.09071790442977129,454850,84.76325752486538,93.0823654548235,0.09071790442977129,0.009779709813180394,TRUE,8,NA,NA,NA,NA,NA,NA,NA,NA,NA,NA,NA,NA,NA,NA,NA,NA,NA,NA,NA,NA,NA,NA,NA,NA,NA,NA,NA,NA,NA,NA,NA,NA,NA,NA,NA,NA,NA,NA,NA,NA,NA,NA,NA,NA,NA,NA,NA,NA,NA,NA,NA,NA,NA,NA,NA,NA,NA,NA,NA,to_ad,MR-APSS,CAUSE,none,NA,NA,FALSE
ffm_ukb__ad_kunkle__raw,ffm_ukb,ad_kunkle,raw,MR-APSS (p<5e-8),FALSE,FALSE,SD(outcome) per SD(exposure),-0.050523342898797244,0.01856827478741859,-0.08691716148213768,-0.014129524315456804,0.0065095,833,NA,NA,NA,NA,NA,NA,NA,NA,NA,NA,NA,NA,NA,NA,NA,NA,NA,NA,NA,NA,NA,NA,NA,NA,NA,NA,NA,495.71601779999867,0.5950905097848247,4.1765375908397276e-8,-0.006348229015494242,-0.08375430134310816,FALSE,5e-8,-0.03919755209079398,0.017061550911132015,-0.07263819187661273,-0.0057569123049752285,5.012366419185511e-8,-1.9647249381417056e-9,1.0978587388741443e-8,1.4853520533244429,-0.006348229015494242,1.0293046664482954,-0.004273888470605971,-0.011400358777843154,NA,NA,NA,NA,NA,NA,NA,NA,NA,NA,NA,NA,NA,NA,NA,NA,NA,NA,NA,NA,NA,NA,NA,NA,NA,NA,NA,NA,NA,NA,NA,NA,NA,NA,NA,NA,NA,NA,NA,to_ad,MR-APSS,CAUSE,none,NA,NA,TRUE
ffm_ukb__ad_kunkle__raw,ffm_ukb,ad_kunkle,raw,MR-Egger,FALSE,FALSE,per unit of GWAS beta,-0.22671779685371718,0.15495134491990992,-0.5304224328967406,0.07698683918930627,0.14407278307749308,487,NA,-1.3044954672124378e-4,0.002062170118238916,0.9495868171742472,NA,NA,NA,NA,NA,NA,487,608.7672902113477,486,1.2184158328771759e-4,0.20166538541965057,608.7622674544682,1.0798277124322438e-4,0.9352777714375312,0.09071790442977129,454850,84.76325752486538,93.0823654548235,0.09071790442977129,0.009779709813180394,TRUE,8,NA,NA,NA,NA,NA,NA,NA,NA,NA,NA,NA,NA,NA,NA,NA,NA,NA,NA,NA,NA,NA,NA,NA,NA,NA,NA,NA,NA,NA,NA,NA,NA,NA,NA,NA,NA,NA,NA,NA,NA,NA,NA,NA,NA,NA,NA,NA,NA,NA,NA,NA,NA,NA,NA,NA,NA,NA,NA,NA,to_ad,MR-APSS,CAUSE,none,NA,NA,FALSE
ffm_ukb__ad_kunkle__raw,ffm_ukb,ad_kunkle,raw,MR-PRESSO,FALSE,FALSE,per unit of GWAS beta,-0.242993811563564,0.0633780876241848,-0.36721486330696623,-0.11877275982016179,1.42704683020884e-4,485,NA,NA,NA,NA,0.001,2,Outlier-corrected,0.92,NA,NA,487,608.7672902113477,486,1.2184158328771759e-4,0.20166538541965057,608.7622674544682,1.0798277124322438e-4,0.9352777714375312,0.09071790442977129,454850,84.76325752486538,93.0823654548235,0.09071790442977129,0.009779709813180394,TRUE,8,NA,NA,NA,NA,NA,NA,NA,NA,NA,NA,NA,NA,NA,NA,NA,NA,NA,NA,NA,NA,NA,NA,NA,NA,NA,NA,NA,NA,NA,NA,NA,NA,NA,NA,NA,NA,NA,NA,NA,NA,NA,NA,NA,NA,NA,NA,NA,NA,NA,NA,NA,NA,NA,NA,NA,NA,NA,NA,NA,to_ad,MR-APSS,CAUSE,none,NA,NA,FALSE
ffm_ukb__ad_kunkle__raw,ffm_ukb,ad_kunkle,raw,MR-RAPS,FALSE,FALSE,per unit of GWAS beta,-0.26629103811586674,0.06569312566916617,-0.39504956442743244,-0.13753251180430104,5.044401614069793e-5,487,NA,NA,NA,NA,NA,NA,NA,NA,NA,NA,487,608.7672902113477,486,1.2184158328771759e-4,0.20166538541965057,608.7622674544682,1.0798277124322438e-4,0.9352777714375312,0.09071790442977129,454850,84.76325752486538,93.0823654548235,0.09071790442977129,0.009779709813180394,TRUE,8,NA,NA,NA,NA,NA,NA,NA,NA,NA,NA,NA,NA,NA,NA,NA,NA,NA,NA,NA,NA,NA,NA,NA,NA,NA,NA,NA,NA,NA,NA,NA,NA,NA,NA,NA,NA,NA,NA,NA,NA,NA,NA,NA,NA,NA,NA,NA,NA,NA,NA,NA,NA,NA,NA,NA,NA,NA,NA,NA,to_ad,MR-APSS,CAUSE,none,TRUE,,FALSE
ffm_ukb__ad_kunkle__raw,ffm_ukb,ad_kunkle,raw,MRAID,FALSE,FALSE,SD(outcome) per SD(exposure),NA,NA,NA,NA,NA,3569,NA,NA,NA,NA,NA,NA,NA,NA,NA,NA,NA,NA,NA,NA,NA,NA,NA,NA,NA,NA,NA,NA,NA,NA,NA,NA,not run: 3569 candidates > 1000 (pre-specified cap),NA,NA,NA,NA,NA,NA,NA,NA,NA,NA,NA,NA,NA,NA,NA,NA,NA,NA,NA,NA,NA,NA,NA,NA,NA,NA,NA,NA,NA,NA,NA,NA,NA,NA,NA,NA,NA,NA,NA,NA,NA,NA,NA,NA,NA,NA,NA,NA,NA,NA,NA,NA,NA,NA,NA,NA,NA,NA,to_ad,MR-APSS,CAUSE,none,NA,NA,FALSE
ffm_ukb__ad_kunkle__raw,ffm_ukb,ad_kunkle,raw,MRBEE,FALSE,FALSE,per unit of GWAS beta,-0.25214458598969747,0.06938120388947223,-0.3881317456130631,-0.11615742636633189,2.7885362254557745e-4,487,NA,NA,NA,NA,NA,NA,NA,NA,1,-0.0033492820112296607,487,608.7672902113477,486,1.2184158328771759e-4,0.20166538541965057,608.7622674544682,1.0798277124322438e-4,0.9352777714375312,0.09071790442977129,454850,84.76325752486538,93.0823654548235,0.09071790442977129,0.009779709813180394,TRUE,8,NA,NA,NA,NA,NA,NA,NA,NA,NA,NA,NA,NA,NA,NA,NA,NA,NA,NA,NA,NA,NA,NA,NA,NA,NA,NA,NA,NA,NA,NA,NA,NA,NA,NA,NA,NA,NA,NA,NA,NA,NA,NA,NA,NA,NA,NA,NA,NA,NA,NA,NA,NA,NA,NA,NA,NA,NA,NA,NA,to_ad,MR-APSS,CAUSE,none,TRUE,,TRUE
ffm_ukb__ad_kunkle__raw,ffm_ukb,ad_kunkle,raw,Weighted median,FALSE,FALSE,per unit of GWAS beta,-0.28192256463869464,0.09639952761920655,-0.47086563877233945,-0.0929794905050498,0.003449854017833646,487,NA,NA,NA,NA,NA,NA,NA,NA,NA,NA,487,608.7672902113477,486,1.2184158328771759e-4,0.20166538541965057,608.7622674544682,1.0798277124322438e-4,0.9352777714375312,0.09071790442977129,454850,84.76325752486538,93.0823654548235,0.09071790442977129,0.009779709813180394,TRUE,8,NA,NA,NA,NA,NA,NA,NA,NA,NA,NA,NA,NA,NA,NA,NA,NA,NA,NA,NA,NA,NA,NA,NA,NA,NA,NA,NA,NA,NA,NA,NA,NA,NA,NA,NA,NA,NA,NA,NA,NA,NA,NA,NA,NA,NA,NA,NA,NA,NA,NA,NA,NA,NA,NA,NA,NA,NA,NA,NA,to_ad,MR-APSS,CAUSE,none,NA,NA,FALSE
ffm_ukb__ad_kunkle__raw,ffm_ukb,ad_kunkle,raw,Weighted mode,FALSE,FALSE,per unit of GWAS beta,-0.26221760819716977,0.4664319332957005,-1.1764241974567429,0.6519889810624032,0.5742541741053554,487,NA,NA,NA,NA,NA,NA,NA,NA,NA,NA,487,608.7672902113477,486,1.2184158328771759e-4,0.20166538541965057,608.7622674544682,1.0798277124322438e-4,0.9352777714375312,0.09071790442977129,454850,84.76325752486538,93.0823654548235,0.09071790442977129,0.009779709813180394,TRUE,8,NA,NA,NA,NA,NA,NA,NA,NA,NA,NA,NA,NA,NA,NA,NA,NA,NA,NA,NA,NA,NA,NA,NA,NA,NA,NA,NA,NA,NA,NA,NA,NA,NA,NA,NA,NA,NA,NA,NA,NA,NA,NA,NA,NA,NA,NA,NA,NA,NA,NA,NA,NA,NA,NA,NA,NA,NA,NA,NA,to_ad,MR-APSS,CAUSE,none,NA,NA,FALSE
fg_dupuis__ad_bellenguez__raw,fg_dupuis,ad_bellenguez,raw,MR-APSS,TRUE,FALSE,SD(outcome) per SD(exposure),-0.013439771545208165,0.01507020814670093,-0.04297737951274199,0.016097836422325658,0.37249,65,NA,NA,NA,NA,NA,NA,NA,NA,NA,NA,NA,NA,NA,NA,NA,NA,NA,NA,NA,NA,NA,NA,NA,NA,NA,NA,NA,21.34750504698974,0.32842318038363205,6.251661980934957e-11,0.007296515762281986,-0.17117845671350376,FALSE,5e-5,-0.10006270025497331,0.052515325391247085,-0.2029927380218176,0.0028673375118709737,9.717458471864445e-9,-9.72355134310323e-10,3.3204650772623455e-9,1.0043604894287048,0.007296515762281986,1.0863987967545903,0.007264837515096151,0.0022360878985066743,NA,NA,NA,NA,NA,NA,NA,NA,NA,NA,NA,NA,NA,NA,NA,NA,NA,NA,NA,NA,NA,NA,NA,NA,NA,NA,NA,NA,NA,NA,NA,NA,NA,NA,NA,NA,NA,NA,NA,to_ad,MR-APSS,CAUSE,none,NA,NA,TRUE
fg_dupuis__ad_bellenguez__raw,fg_dupuis,ad_bellenguez,raw,CAUSE,FALSE,TRUE,SD(outcome) per SD(exposure),-0.00313126025472472,NA,-0.02512762094462568,0.018566543565671674,NA,540,NA,NA,NA,NA,NA,NA,NA,NA,NA,NA,NA,NA,NA,NA,NA,NA,NA,NA,NA,NA,NA,NA,NA,NA,NA,NA,NA,NA,NA,NA,NA,NA,NA,NA,NA,NA,NA,NA,NA,NA,NA,NA,NA,NA,NA,NA,0.6079926594236797,FALSE,-0.008032498278688079,-0.02776989345073563,0.04772858401350083,0.8707924243936032,0.43344633954684014,0.9777312775514264,-0.0030447632503021816,-0.025324287026803675,0.018947076607776933,-0.028040592069329618,-0.24296753588146802,0.20230818714654775,0.047641260846931904,0.001686632335762202,0.2704258827489061,-7.542858036906393e-4,-0.019172197281603028,0.009940357666020987,-0.005165052728162366,-0.02533120546990378,0.014655896799726108,NA,NA,NA,0.04422965084762322,0.0014533057768307063,0.24820813606193312,0.8707924243936032,0.43344633954684014,gamma + q*eta interval spans 0: fraction not reported,NA,NA,NA,NA,NA,NA,NA,to_ad,MR-APSS,CAUSE,none,NA,NA,TRUE
fg_dupuis__ad_bellenguez__raw,fg_dupuis,ad_bellenguez,raw,IVW-FE,FALSE,FALSE,per unit of GWAS beta,0.0624651501219602,0.07998378200378464,-0.09430306260545769,0.2192333628493781,0.4348185518804503,11,NA,NA,NA,NA,NA,NA,NA,NA,NA,NA,11,6.670197421691984,10,0.7561701697609726,0,4.358672564056766,0.8862611373625161,0.9281825093002221,0.018365084978997047,46368,77.61328807558341,78.84174250892193,0.018365084978997047,1.4933243385489535e-5,TRUE,0,NA,NA,NA,NA,NA,NA,NA,NA,NA,NA,NA,NA,NA,NA,NA,NA,NA,NA,NA,NA,NA,NA,NA,NA,NA,NA,NA,NA,NA,NA,NA,NA,NA,NA,NA,NA,NA,NA,NA,NA,NA,NA,NA,NA,NA,NA,NA,NA,NA,NA,NA,NA,NA,NA,NA,NA,NA,NA,NA,to_ad,MR-APSS,CAUSE,none,NA,NA,FALSE
fg_dupuis__ad_bellenguez__raw,fg_dupuis,ad_bellenguez,raw,IVW-MRE,FALSE,FALSE,per unit of GWAS beta,0.0624651501219602,0.07998378200378464,-0.09430306260545769,0.2192333628493781,0.4348185518804503,11,0.8167127660133632,NA,NA,NA,NA,NA,NA,NA,NA,NA,11,6.670197421691984,10,0.7561701697609726,0,4.358672564056766,0.8862611373625161,0.9281825093002221,0.018365084978997047,46368,77.61328807558341,78.84174250892193,0.018365084978997047,1.4933243385489535e-5,TRUE,0,NA,NA,NA,NA,NA,NA,NA,NA,NA,NA,NA,NA,NA,NA,NA,NA,NA,NA,NA,NA,NA,NA,NA,NA,NA,NA,NA,NA,NA,NA,NA,NA,NA,NA,NA,NA,NA,NA,NA,NA,NA,NA,NA,NA,NA,NA,NA,NA,NA,NA,NA,NA,NA,NA,NA,NA,NA,NA,NA,to_ad,MR-APSS,CAUSE,none,NA,NA,FALSE
fg_dupuis__ad_bellenguez__raw,fg_dupuis,ad_bellenguez,raw,MR-APSS (p<5e-8),FALSE,FALSE,SD(outcome) per SD(exposure),-0.01026715544790964,0.015835727071646977,-0.041305180508337716,0.020770869612518436,0.51676,10,NA,NA,NA,NA,NA,NA,NA,NA,NA,NA,NA,NA,NA,NA,NA,NA,NA,NA,NA,NA,NA,NA,NA,NA,NA,NA,NA,9.997207324067217,0.9997207392640133,1.2912096128691269e-11,0.007296515762281986,-0.17117845671350376,FALSE,5e-8,-0.10006270025497331,0.052515325391247085,-0.2029927380218176,0.0028673375118709737,9.717458471864445e-9,-9.72355134310323e-10,3.3204650772623455e-9,1.0043604894287048,0.007296515762281986,1.0863987967545903,0.007264837515096151,0.0022360878985066743,NA,NA,NA,NA,NA,NA,NA,NA,NA,NA,NA,NA,NA,NA,NA,NA,NA,NA,NA,NA,NA,NA,NA,NA,NA,NA,NA,NA,NA,NA,NA,NA,NA,NA,NA,NA,NA,NA,NA,to_ad,MR-APSS,CAUSE,none,NA,NA,TRUE
fg_dupuis__ad_bellenguez__raw,fg_dupuis,ad_bellenguez,raw,MR-Egger,FALSE,FALSE,per unit of GWAS beta,0.31824173049107357,0.18627878887705995,-0.04686469570796392,0.6833481566901111,0.12173435980174908,11,NA,-0.010854005045675689,0.007139055119328644,0.16274041945388923,NA,NA,NA,NA,NA,NA,11,6.670197421691984,10,0.7561701697609726,0,4.358672564056766,0.8862611373625161,0.9281825093002221,0.018365084978997047,46368,77.61328807558341,78.84174250892193,0.018365084978997047,1.4933243385489535e-5,TRUE,0,NA,NA,NA,NA,NA,NA,NA,NA,NA,NA,NA,NA,NA,NA,NA,NA,NA,NA,NA,NA,NA,NA,NA,NA,NA,NA,NA,NA,NA,NA,NA,NA,NA,NA,NA,NA,NA,NA,NA,NA,NA,NA,NA,NA,NA,NA,NA,NA,NA,NA,NA,NA,NA,NA,NA,NA,NA,NA,NA,to_ad,MR-APSS,CAUSE,none,NA,NA,FALSE
fg_dupuis__ad_bellenguez__raw,fg_dupuis,ad_bellenguez,raw,MR-PRESSO,FALSE,FALSE,per unit of GWAS beta,0.0624651501219602,0.0653237758365208,-0.065569450517620545,0.19049975076154096,0.361496995763881,11,NA,NA,NA,NA,0.76,0,Raw,NA,NA,NA,11,6.670197421691984,10,0.7561701697609726,0,4.358672564056766,0.8862611373625161,0.9281825093002221,0.018365084978997047,46368,77.61328807558341,78.84174250892193,0.018365084978997047,1.4933243385489535e-5,TRUE,0,NA,NA,NA,NA,NA,NA,NA,NA,NA,NA,NA,NA,NA,NA,NA,NA,NA,NA,NA,NA,NA,NA,NA,NA,NA,NA,NA,NA,NA,NA,NA,NA,NA,NA,NA,NA,NA,NA,NA,NA,NA,NA,NA,NA,NA,NA,NA,NA,NA,NA,NA,NA,NA,NA,NA,NA,NA,NA,NA,to_ad,MR-APSS,CAUSE,none,NA,NA,FALSE
fg_dupuis__ad_bellenguez__raw,fg_dupuis,ad_bellenguez,raw,MR-RAPS,FALSE,FALSE,per unit of GWAS beta,0.06897832587634153,0.08276045069496069,-0.0932321574857814,0.23118880923846447,0.4045798940825685,11,NA,NA,NA,NA,NA,NA,NA,NA,NA,NA,11,6.670197421691984,10,0.7561701697609726,0,4.358672564056766,0.8862611373625161,0.9281825093002221,0.018365084978997047,46368,77.61328807558341,78.84174250892193,0.018365084978997047,1.4933243385489535e-5,TRUE,0,NA,NA,NA,NA,NA,NA,NA,NA,NA,NA,NA,NA,NA,NA,NA,NA,NA,NA,NA,NA,NA,NA,NA,NA,NA,NA,NA,NA,NA,NA,NA,NA,NA,NA,NA,NA,NA,NA,NA,NA,NA,NA,NA,NA,NA,NA,NA,NA,NA,NA,NA,NA,NA,NA,NA,NA,NA,NA,NA,to_ad,MR-APSS,CAUSE,none,FALSE,over-dispersion optimiser failed (tau2 forced to 0),FALSE
fg_dupuis__ad_bellenguez__raw,fg_dupuis,ad_bellenguez,raw,MRAID,FALSE,FALSE,SD(outcome) per SD(exposure),-0.009594710185511206,0.012597400260982026,-0.034285614697035977,0.015096194326013564,0.44627365045398154,26,NA,NA,NA,NA,NA,NA,NA,NA,NA,NA,NA,NA,NA,NA,NA,NA,NA,NA,NA,NA,NA,NA,NA,NA,NA,NA,NA,NA,NA,NA,NA,NA,NA,NA,NA,NA,NA,NA,NA,NA,NA,NA,NA,NA,NA,NA,NA,NA,NA,NA,NA,NA,NA,NA,NA,NA,NA,NA,NA,NA,NA,NA,NA,NA,NA,NA,NA,NA,NA,NA,NA,NA,NA,NA,NA,NA,NA,NA,-0.007035722263794059,0.021370133023525095,0.04028740659046115,0.9721110282146918,0.9999602689158272,14,0.5,to_ad,MR-APSS,CAUSE,none,NA,NA,FALSE
fg_dupuis__ad_bellenguez__raw,fg_dupuis,ad_bellenguez,raw,MRBEE,FALSE,FALSE,per unit of GWAS beta,0.06350409005190298,0.0700953612198802,-0.07388281793906222,0.2008909980428682,0.36495327462982446,11,NA,NA,NA,NA,NA,NA,NA,NA,0,-0.00765021441832949,11,6.670197421691984,10,0.7561701697609726,0,4.358672564056766,0.8862611373625161,0.9281825093002221,0.018365084978997047,46368,77.61328807558341,78.84174250892193,0.018365084978997047,1.4933243385489535e-5,TRUE,0,NA,NA,NA,NA,NA,NA,NA,NA,NA,NA,NA,NA,NA,NA,NA,NA,NA,NA,NA,NA,NA,NA,NA,NA,NA,NA,NA,NA,NA,NA,NA,NA,NA,NA,NA,NA,NA,NA,NA,NA,NA,NA,NA,NA,NA,NA,NA,NA,NA,NA,NA,NA,NA,NA,NA,NA,NA,NA,NA,to_ad,MR-APSS,CAUSE,none,TRUE,,TRUE
fg_dupuis__ad_bellenguez__raw,fg_dupuis,ad_bellenguez,raw,Weighted median,FALSE,FALSE,per unit of GWAS beta,0.09704260857205146,0.10682150922567986,-0.11232754951028107,0.306412766654384,0.36363751068945954,11,NA,NA,NA,NA,NA,NA,NA,NA,NA,NA,11,6.670197421691984,10,0.7561701697609726,0,4.358672564056766,0.8862611373625161,0.9281825093002221,0.018365084978997047,46368,77.61328807558341,78.84174250892193,0.018365084978997047,1.4933243385489535e-5,TRUE,0,NA,NA,NA,NA,NA,NA,NA,NA,NA,NA,NA,NA,NA,NA,NA,NA,NA,NA,NA,NA,NA,NA,NA,NA,NA,NA,NA,NA,NA,NA,NA,NA,NA,NA,NA,NA,NA,NA,NA,NA,NA,NA,NA,NA,NA,NA,NA,NA,NA,NA,NA,NA,NA,NA,NA,NA,NA,NA,NA,to_ad,MR-APSS,CAUSE,none,NA,NA,FALSE
fg_dupuis__ad_bellenguez__raw,fg_dupuis,ad_bellenguez,raw,Weighted mode,FALSE,FALSE,per unit of GWAS beta,0.09627201569922852,0.28336777587142514,-0.45912882500876473,0.6516728564072217,0.7410783559105824,11,NA,NA,NA,NA,NA,NA,NA,NA,NA,NA,11,6.670197421691984,10,0.7561701697609726,0,4.358672564056766,0.8862611373625161,0.9281825093002221,0.018365084978997047,46368,77.61328807558341,78.84174250892193,0.018365084978997047,1.4933243385489535e-5,TRUE,0,NA,NA,NA,NA,NA,NA,NA,NA,NA,NA,NA,NA,NA,NA,NA,NA,NA,NA,NA,NA,NA,NA,NA,NA,NA,NA,NA,NA,NA,NA,NA,NA,NA,NA,NA,NA,NA,NA,NA,NA,NA,NA,NA,NA,NA,NA,NA,NA,NA,NA,NA,NA,NA,NA,NA,NA,NA,NA,NA,to_ad,MR-APSS,CAUSE,none,NA,NA,FALSE
fg_dupuis__ad_bellenguez__slopehunter,fg_dupuis,ad_bellenguez,slopehunter,MR-APSS,TRUE,FALSE,SD(outcome) per SD(exposure),-0.011658313832421366,0.014690030579945038,-0.04045077376911364,0.017134146104270907,0.42742,61,NA,NA,NA,NA,NA,NA,NA,NA,NA,NA,NA,NA,NA,NA,NA,NA,NA,NA,NA,NA,NA,NA,NA,NA,NA,NA,NA,20.888544379654714,0.3424351519518802,4.343147369392759e-11,0.009837861611599621,-0.10659829843082687,FALSE,5e-5,-0.06090547508939131,0.046542733682759595,-0.1521292331076001,0.03031828292881749,9.887152222459934e-9,-6.021817033900534e-10,3.227627048804061e-9,1.0036105503578632,0.009837861611599621,1.0637256918115796,0.009802469302551351,0.00301716080192719,NA,NA,NA,NA,NA,NA,NA,NA,NA,NA,NA,NA,NA,NA,NA,NA,NA,NA,NA,NA,NA,NA,NA,NA,NA,NA,NA,NA,NA,NA,NA,NA,NA,NA,NA,NA,NA,NA,NA,to_ad,MR-APSS,CAUSE,none,NA,NA,TRUE
fg_dupuis__ad_bellenguez__slopehunter,fg_dupuis,ad_bellenguez,slopehunter,CAUSE,FALSE,TRUE,SD(outcome) per SD(exposure),-0.0018647811951917356,NA,-0.0235340324670444,0.0201025868145451,NA,504,NA,NA,NA,NA,NA,NA,NA,NA,NA,NA,NA,NA,NA,NA,NA,NA,NA,NA,NA,NA,NA,NA,NA,NA,NA,NA,NA,NA,NA,NA,NA,NA,NA,NA,NA,NA,NA,NA,NA,NA,NA,NA,NA,NA,NA,NA,0.5649100674760105,FALSE,-5.9250619591721954e-5,-0.019764741003297826,0.047589343513615136,0.8770500942543014,0.2664457219441573,0.9995020193810767,-0.0018843304547466874,-0.023331701393198515,0.019604991631433172,-0.020084224740454633,-0.2234441133033032,0.2184200381046231,0.0478159131369356,0.0017934726959216707,0.2692487209195722,-4.948586654302894e-4,-0.018189370069602268,0.01104786089385994,-0.0033696764120827094,-0.023217849491004243,0.016404878616068375,NA,NA,NA,0.04261980189311535,0.0014320523707981626,0.2375566492499219,0.8770500942543014,0.2664457219441573,gamma + q*eta interval spans 0: fraction not reported,NA,NA,NA,NA,NA,NA,NA,to_ad,MR-APSS,CAUSE,none,NA,NA,TRUE
fg_dupuis__ad_bellenguez__slopehunter,fg_dupuis,ad_bellenguez,slopehunter,IVW-FE,FALSE,FALSE,per unit of GWAS beta,0.054178307435199774,0.08258551877660814,-0.10768930936695217,0.21604592423735172,0.5118069288474617,11,NA,NA,NA,NA,NA,NA,NA,NA,NA,NA,11,6.7748555834646975,10,0.7465152617909022,0,5.177294141300138,0.8185872364974134,0.9281825093002221,0.018365084978997047,46368,77.61328807558341,78.84174250892193,0.018365084978997047,1.4779634079187406e-5,TRUE,0,NA,NA,NA,NA,NA,NA,NA,NA,NA,NA,NA,NA,NA,NA,NA,NA,NA,NA,NA,NA,NA,NA,NA,NA,NA,NA,NA,NA,NA,NA,NA,NA,NA,NA,NA,NA,NA,NA,NA,NA,NA,NA,NA,NA,NA,NA,NA,NA,NA,NA,NA,NA,NA,NA,NA,NA,NA,NA,NA,to_ad,MR-APSS,CAUSE,none,NA,NA,FALSE
fg_dupuis__ad_bellenguez__slopehunter,fg_dupuis,ad_bellenguez,slopehunter,IVW-MRE,FALSE,FALSE,per unit of GWAS beta,0.054178307435199774,0.08258551877660814,-0.10768930936695217,0.21604592423735172,0.5118069288474617,11,0.8230951089312035,NA,NA,NA,NA,NA,NA,NA,NA,NA,11,6.7748555834646975,10,0.7465152617909022,0,5.177294141300138,0.8185872364974134,0.9281825093002221,0.018365084978997047,46368,77.61328807558341,78.84174250892193,0.018365084978997047,1.4779634079187406e-5,TRUE,0,NA,NA,NA,NA,NA,NA,NA,NA,NA,NA,NA,NA,NA,NA,NA,NA,NA,NA,NA,NA,NA,NA,NA,NA,NA,NA,NA,NA,NA,NA,NA,NA,NA,NA,NA,NA,NA,NA,NA,NA,NA,NA,NA,NA,NA,NA,NA,NA,NA,NA,NA,NA,NA,NA,NA,NA,NA,NA,NA,to_ad,MR-APSS,CAUSE,none,NA,NA,FALSE
fg_dupuis__ad_bellenguez__slopehunter,fg_dupuis,ad_bellenguez,slopehunter,MR-APSS (p<5e-8),FALSE,FALSE,SD(outcome) per SD(exposure),-0.010831784945456,0.015693304130097892,-0.04159066104044787,0.01992709114953587,0.49006,10,NA,NA,NA,NA,NA,NA,NA,NA,NA,NA,NA,NA,NA,NA,NA,NA,NA,NA,NA,NA,NA,NA,NA,NA,NA,NA,NA,9.99673718574164,0.9996741533462055,1.3913145126853586e-11,0.009837861611599621,-0.10659829843082687,FALSE,5e-8,-0.06090547508939131,0.046542733682759595,-0.1521292331076001,0.03031828292881749,9.887152222459934e-9,-6.021817033900534e-10,3.227627048804061e-9,1.0036105503578632,0.009837861611599621,1.0637256918115796,0.009802469302551351,0.00301716080192719,NA,NA,NA,NA,NA,NA,NA,NA,NA,NA,NA,NA,NA,NA,NA,NA,NA,NA,NA,NA,NA,NA,NA,NA,NA,NA,NA,NA,NA,NA,NA,NA,NA,NA,NA,NA,NA,NA,NA,to_ad,MR-APSS,CAUSE,none,NA,NA,TRUE
fg_dupuis__ad_bellenguez__slopehunter,fg_dupuis,ad_bellenguez,slopehunter,MR-Egger,FALSE,FALSE,per unit of GWAS beta,0.27365265323645604,0.19228088743264823,-0.10321788613153449,0.6505231926044466,0.18840701428867435,11,NA,-0.009320633342534612,0.007374229318705056,0.23800296505955398,NA,NA,NA,NA,NA,NA,11,6.7748555834646975,10,0.7465152617909022,0,5.177294141300138,0.8185872364974134,0.9281825093002221,0.018365084978997047,46368,77.61328807558341,78.84174250892193,0.018365084978997047,1.4779634079187406e-5,TRUE,0,NA,NA,NA,NA,NA,NA,NA,NA,NA,NA,NA,NA,NA,NA,NA,NA,NA,NA,NA,NA,NA,NA,NA,NA,NA,NA,NA,NA,NA,NA,NA,NA,NA,NA,NA,NA,NA,NA,NA,NA,NA,NA,NA,NA,NA,NA,NA,NA,NA,NA,NA,NA,NA,NA,NA,NA,NA,NA,NA,to_ad,MR-APSS,CAUSE,none,NA,NA,FALSE
fg_dupuis__ad_bellenguez__slopehunter,fg_dupuis,ad_bellenguez,slopehunter,MR-PRESSO,FALSE,FALSE,per unit of GWAS beta,0.0541783074351998,0.0679757365735722,-0.0790541362490017,0.1874107511194013,0.443948803685699,11,NA,NA,NA,NA,0.746,0,Raw,NA,NA,NA,11,6.7748555834646975,10,0.7465152617909022,0,5.177294141300138,0.8185872364974134,0.9281825093002221,0.018365084978997047,46368,77.61328807558341,78.84174250892193,0.018365084978997047,1.4779634079187406e-5,TRUE,0,NA,NA,NA,NA,NA,NA,NA,NA,NA,NA,NA,NA,NA,NA,NA,NA,NA,NA,NA,NA,NA,NA,NA,NA,NA,NA,NA,NA,NA,NA,NA,NA,NA,NA,NA,NA,NA,NA,NA,NA,NA,NA,NA,NA,NA,NA,NA,NA,NA,NA,NA,NA,NA,NA,NA,NA,NA,NA,NA,to_ad,MR-APSS,CAUSE,none,NA,NA,FALSE
fg_dupuis__ad_bellenguez__slopehunter,fg_dupuis,ad_bellenguez,slopehunter,MR-RAPS,FALSE,FALSE,per unit of GWAS beta,0.06322646679854242,0.08546627308055865,-0.10428742843935253,0.23074036203643739,0.45943188248110656,11,NA,NA,NA,NA,NA,NA,NA,NA,NA,NA,11,6.7748555834646975,10,0.7465152617909022,0,5.177294141300138,0.8185872364974134,0.9281825093002221,0.018365084978997047,46368,77.61328807558341,78.84174250892193,0.018365084978997047,1.4779634079187406e-5,TRUE,0,NA,NA,NA,NA,NA,NA,NA,NA,NA,NA,NA,NA,NA,NA,NA,NA,NA,NA,NA,NA,NA,NA,NA,NA,NA,NA,NA,NA,NA,NA,NA,NA,NA,NA,NA,NA,NA,NA,NA,NA,NA,NA,NA,NA,NA,NA,NA,NA,NA,NA,NA,NA,NA,NA,NA,NA,NA,NA,NA,to_ad,MR-APSS,CAUSE,none,TRUE,warnings: The estimated overdispersion parameter is very small. Consider using the simple model without overdispersion.; Estimated overdispersion is negative. Using tau2 = 0.,FALSE
fg_dupuis__ad_bellenguez__slopehunter,fg_dupuis,ad_bellenguez,slopehunter,MRAID,FALSE,FALSE,SD(outcome) per SD(exposure),-0.011078667893555163,0.009377889316665099,-0.02945933095421876,0.007301995167108432,0.237459547659161,26,NA,NA,NA,NA,NA,NA,NA,NA,NA,NA,NA,NA,NA,NA,NA,NA,NA,NA,NA,NA,NA,NA,NA,NA,NA,NA,NA,NA,NA,NA,NA,NA,NA,NA,NA,NA,NA,NA,NA,NA,NA,NA,NA,NA,NA,NA,NA,NA,NA,NA,NA,NA,NA,NA,NA,NA,NA,NA,NA,NA,NA,NA,NA,NA,NA,NA,NA,NA,NA,NA,NA,NA,NA,NA,NA,NA,NA,NA,-3.782607822948951e-4,0.02162912818722228,0.039418044004274413,0.9721154350826602,0.9999881365184679,14,0.5,to_ad,MR-APSS,CAUSE,none,NA,NA,FALSE
fg_dupuis__ad_bellenguez__slopehunter,fg_dupuis,ad_bellenguez,slopehunter,MRBEE,FALSE,FALSE,per unit of GWAS beta,0.05492505904082856,0.0786010432111649,-0.09913298565305464,0.20898310373471177,0.48468776339781333,11,NA,NA,NA,NA,NA,NA,NA,NA,0,-0.0014818142989369615,11,6.7748555834646975,10,0.7465152617909022,0,5.177294141300138,0.8185872364974134,0.9281825093002221,0.018365084978997047,46368,77.61328807558341,78.84174250892193,0.018365084978997047,1.4779634079187406e-5,TRUE,0,NA,NA,NA,NA,NA,NA,NA,NA,NA,NA,NA,NA,NA,NA,NA,NA,NA,NA,NA,NA,NA,NA,NA,NA,NA,NA,NA,NA,NA,NA,NA,NA,NA,NA,NA,NA,NA,NA,NA,NA,NA,NA,NA,NA,NA,NA,NA,NA,NA,NA,NA,NA,NA,NA,NA,NA,NA,NA,NA,to_ad,MR-APSS,CAUSE,none,TRUE,,TRUE
fg_dupuis__ad_bellenguez__slopehunter,fg_dupuis,ad_bellenguez,slopehunter,Weighted median,FALSE,FALSE,per unit of GWAS beta,0.14294549887899874,0.10906863418909235,-0.07082902413162226,0.3567200218896197,0.18999248392991097,11,NA,NA,NA,NA,NA,NA,NA,NA,NA,NA,11,6.7748555834646975,10,0.7465152617909022,0,5.177294141300138,0.8185872364974134,0.9281825093002221,0.018365084978997047,46368,77.61328807558341,78.84174250892193,0.018365084978997047,1.4779634079187406e-5,TRUE,0,NA,NA,NA,NA,NA,NA,NA,NA,NA,NA,NA,NA,NA,NA,NA,NA,NA,NA,NA,NA,NA,NA,NA,NA,NA,NA,NA,NA,NA,NA,NA,NA,NA,NA,NA,NA,NA,NA,NA,NA,NA,NA,NA,NA,NA,NA,NA,NA,NA,NA,NA,NA,NA,NA,NA,NA,NA,NA,NA,to_ad,MR-APSS,CAUSE,none,NA,NA,FALSE
fg_dupuis__ad_bellenguez__slopehunter,fg_dupuis,ad_bellenguez,slopehunter,Weighted mode,FALSE,FALSE,per unit of GWAS beta,0.14786366024722236,0.29354042985524975,-0.4274755822690672,0.7232029027635118,0.6253653937690917,11,NA,NA,NA,NA,NA,NA,NA,NA,NA,NA,11,6.7748555834646975,10,0.7465152617909022,0,5.177294141300138,0.8185872364974134,0.9281825093002221,0.018365084978997047,46368,77.61328807558341,78.84174250892193,0.018365084978997047,1.4779634079187406e-5,TRUE,0,NA,NA,NA,NA,NA,NA,NA,NA,NA,NA,NA,NA,NA,NA,NA,NA,NA,NA,NA,NA,NA,NA,NA,NA,NA,NA,NA,NA,NA,NA,NA,NA,NA,NA,NA,NA,NA,NA,NA,NA,NA,NA,NA,NA,NA,NA,NA,NA,NA,NA,NA,NA,NA,NA,NA,NA,NA,NA,NA,to_ad,MR-APSS,CAUSE,none,NA,NA,FALSE
fg_dupuis__ad_kunkle__raw,fg_dupuis,ad_kunkle,raw,MR-APSS,TRUE,FALSE,SD(outcome) per SD(exposure),0.03180555716321427,0.038699145087038395,-0.04404476720738098,0.1076558815338095,0.41115,71,NA,NA,NA,NA,NA,NA,NA,NA,NA,NA,NA,NA,NA,NA,NA,NA,NA,NA,NA,NA,NA,NA,NA,NA,NA,NA,NA,21.29707113398625,0.2999931561267165,7.60860871230407e-11,0.014076837293808778,-0.2695628744430991,FALSE,5e-5,-0.2908447065837637,0.13565986267381508,-0.5567380374244413,-0.024951375743086146,8.723296008626294e-9,-2.5371244680722315e-9,1.0155066697195933e-8,1.0081443828968413,0.014076837293808778,1.0304267345112876,0.013963116328000406,0.011868580138576184,NA,NA,NA,NA,NA,NA,NA,NA,NA,NA,NA,NA,NA,NA,NA,NA,NA,NA,NA,NA,NA,NA,NA,NA,NA,NA,NA,NA,NA,NA,NA,NA,NA,NA,NA,NA,NA,NA,NA,to_ad,MR-APSS,CAUSE,none,NA,NA,TRUE
fg_dupuis__ad_kunkle__raw,fg_dupuis,ad_kunkle,raw,CAUSE,FALSE,TRUE,SD(outcome) per SD(exposure),0.02295510027934248,NA,-0.030530857384582426,0.07717376696424309,NA,544,NA,NA,NA,NA,NA,NA,NA,NA,NA,NA,NA,NA,NA,NA,NA,NA,NA,NA,NA,NA,NA,NA,NA,NA,NA,NA,NA,NA,NA,NA,NA,NA,NA,NA,NA,NA,NA,NA,NA,NA,NA,NA,NA,NA,NA,NA,0.2040527754246817,FALSE,-0.003507928317301791,-0.048264858620784196,0.044190747351967694,0.47235093803483474,0.6034497649584205,0.7831133416227687,0.022829065752482586,-0.03069693424088605,0.07725310312590085,-0.045818465164309194,-0.5848858707807237,0.47861769415177974,0.04421034740928485,0.0017086410888522451,0.25773346036210454,-0.0011382826442672281,-0.039725634637322343,0.02456820078370215,0.01946508730676326,-0.031698678020328164,0.07094378680452705,NA,NA,NA,0.03961232915577112,0.001561177330035152,0.2373773930410882,0.47235093803483474,0.6034497649584205,gamma + q*eta interval spans 0: fraction not reported,NA,NA,NA,NA,NA,NA,NA,to_ad,MR-APSS,CAUSE,none,NA,NA,TRUE
fg_dupuis__ad_kunkle__raw,fg_dupuis,ad_kunkle,raw,IVW-FE,FALSE,FALSE,per unit of GWAS beta,0.2096703102553616,0.14425543387635248,-0.07307034014228925,0.49241096065301243,0.14609452508919377,11,NA,NA,NA,NA,NA,NA,NA,NA,NA,NA,11,4.397073296877674,10,0.9276618597189572,0,4.3961330004310435,0.8834621039269157,0.9281825093002221,0.018365084978997047,46368,77.61328807558341,78.84174250892193,0.018365084978997047,1.01831683047048e-4,TRUE,0,NA,NA,NA,NA,NA,NA,NA,NA,NA,NA,NA,NA,NA,NA,NA,NA,NA,NA,NA,NA,NA,NA,NA,NA,NA,NA,NA,NA,NA,NA,NA,NA,NA,NA,NA,NA,NA,NA,NA,NA,NA,NA,NA,NA,NA,NA,NA,NA,NA,NA,NA,NA,NA,NA,NA,NA,NA,NA,NA,to_ad,MR-APSS,CAUSE,none,NA,NA,FALSE
fg_dupuis__ad_kunkle__raw,fg_dupuis,ad_kunkle,raw,IVW-MRE,FALSE,FALSE,per unit of GWAS beta,0.2096703102553616,0.14425543387635248,-0.07307034014228925,0.49241096065301243,0.14609452508919377,11,0.6631043128254916,NA,NA,NA,NA,NA,NA,NA,NA,NA,11,4.397073296877674,10,0.9276618597189572,0,4.3961330004310435,0.8834621039269157,0.9281825093002221,0.018365084978997047,46368,77.61328807558341,78.84174250892193,0.018365084978997047,1.01831683047048e-4,TRUE,0,NA,NA,NA,NA,NA,NA,NA,NA,NA,NA,NA,NA,NA,NA,NA,NA,NA,NA,NA,NA,NA,NA,NA,NA,NA,NA,NA,NA,NA,NA,NA,NA,NA,NA,NA,NA,NA,NA,NA,NA,NA,NA,NA,NA,NA,NA,NA,NA,NA,NA,NA,NA,NA,NA,NA,NA,NA,NA,NA,to_ad,MR-APSS,CAUSE,none,NA,NA,FALSE
fg_dupuis__ad_kunkle__raw,fg_dupuis,ad_kunkle,raw,MR-APSS (p<5e-8),FALSE,FALSE,SD(outcome) per SD(exposure),0.06770756145174993,0.040951802449020636,-0.012557971348330518,0.14797309425183036,0.09826,10,NA,NA,NA,NA,NA,NA,NA,NA,NA,NA,NA,NA,NA,NA,NA,NA,NA,NA,NA,NA,NA,NA,NA,NA,NA,NA,NA,9.99813708126668,0.9998136972423793,9.204132806507549e-11,0.014076837293808778,-0.2695628744430991,FALSE,5e-8,-0.2908447065837637,0.13565986267381508,-0.5567380374244413,-0.024951375743086146,8.723296008626294e-9,-2.5371244680722315e-9,1.0155066697195933e-8,1.0081443828968413,0.014076837293808778,1.0304267345112876,0.013963116328000406,0.011868580138576184,NA,NA,NA,NA,NA,NA,NA,NA,NA,NA,NA,NA,NA,NA,NA,NA,NA,NA,NA,NA,NA,NA,NA,NA,NA,NA,NA,NA,NA,NA,NA,NA,NA,NA,NA,NA,NA,NA,NA,to_ad,MR-APSS,CAUSE,none,NA,NA,TRUE
fg_dupuis__ad_kunkle__raw,fg_dupuis,ad_kunkle,raw,MR-Egger,FALSE,FALSE,per unit of GWAS beta,0.20020152528675123,0.34082296332476897,-0.46781148282979595,0.8682145334032985,0.5713716104331105,11,NA,3.964910804229545e-4,0.012930074413724135,0.9762065413981553,NA,NA,NA,NA,NA,NA,11,4.397073296877674,10,0.9276618597189572,0,4.3961330004310435,0.8834621039269157,0.9281825093002221,0.018365084978997047,46368,77.61328807558341,78.84174250892193,0.018365084978997047,1.01831683047048e-4,TRUE,0,NA,NA,NA,NA,NA,NA,NA,NA,NA,NA,NA,NA,NA,NA,NA,NA,NA,NA,NA,NA,NA,NA,NA,NA,NA,NA,NA,NA,NA,NA,NA,NA,NA,NA,NA,NA,NA,NA,NA,NA,NA,NA,NA,NA,NA,NA,NA,NA,NA,NA,NA,NA,NA,NA,NA,NA,NA,NA,NA,to_ad,MR-APSS,CAUSE,none,NA,NA,FALSE
fg_dupuis__ad_kunkle__raw,fg_dupuis,ad_kunkle,raw,MR-PRESSO,FALSE,FALSE,per unit of GWAS beta,0.209670310255362,0.0956564003519219,0.022183765565595093,0.3971568549451289,0.0531638026324499,11,NA,NA,NA,NA,0.942,0,Raw,NA,NA,NA,11,4.397073296877674,10,0.9276618597189572,0,4.3961330004310435,0.8834621039269157,0.9281825093002221,0.018365084978997047,46368,77.61328807558341,78.84174250892193,0.018365084978997047,1.01831683047048e-4,TRUE,0,NA,NA,NA,NA,NA,NA,NA,NA,NA,NA,NA,NA,NA,NA,NA,NA,NA,NA,NA,NA,NA,NA,NA,NA,NA,NA,NA,NA,NA,NA,NA,NA,NA,NA,NA,NA,NA,NA,NA,NA,NA,NA,NA,NA,NA,NA,NA,NA,NA,NA,NA,NA,NA,NA,NA,NA,NA,NA,NA,to_ad,MR-APSS,CAUSE,none,NA,NA,FALSE
fg_dupuis__ad_kunkle__raw,fg_dupuis,ad_kunkle,raw,MR-RAPS,FALSE,FALSE,per unit of GWAS beta,0.22094953232777406,0.14904302847141965,-0.07117480347620844,0.5130738681317566,0.138219358779556,11,NA,NA,NA,NA,NA,NA,NA,NA,NA,NA,11,4.397073296877674,10,0.9276618597189572,0,4.3961330004310435,0.8834621039269157,0.9281825093002221,0.018365084978997047,46368,77.61328807558341,78.84174250892193,0.018365084978997047,1.01831683047048e-4,TRUE,0,NA,NA,NA,NA,NA,NA,NA,NA,NA,NA,NA,NA,NA,NA,NA,NA,NA,NA,NA,NA,NA,NA,NA,NA,NA,NA,NA,NA,NA,NA,NA,NA,NA,NA,NA,NA,NA,NA,NA,NA,NA,NA,NA,NA,NA,NA,NA,NA,NA,NA,NA,NA,NA,NA,NA,NA,NA,NA,NA,to_ad,MR-APSS,CAUSE,none,FALSE,over-dispersion optimiser failed (tau2 forced to 0),FALSE
fg_dupuis__ad_kunkle__raw,fg_dupuis,ad_kunkle,raw,MRAID,FALSE,FALSE,SD(outcome) per SD(exposure),0.08953242657453563,0.02368311099066162,0.043113529032838854,0.1359513241162324,1.5655552149757346e-4,26,NA,NA,NA,NA,NA,NA,NA,NA,NA,NA,NA,NA,NA,NA,NA,NA,NA,NA,NA,NA,NA,NA,NA,NA,NA,NA,NA,NA,NA,NA,NA,NA,NA,NA,NA,NA,NA,NA,NA,NA,NA,NA,NA,NA,NA,NA,NA,NA,NA,NA,NA,NA,NA,NA,NA,NA,NA,NA,NA,NA,NA,NA,NA,NA,NA,NA,NA,NA,NA,NA,NA,NA,NA,NA,NA,NA,NA,NA,3.741770991668958e-4,0.02146902023286811,0.03841838276649874,0.9722334974657805,0.999750925921138,14,0.5,to_ad,MR-APSS,CAUSE,none,NA,NA,FALSE
fg_dupuis__ad_kunkle__raw,fg_dupuis,ad_kunkle,raw,MRBEE,FALSE,FALSE,per unit of GWAS beta,0.2644166342507248,0.07202964327078626,0.12323853343998376,0.40559473506146587,2.4165829004359733e-4,11,NA,NA,NA,NA,NA,NA,NA,NA,1,-0.0035015855462509015,11,4.397073296877674,10,0.9276618597189572,0,4.3961330004310435,0.8834621039269157,0.9281825093002221,0.018365084978997047,46368,77.61328807558341,78.84174250892193,0.018365084978997047,1.01831683047048e-4,TRUE,0,NA,NA,NA,NA,NA,NA,NA,NA,NA,NA,NA,NA,NA,NA,NA,NA,NA,NA,NA,NA,NA,NA,NA,NA,NA,NA,NA,NA,NA,NA,NA,NA,NA,NA,NA,NA,NA,NA,NA,NA,NA,NA,NA,NA,NA,NA,NA,NA,NA,NA,NA,NA,NA,NA,NA,NA,NA,NA,NA,to_ad,MR-APSS,CAUSE,none,TRUE,,TRUE
fg_dupuis__ad_kunkle__raw,fg_dupuis,ad_kunkle,raw,Weighted median,FALSE,FALSE,per unit of GWAS beta,0.24637680370424894,0.18950525927765996,-0.12505350447996458,0.6178071118884625,0.19356486018687769,11,NA,NA,NA,NA,NA,NA,NA,NA,NA,NA,11,4.397073296877674,10,0.9276618597189572,0,4.3961330004310435,0.8834621039269157,0.9281825093002221,0.018365084978997047,46368,77.61328807558341,78.84174250892193,0.018365084978997047,1.01831683047048e-4,TRUE,0,NA,NA,NA,NA,NA,NA,NA,NA,NA,NA,NA,NA,NA,NA,NA,NA,NA,NA,NA,NA,NA,NA,NA,NA,NA,NA,NA,NA,NA,NA,NA,NA,NA,NA,NA,NA,NA,NA,NA,NA,NA,NA,NA,NA,NA,NA,NA,NA,NA,NA,NA,NA,NA,NA,NA,NA,NA,NA,NA,to_ad,MR-APSS,CAUSE,none,NA,NA,FALSE
fg_dupuis__ad_kunkle__raw,fg_dupuis,ad_kunkle,raw,Weighted mode,FALSE,FALSE,per unit of GWAS beta,0.2811041776480868,0.40733161616074376,-0.5172657900269709,1.0794741453231445,0.5058242295397615,11,NA,NA,NA,NA,NA,NA,NA,NA,NA,NA,11,4.397073296877674,10,0.9276618597189572,0,4.3961330004310435,0.8834621039269157,0.9281825093002221,0.018365084978997047,46368,77.61328807558341,78.84174250892193,0.018365084978997047,1.01831683047048e-4,TRUE,0,NA,NA,NA,NA,NA,NA,NA,NA,NA,NA,NA,NA,NA,NA,NA,NA,NA,NA,NA,NA,NA,NA,NA,NA,NA,NA,NA,NA,NA,NA,NA,NA,NA,NA,NA,NA,NA,NA,NA,NA,NA,NA,NA,NA,NA,NA,NA,NA,NA,NA,NA,NA,NA,NA,NA,NA,NA,NA,NA,to_ad,MR-APSS,CAUSE,none,NA,NA,FALSE
fg_manning__ad_bellenguez__raw,fg_manning,ad_bellenguez,raw,MR-APSS,TRUE,FALSE,SD(outcome) per SD(exposure),0.0024438681314571725,0.014103579459103559,-0.0251991476083858,0.03008688387130015,0.86243,87,NA,NA,NA,NA,NA,NA,NA,NA,NA,NA,NA,NA,NA,NA,NA,NA,NA,NA,NA,NA,NA,NA,NA,NA,NA,NA,NA,39.661621023963825,0.45588151753883205,1.2433922744580606e-8,0.006639074157621919,-0.04245593364961402,FALSE,5e-5,-0.02153454645669552,0.03387938347955183,-0.0879381380766171,0.04486904516322607,1.288420793403315e-8,-2.774555743131619e-10,3.314762310614999e-9,1.0169256519340346,0.006639074157621919,1.0896193114663593,0.006528573790026273,0.002253289420177909,NA,NA,NA,NA,NA,NA,NA,NA,NA,NA,NA,NA,NA,NA,NA,NA,NA,NA,NA,NA,NA,NA,NA,NA,NA,NA,NA,NA,NA,NA,NA,NA,NA,NA,NA,NA,NA,NA,NA,to_ad,MR-APSS,CAUSE,none,NA,NA,TRUE
fg_manning__ad_bellenguez__raw,fg_manning,ad_bellenguez,raw,CAUSE,FALSE,TRUE,SD(outcome) per SD(exposure),0.0010966766908057555,NA,-0.014517245306917172,0.017412266569745722,NA,605,NA,NA,NA,NA,NA,NA,NA,NA,NA,NA,NA,NA,NA,NA,NA,NA,NA,NA,NA,NA,NA,NA,NA,NA,NA,NA,NA,NA,NA,NA,NA,NA,NA,NA,NA,NA,NA,NA,NA,NA,NA,NA,NA,NA,NA,NA,0.45016931693179996,FALSE,3.528110428491646e-4,-0.01493214029386757,0.02933106643586118,0.8986351883505592,0.32014472078277656,0.9974994701769596,0.0010908208778613387,-0.014516679928857154,0.017661580221213457,-0.015072121073329454,-0.34466697595056206,0.3107909158480999,0.029348304412901552,0.0011483390477481253,0.22573690786687237,-2.898153023020483e-4,-0.010562108725659323,0.00812082270686834,4.5298778808660104e-4,-0.01571025863619338,0.016727989006548944,NA,NA,NA,0.027556300822563898,8.665621480183294e-4,0.20673116366614125,0.8986351883505592,0.32014472078277656,gamma + q*eta interval spans 0: fraction not reported,NA,NA,NA,NA,NA,NA,NA,to_ad,MR-APSS,CAUSE,none,NA,NA,TRUE
fg_manning__ad_bellenguez__raw,fg_manning,ad_bellenguez,raw,IVW-FE,FALSE,FALSE,per unit of GWAS beta,0.03379706967053566,0.056673772301159206,-0.07728352403973637,0.1448776633808077,0.5509453766970063,22,NA,NA,NA,NA,NA,NA,NA,NA,NA,NA,22,45.08597097894522,21,0.0016875409671782303,0.5342231841961033,44.13186202461513,0.0014449235123368182,0.9548178881744727,0.0350522327843739,58074,92.91749623825922,95.85149836834223,0.0350522327843739,9.320826077911601e-5,TRUE,0,NA,NA,NA,NA,NA,NA,NA,NA,NA,NA,NA,NA,NA,NA,NA,NA,NA,NA,NA,NA,NA,NA,NA,NA,NA,NA,NA,NA,NA,NA,NA,NA,NA,NA,NA,NA,NA,NA,NA,NA,NA,NA,NA,NA,NA,NA,NA,NA,NA,NA,NA,NA,NA,NA,NA,NA,NA,NA,NA,to_ad,MR-APSS,CAUSE,none,NA,NA,FALSE
fg_manning__ad_bellenguez__raw,fg_manning,ad_bellenguez,raw,IVW-MRE,FALSE,FALSE,per unit of GWAS beta,0.03379706967053566,0.08304111793073432,-0.1289635214737036,0.19655766081477494,0.6840138727368539,22,1.4652477602772138,NA,NA,NA,NA,NA,NA,NA,NA,NA,22,45.08597097894522,21,0.0016875409671782303,0.5342231841961033,44.13186202461513,0.0014449235123368182,0.9548178881744727,0.0350522327843739,58074,92.91749623825922,95.85149836834223,0.0350522327843739,9.320826077911601e-5,TRUE,0,NA,NA,NA,NA,NA,NA,NA,NA,NA,NA,NA,NA,NA,NA,NA,NA,NA,NA,NA,NA,NA,NA,NA,NA,NA,NA,NA,NA,NA,NA,NA,NA,NA,NA,NA,NA,NA,NA,NA,NA,NA,NA,NA,NA,NA,NA,NA,NA,NA,NA,NA,NA,NA,NA,NA,NA,NA,NA,NA,to_ad,MR-APSS,CAUSE,none,NA,NA,FALSE
fg_manning__ad_bellenguez__raw,fg_manning,ad_bellenguez,raw,MR-APSS (p<5e-8),FALSE,FALSE,SD(outcome) per SD(exposure),-0.0010555186383081905,0.01647647073495691,-0.033349401278823736,0.031238364002207357,0.94892,20,NA,NA,NA,NA,NA,NA,NA,NA,NA,NA,NA,NA,NA,NA,NA,NA,NA,NA,NA,NA,NA,NA,NA,NA,NA,NA,NA,19.995896769372028,0.999794830787615,1.2330427667750823e-8,0.006639074157621919,-0.04245593364961402,FALSE,5e-8,-0.02153454645669552,0.03387938347955183,-0.0879381380766171,0.04486904516322607,1.288420793403315e-8,-2.774555743131619e-10,3.314762310614999e-9,1.0169256519340346,0.006639074157621919,1.0896193114663593,0.006528573790026273,0.002253289420177909,NA,NA,NA,NA,NA,NA,NA,NA,NA,NA,NA,NA,NA,NA,NA,NA,NA,NA,NA,NA,NA,NA,NA,NA,NA,NA,NA,NA,NA,NA,NA,NA,NA,NA,NA,NA,NA,NA,NA,to_ad,MR-APSS,CAUSE,none,NA,NA,TRUE
fg_manning__ad_bellenguez__raw,fg_manning,ad_bellenguez,raw,MR-Egger,FALSE,FALSE,per unit of GWAS beta,0.13452207364728422,0.17478907560466095,-0.20806451453785121,0.4771086618324196,0.45051716129148434,22,NA,-0.004261879503258873,0.006481317680628541,0.5183155851267527,NA,NA,NA,NA,NA,NA,22,45.08597097894522,21,0.0016875409671782303,0.5342231841961033,44.13186202461513,0.0014449235123368182,0.9548178881744727,0.0350522327843739,58074,92.91749623825922,95.85149836834223,0.0350522327843739,9.320826077911601e-5,TRUE,0,NA,NA,NA,NA,NA,NA,NA,NA,NA,NA,NA,NA,NA,NA,NA,NA,NA,NA,NA,NA,NA,NA,NA,NA,NA,NA,NA,NA,NA,NA,NA,NA,NA,NA,NA,NA,NA,NA,NA,NA,NA,NA,NA,NA,NA,NA,NA,NA,NA,NA,NA,NA,NA,NA,NA,NA,NA,NA,NA,to_ad,MR-APSS,CAUSE,none,NA,NA,FALSE
fg_manning__ad_bellenguez__raw,fg_manning,ad_bellenguez,raw,MR-PRESSO,FALSE,FALSE,per unit of GWAS beta,0.0780947409627456,0.050014390634669,-0.01993346468120563,0.17612294660669683,0.134103634306538,21,NA,NA,NA,NA,0.003,1,Outlier-corrected,0.502,NA,NA,22,45.08597097894522,21,0.0016875409671782303,0.5342231841961033,44.13186202461513,0.0014449235123368182,0.9548178881744727,0.0350522327843739,58074,92.91749623825922,95.85149836834223,0.0350522327843739,9.320826077911601e-5,TRUE,0,NA,NA,NA,NA,NA,NA,NA,NA,NA,NA,NA,NA,NA,NA,NA,NA,NA,NA,NA,NA,NA,NA,NA,NA,NA,NA,NA,NA,NA,NA,NA,NA,NA,NA,NA,NA,NA,NA,NA,NA,NA,NA,NA,NA,NA,NA,NA,NA,NA,NA,NA,NA,NA,NA,NA,NA,NA,NA,NA,to_ad,MR-APSS,CAUSE,none,NA,NA,FALSE
fg_manning__ad_bellenguez__raw,fg_manning,ad_bellenguez,raw,MR-RAPS,FALSE,FALSE,per unit of GWAS beta,0.07840937234096096,0.06955692229022034,-0.05792219534787091,0.21474094002979283,0.2596287035833652,22,NA,NA,NA,NA,NA,NA,NA,NA,NA,NA,22,45.08597097894522,21,0.0016875409671782303,0.5342231841961033,44.13186202461513,0.0014449235123368182,0.9548178881744727,0.0350522327843739,58074,92.91749623825922,95.85149836834223,0.0350522327843739,9.320826077911601e-5,TRUE,0,NA,NA,NA,NA,NA,NA,NA,NA,NA,NA,NA,NA,NA,NA,NA,NA,NA,NA,NA,NA,NA,NA,NA,NA,NA,NA,NA,NA,NA,NA,NA,NA,NA,NA,NA,NA,NA,NA,NA,NA,NA,NA,NA,NA,NA,NA,NA,NA,NA,NA,NA,NA,NA,NA,NA,NA,NA,NA,NA,to_ad,MR-APSS,CAUSE,none,TRUE,warnings: The estimated overdispersion parameter is very small. Consider using the simple model without overdispersion.,FALSE
fg_manning__ad_bellenguez__raw,fg_manning,ad_bellenguez,raw,MRAID,FALSE,FALSE,SD(outcome) per SD(exposure),-0.006567643398641353,0.009267619176039313,-0.024732176983678408,0.0115968901863957,0.4785319838058233,51,NA,NA,NA,NA,NA,NA,NA,NA,NA,NA,NA,NA,NA,NA,NA,NA,NA,NA,NA,NA,NA,NA,NA,NA,NA,NA,NA,NA,NA,NA,NA,NA,NA,NA,NA,NA,NA,NA,NA,NA,NA,NA,NA,NA,NA,NA,NA,NA,NA,NA,NA,NA,NA,NA,NA,NA,NA,NA,NA,NA,NA,NA,NA,NA,NA,NA,NA,NA,NA,NA,NA,NA,NA,NA,NA,NA,NA,NA,-0.0763868503899363,0.010598268283754321,0.016076633095414305,0.9149458699855832,0.9998461155281954,27,0.5,to_ad,MR-APSS,CAUSE,none,NA,NA,FALSE
fg_manning__ad_bellenguez__raw,fg_manning,ad_bellenguez,raw,MRBEE,FALSE,FALSE,per unit of GWAS beta,0.11080786424113304,0.03748788269143488,0.037331614165920665,0.1842841143163454,0.003118274044683928,22,NA,NA,NA,NA,NA,NA,NA,NA,2,0.004496793938997204,22,45.08597097894522,21,0.0016875409671782303,0.5342231841961033,44.13186202461513,0.0014449235123368182,0.9548178881744727,0.0350522327843739,58074,92.91749623825922,95.85149836834223,0.0350522327843739,9.320826077911601e-5,TRUE,0,NA,NA,NA,NA,NA,NA,NA,NA,NA,NA,NA,NA,NA,NA,NA,NA,NA,NA,NA,NA,NA,NA,NA,NA,NA,NA,NA,NA,NA,NA,NA,NA,NA,NA,NA,NA,NA,NA,NA,NA,NA,NA,NA,NA,NA,NA,NA,NA,NA,NA,NA,NA,NA,NA,NA,NA,NA,NA,NA,to_ad,MR-APSS,CAUSE,none,TRUE,,TRUE
fg_manning__ad_bellenguez__raw,fg_manning,ad_bellenguez,raw,Weighted median,FALSE,FALSE,per unit of GWAS beta,0.07342418168163795,0.07809115307509963,-0.07963447834555734,0.22648284170883323,0.3470960712626298,22,NA,NA,NA,NA,NA,NA,NA,NA,NA,NA,22,45.08597097894522,21,0.0016875409671782303,0.5342231841961033,44.13186202461513,0.0014449235123368182,0.9548178881744727,0.0350522327843739,58074,92.91749623825922,95.85149836834223,0.0350522327843739,9.320826077911601e-5,TRUE,0,NA,NA,NA,NA,NA,NA,NA,NA,NA,NA,NA,NA,NA,NA,NA,NA,NA,NA,NA,NA,NA,NA,NA,NA,NA,NA,NA,NA,NA,NA,NA,NA,NA,NA,NA,NA,NA,NA,NA,NA,NA,NA,NA,NA,NA,NA,NA,NA,NA,NA,NA,NA,NA,NA,NA,NA,NA,NA,NA,to_ad,MR-APSS,CAUSE,none,NA,NA,FALSE
fg_manning__ad_bellenguez__raw,fg_manning,ad_bellenguez,raw,Weighted mode,FALSE,FALSE,per unit of GWAS beta,0.08065102421244544,0.21033137383329728,-0.3315984685008172,0.49290051692570813,0.7052424453127709,22,NA,NA,NA,NA,NA,NA,NA,NA,NA,NA,22,45.08597097894522,21,0.0016875409671782303,0.5342231841961033,44.13186202461513,0.0014449235123368182,0.9548178881744727,0.0350522327843739,58074,92.91749623825922,95.85149836834223,0.0350522327843739,9.320826077911601e-5,TRUE,0,NA,NA,NA,NA,NA,NA,NA,NA,NA,NA,NA,NA,NA,NA,NA,NA,NA,NA,NA,NA,NA,NA,NA,NA,NA,NA,NA,NA,NA,NA,NA,NA,NA,NA,NA,NA,NA,NA,NA,NA,NA,NA,NA,NA,NA,NA,NA,NA,NA,NA,NA,NA,NA,NA,NA,NA,NA,NA,NA,to_ad,MR-APSS,CAUSE,none,NA,NA,FALSE
fg_manning__ad_bellenguez__slopehunter,fg_manning,ad_bellenguez,slopehunter,MR-APSS,TRUE,FALSE,SD(outcome) per SD(exposure),0.0064004948660605285,0.015120418079387049,-0.023235524569538087,0.03603651430165915,0.67208,81,NA,NA,NA,NA,NA,NA,NA,NA,NA,NA,NA,NA,NA,NA,NA,NA,NA,NA,NA,NA,NA,NA,NA,NA,NA,NA,NA,36.02516983736991,0.44475200032898776,1.7508969576057977e-8,0.009334807644424483,0.03552965012857144,FALSE,5e-5,0.017807123280781333,0.0356953470916078,-0.052155757018769955,0.08777000358033263,1.2795185811291634e-8,2.2784545114217424e-10,3.21404731667507e-9,1.0166153224921384,0.009334807644424483,1.0672405122817104,0.009182241736767321,0.00316918347320856,NA,NA,NA,NA,NA,NA,NA,NA,NA,NA,NA,NA,NA,NA,NA,NA,NA,NA,NA,NA,NA,NA,NA,NA,NA,NA,NA,NA,NA,NA,NA,NA,NA,NA,NA,NA,NA,NA,NA,to_ad,MR-APSS,CAUSE,none,NA,NA,TRUE
fg_manning__ad_bellenguez__slopehunter,fg_manning,ad_bellenguez,slopehunter,CAUSE,FALSE,TRUE,SD(outcome) per SD(exposure),0.004825385573315637,NA,-0.011617332299645908,0.02157164923509933,NA,579,NA,NA,NA,NA,NA,NA,NA,NA,NA,NA,NA,NA,NA,NA,NA,NA,NA,NA,NA,NA,NA,NA,NA,NA,NA,NA,NA,NA,NA,NA,NA,NA,NA,NA,NA,NA,NA,NA,NA,NA,NA,NA,NA,NA,NA,NA,0.28396206947147895,FALSE,0.011980166485642001,-0.015387616857256033,0.032138542921153555,0.8006646495407987,0.5572340334604386,0.9246204369878254,0.00490180452379255,-0.011765819195086848,0.021593190709981374,-0.015877969491309894,-0.3123151873884319,0.28178377378727354,0.031893562128052416,0.0011227316271885288,0.23015067001429562,-3.091649315486795e-4,-0.01092881345015854,0.008332179568546908,0.004205146541930438,-0.01247384642649297,0.02034233631113225,NA,NA,NA,0.028574175359712607,9.336210000022983e-4,0.21345883655259526,0.8006646495407987,0.5572340334604386,gamma + q*eta interval spans 0: fraction not reported,NA,NA,NA,NA,NA,NA,NA,to_ad,MR-APSS,CAUSE,none,NA,NA,TRUE
fg_manning__ad_bellenguez__slopehunter,fg_manning,ad_bellenguez,slopehunter,IVW-FE,FALSE,FALSE,per unit of GWAS beta,0.053773296661510504,0.05909396397216421,-0.062050872723931345,0.16959746604695236,0.36284223790187864,21,NA,NA,NA,NA,NA,NA,NA,NA,NA,NA,21,43.76968331071629,20,0.0016155181360991498,0.5430627208786926,41.4056763807707,0.0021304102658895184,0.9559044965726917,0.03439574179747413,58074,95.52552991973178,98.46987796527318,0.03439574179747413,9.147766627159418e-5,TRUE,0,NA,NA,NA,NA,NA,NA,NA,NA,NA,NA,NA,NA,NA,NA,NA,NA,NA,NA,NA,NA,NA,NA,NA,NA,NA,NA,NA,NA,NA,NA,NA,NA,NA,NA,NA,NA,NA,NA,NA,NA,NA,NA,NA,NA,NA,NA,NA,NA,NA,NA,NA,NA,NA,NA,NA,NA,NA,NA,NA,to_ad,MR-APSS,CAUSE,none,NA,NA,FALSE
fg_manning__ad_bellenguez__slopehunter,fg_manning,ad_bellenguez,slopehunter,IVW-MRE,FALSE,FALSE,per unit of GWAS beta,0.053773296661510504,0.08742081025334314,-0.11757149143504203,0.22511808475806305,0.5384829693134507,21,1.4793526170375386,NA,NA,NA,NA,NA,NA,NA,NA,NA,21,43.76968331071629,20,0.0016155181360991498,0.5430627208786926,41.4056763807707,0.0021304102658895184,0.9559044965726917,0.03439574179747413,58074,95.52552991973178,98.46987796527318,0.03439574179747413,9.147766627159418e-5,TRUE,0,NA,NA,NA,NA,NA,NA,NA,NA,NA,NA,NA,NA,NA,NA,NA,NA,NA,NA,NA,NA,NA,NA,NA,NA,NA,NA,NA,NA,NA,NA,NA,NA,NA,NA,NA,NA,NA,NA,NA,NA,NA,NA,NA,NA,NA,NA,NA,NA,NA,NA,NA,NA,NA,NA,NA,NA,NA,NA,NA,to_ad,MR-APSS,CAUSE,none,NA,NA,FALSE
fg_manning__ad_bellenguez__slopehunter,fg_manning,ad_bellenguez,slopehunter,MR-APSS (p<5e-8),FALSE,FALSE,SD(outcome) per SD(exposure),0.003700107102180199,0.017005971633962797,-0.02963159730038688,0.037031811504747277,0.82776,19,NA,NA,NA,NA,NA,NA,NA,NA,NA,NA,NA,NA,NA,NA,NA,NA,NA,NA,NA,NA,NA,NA,NA,NA,NA,NA,NA,18.995733956678432,0.9997754878914644,1.4675093699718445e-8,0.009334807644424483,0.03552965012857144,FALSE,5e-8,0.017807123280781333,0.0356953470916078,-0.052155757018769955,0.08777000358033263,1.2795185811291634e-8,2.2784545114217424e-10,3.21404731667507e-9,1.0166153224921384,0.009334807644424483,1.0672405122817104,0.009182241736767321,0.00316918347320856,NA,NA,NA,NA,NA,NA,NA,NA,NA,NA,NA,NA,NA,NA,NA,NA,NA,NA,NA,NA,NA,NA,NA,NA,NA,NA,NA,NA,NA,NA,NA,NA,NA,NA,NA,NA,NA,NA,NA,to_ad,MR-APSS,CAUSE,none,NA,NA,TRUE
fg_manning__ad_bellenguez__slopehunter,fg_manning,ad_bellenguez,slopehunter,MR-Egger,FALSE,FALSE,per unit of GWAS beta,0.21981633959249697,0.18172961335048174,-0.13637370257444725,0.5760063817594412,0.2412762093123893,21,NA,-0.007158033000007532,0.006872622107990287,0.3107027013488437,NA,NA,NA,NA,NA,NA,21,43.76968331071629,20,0.0016155181360991498,0.5430627208786926,41.4056763807707,0.0021304102658895184,0.9559044965726917,0.03439574179747413,58074,95.52552991973178,98.46987796527318,0.03439574179747413,9.147766627159418e-5,TRUE,0,NA,NA,NA,NA,NA,NA,NA,NA,NA,NA,NA,NA,NA,NA,NA,NA,NA,NA,NA,NA,NA,NA,NA,NA,NA,NA,NA,NA,NA,NA,NA,NA,NA,NA,NA,NA,NA,NA,NA,NA,NA,NA,NA,NA,NA,NA,NA,NA,NA,NA,NA,NA,NA,NA,NA,NA,NA,NA,NA,to_ad,MR-APSS,CAUSE,none,NA,NA,FALSE
fg_manning__ad_bellenguez__slopehunter,fg_manning,ad_bellenguez,slopehunter,MR-PRESSO,FALSE,FALSE,per unit of GWAS beta,0.0991601962402138,0.0539219976993746,-0.006526919250560412,0.20484731173098802,0.0816042749648911,20,NA,NA,NA,NA,0.003,1,Outlier-corrected,0.505,NA,NA,21,43.76968331071629,20,0.0016155181360991498,0.5430627208786926,41.4056763807707,0.0021304102658895184,0.9559044965726917,0.03439574179747413,58074,95.52552991973178,98.46987796527318,0.03439574179747413,9.147766627159418e-5,TRUE,0,NA,NA,NA,NA,NA,NA,NA,NA,NA,NA,NA,NA,NA,NA,NA,NA,NA,NA,NA,NA,NA,NA,NA,NA,NA,NA,NA,NA,NA,NA,NA,NA,NA,NA,NA,NA,NA,NA,NA,NA,NA,NA,NA,NA,NA,NA,NA,NA,NA,NA,NA,NA,NA,NA,NA,NA,NA,NA,NA,to_ad,MR-APSS,CAUSE,none,NA,NA,FALSE
fg_manning__ad_bellenguez__slopehunter,fg_manning,ad_bellenguez,slopehunter,MR-RAPS,FALSE,FALSE,per unit of GWAS beta,0.10422869408287443,0.07182084257958539,-0.03654015737311293,0.24499754553886177,0.1467153114568927,21,NA,NA,NA,NA,NA,NA,NA,NA,NA,NA,21,43.76968331071629,20,0.0016155181360991498,0.5430627208786926,41.4056763807707,0.0021304102658895184,0.9559044965726917,0.03439574179747413,58074,95.52552991973178,98.46987796527318,0.03439574179747413,9.147766627159418e-5,TRUE,0,NA,NA,NA,NA,NA,NA,NA,NA,NA,NA,NA,NA,NA,NA,NA,NA,NA,NA,NA,NA,NA,NA,NA,NA,NA,NA,NA,NA,NA,NA,NA,NA,NA,NA,NA,NA,NA,NA,NA,NA,NA,NA,NA,NA,NA,NA,NA,NA,NA,NA,NA,NA,NA,NA,NA,NA,NA,NA,NA,to_ad,MR-APSS,CAUSE,none,TRUE,warnings: The estimated overdispersion parameter is very small. Consider using the simple model without overdispersion.,FALSE
fg_manning__ad_bellenguez__slopehunter,fg_manning,ad_bellenguez,slopehunter,MRAID,FALSE,FALSE,SD(outcome) per SD(exposure),-0.0047428218434558455,0.009546159738314717,-0.02345329493055269,0.013967651243641,0.6193086939061303,49,NA,NA,NA,NA,NA,NA,NA,NA,NA,NA,NA,NA,NA,NA,NA,NA,NA,NA,NA,NA,NA,NA,NA,NA,NA,NA,NA,NA,NA,NA,NA,NA,NA,NA,NA,NA,NA,NA,NA,NA,NA,NA,NA,NA,NA,NA,NA,NA,NA,NA,NA,NA,NA,NA,NA,NA,NA,NA,NA,NA,NA,NA,NA,NA,NA,NA,NA,NA,NA,NA,NA,NA,NA,NA,NA,NA,NA,NA,-0.08921864141364805,0.011400644351674276,0.015843989229723417,0.9160532256374658,0.9999239183301536,26,0.5,to_ad,MR-APSS,CAUSE,none,NA,NA,FALSE
fg_manning__ad_bellenguez__slopehunter,fg_manning,ad_bellenguez,slopehunter,MRBEE,FALSE,FALSE,per unit of GWAS beta,0.10838359986071107,0.031597596902646706,0.04645230993152353,0.17031488978989862,6.033107960954874e-4,21,NA,NA,NA,NA,NA,NA,NA,NA,4,0.009921020278097301,21,43.76968331071629,20,0.0016155181360991498,0.5430627208786926,41.4056763807707,0.0021304102658895184,0.9559044965726917,0.03439574179747413,58074,95.52552991973178,98.46987796527318,0.03439574179747413,9.147766627159418e-5,TRUE,0,NA,NA,NA,NA,NA,NA,NA,NA,NA,NA,NA,NA,NA,NA,NA,NA,NA,NA,NA,NA,NA,NA,NA,NA,NA,NA,NA,NA,NA,NA,NA,NA,NA,NA,NA,NA,NA,NA,NA,NA,NA,NA,NA,NA,NA,NA,NA,NA,NA,NA,NA,NA,NA,NA,NA,NA,NA,NA,NA,to_ad,MR-APSS,CAUSE,none,TRUE,,TRUE
fg_manning__ad_bellenguez__slopehunter,fg_manning,ad_bellenguez,slopehunter,Weighted median,FALSE,FALSE,per unit of GWAS beta,0.0881832901304608,0.0824633381007031,-0.07344485254691727,0.24981143280783888,0.28490587328576467,21,NA,NA,NA,NA,NA,NA,NA,NA,NA,NA,21,43.76968331071629,20,0.0016155181360991498,0.5430627208786926,41.4056763807707,0.0021304102658895184,0.9559044965726917,0.03439574179747413,58074,95.52552991973178,98.46987796527318,0.03439574179747413,9.147766627159418e-5,TRUE,0,NA,NA,NA,NA,NA,NA,NA,NA,NA,NA,NA,NA,NA,NA,NA,NA,NA,NA,NA,NA,NA,NA,NA,NA,NA,NA,NA,NA,NA,NA,NA,NA,NA,NA,NA,NA,NA,NA,NA,NA,NA,NA,NA,NA,NA,NA,NA,NA,NA,NA,NA,NA,NA,NA,NA,NA,NA,NA,NA,to_ad,MR-APSS,CAUSE,none,NA,NA,FALSE
fg_manning__ad_bellenguez__slopehunter,fg_manning,ad_bellenguez,slopehunter,Weighted mode,FALSE,FALSE,per unit of GWAS beta,0.10865896567869492,0.23387507757839812,-0.3497361863749654,0.5670541177323553,0.6472341054371424,21,NA,NA,NA,NA,NA,NA,NA,NA,NA,NA,21,43.76968331071629,20,0.0016155181360991498,0.5430627208786926,41.4056763807707,0.0021304102658895184,0.9559044965726917,0.03439574179747413,58074,95.52552991973178,98.46987796527318,0.03439574179747413,9.147766627159418e-5,TRUE,0,NA,NA,NA,NA,NA,NA,NA,NA,NA,NA,NA,NA,NA,NA,NA,NA,NA,NA,NA,NA,NA,NA,NA,NA,NA,NA,NA,NA,NA,NA,NA,NA,NA,NA,NA,NA,NA,NA,NA,NA,NA,NA,NA,NA,NA,NA,NA,NA,NA,NA,NA,NA,NA,NA,NA,NA,NA,NA,NA,to_ad,MR-APSS,CAUSE,none,NA,NA,FALSE
fg_manning__ad_kunkle__raw,fg_manning,ad_kunkle,raw,MR-APSS,TRUE,FALSE,SD(outcome) per SD(exposure),0.023871453876742485,0.04152121238824601,-0.05751012240421968,0.10525303015770465,0.56534,87,NA,NA,NA,NA,NA,NA,NA,NA,NA,NA,NA,NA,NA,NA,NA,NA,NA,NA,NA,NA,NA,NA,NA,NA,NA,NA,NA,37.414429783576615,0.43006775840554873,1.72568310237121e-7,0.006022026083061011,0.0773737194827373,FALSE,5e-5,0.0724255091061307,0.07494084072600964,-0.0744585387168482,0.21930955692910958,1.2888974781573957e-8,9.334905604115735e-10,1.1293135476866667e-8,1.0169041942819947,0.006022026083061011,1.0250931085773296,0.005921920783612247,0.005644359909465254,NA,NA,NA,NA,NA,NA,NA,NA,NA,NA,NA,NA,NA,NA,NA,NA,NA,NA,NA,NA,NA,NA,NA,NA,NA,NA,NA,NA,NA,NA,NA,NA,NA,NA,NA,NA,NA,NA,NA,to_ad,MR-APSS,CAUSE,none,NA,NA,TRUE
fg_manning__ad_kunkle__raw,fg_manning,ad_kunkle,raw,CAUSE,FALSE,TRUE,SD(outcome) per SD(exposure),0.029899019157943026,NA,-0.01577238329130276,0.07439525901086425,NA,611,NA,NA,NA,NA,NA,NA,NA,NA,NA,NA,NA,NA,NA,NA,NA,NA,NA,NA,NA,NA,NA,NA,NA,NA,NA,NA,NA,NA,NA,NA,NA,NA,NA,NA,NA,NA,NA,NA,NA,NA,NA,NA,NA,NA,NA,NA,0.09368226612295238,FALSE,0.014207677640466808,-0.10401234613625862,0.04140898707628733,0.10610143689826801,1.1294434955238049,0.5374221232932171,0.02993880967916289,-0.01451400295615366,0.07469510948206902,-0.10788283479440339,-0.8597637196998207,0.4558566554505127,0.0415525694772827,0.00162943619723206,0.2475411923309419,-0.003182695612256499,-0.04532762342986062,0.022486784241688415,0.023860968870900903,-0.020293087032426906,0.06602609439709732,NA,NA,NA,0.03907021056188064,0.0015414369475215625,0.2420544878824853,0.10610143689826801,1.1294434955238049,gamma + q*eta interval spans 0: fraction not reported,NA,NA,NA,NA,NA,NA,NA,to_ad,MR-APSS,CAUSE,none,NA,NA,TRUE
fg_manning__ad_kunkle__raw,fg_manning,ad_kunkle,raw,IVW-FE,FALSE,FALSE,per unit of GWAS beta,0.1879781767177412,0.11818638205168423,-0.04366713210355991,0.4196234855390423,0.11171693156892312,19,NA,NA,NA,NA,NA,NA,NA,NA,NA,NA,19,60.50734775555917,18,1.6936383651499531e-6,0.7025154684895896,59.91657190569084,1.0847467015007537e-6,0.9376650762024406,0.02585915076018144,58074,79.30083374425716,81.10937417871847,0.02585915076018144,9.859310881965833e-4,TRUE,0,NA,NA,NA,NA,NA,NA,NA,NA,NA,NA,NA,NA,NA,NA,NA,NA,NA,NA,NA,NA,NA,NA,NA,NA,NA,NA,NA,NA,NA,NA,NA,NA,NA,NA,NA,NA,NA,NA,NA,NA,NA,NA,NA,NA,NA,NA,NA,NA,NA,NA,NA,NA,NA,NA,NA,NA,NA,NA,NA,to_ad,MR-APSS,CAUSE,none,NA,NA,FALSE
fg_manning__ad_kunkle__raw,fg_manning,ad_kunkle,raw,IVW-MRE,FALSE,FALSE,per unit of GWAS beta,0.1879781767177412,0.21668819100809217,-0.23673067765811945,0.6126870310936019,0.38566515205170293,19,1.8334446595829628,NA,NA,NA,NA,NA,NA,NA,NA,NA,19,60.50734775555917,18,1.6936383651499531e-6,0.7025154684895896,59.91657190569084,1.0847467015007537e-6,0.9376650762024406,0.02585915076018144,58074,79.30083374425716,81.10937417871847,0.02585915076018144,9.859310881965833e-4,TRUE,0,NA,NA,NA,NA,NA,NA,NA,NA,NA,NA,NA,NA,NA,NA,NA,NA,NA,NA,NA,NA,NA,NA,NA,NA,NA,NA,NA,NA,NA,NA,NA,NA,NA,NA,NA,NA,NA,NA,NA,NA,NA,NA,NA,NA,NA,NA,NA,NA,NA,NA,NA,NA,NA,NA,NA,NA,NA,NA,NA,to_ad,MR-APSS,CAUSE,none,NA,NA,FALSE
fg_manning__ad_kunkle__raw,fg_manning,ad_kunkle,raw,MR-APSS (p<5e-8),FALSE,FALSE,SD(outcome) per SD(exposure),0.05907580375855571,0.051104023881944495,-0.041088083050055506,0.15923969056716691,0.24768,20,NA,NA,NA,NA,NA,NA,NA,NA,NA,NA,NA,NA,NA,NA,NA,NA,NA,NA,NA,NA,NA,NA,NA,NA,NA,NA,NA,19.98284308307283,0.9991777264664863,2.149383670627732e-7,0.006022026083061011,0.0773737194827373,FALSE,5e-8,0.0724255091061307,0.07494084072600964,-0.0744585387168482,0.21930955692910958,1.2888974781573957e-8,9.334905604115735e-10,1.1293135476866667e-8,1.0169041942819947,0.006022026083061011,1.0250931085773296,0.005921920783612247,0.005644359909465254,NA,NA,NA,NA,NA,NA,NA,NA,NA,NA,NA,NA,NA,NA,NA,NA,NA,NA,NA,NA,NA,NA,NA,NA,NA,NA,NA,NA,NA,NA,NA,NA,NA,NA,NA,NA,NA,NA,NA,to_ad,MR-APSS,CAUSE,none,NA,NA,TRUE
fg_manning__ad_kunkle__raw,fg_manning,ad_kunkle,raw,MR-Egger,FALSE,FALSE,per unit of GWAS beta,0.3735586821917966,0.5046745179197855,-0.6156033729309829,1.362720737314576,0.46928051373618485,19,NA,-0.007049839019215281,0.017219353877340953,0.6873483718998867,NA,NA,NA,NA,NA,NA,19,60.50734775555917,18,1.6936383651499531e-6,0.7025154684895896,59.91657190569084,1.0847467015007537e-6,0.9376650762024406,0.02585915076018144,58074,79.30083374425716,81.10937417871847,0.02585915076018144,9.859310881965833e-4,TRUE,0,NA,NA,NA,NA,NA,NA,NA,NA,NA,NA,NA,NA,NA,NA,NA,NA,NA,NA,NA,NA,NA,NA,NA,NA,NA,NA,NA,NA,NA,NA,NA,NA,NA,NA,NA,NA,NA,NA,NA,NA,NA,NA,NA,NA,NA,NA,NA,NA,NA,NA,NA,NA,NA,NA,NA,NA,NA,NA,NA,to_ad,MR-APSS,CAUSE,none,NA,NA,FALSE
fg_manning__ad_kunkle__raw,fg_manning,ad_kunkle,raw,MR-PRESSO,FALSE,FALSE,per unit of GWAS beta,0.21182379344526,0.14658895664605,-0.07549056158099801,0.49913814847151805,0.167752905594969,17,NA,NA,NA,NA,0.001,2,Outlier-corrected,0.866,NA,NA,19,60.50734775555917,18,1.6936383651499531e-6,0.7025154684895896,59.91657190569084,1.0847467015007537e-6,0.9376650762024406,0.02585915076018144,58074,79.30083374425716,81.10937417871847,0.02585915076018144,9.859310881965833e-4,TRUE,0,NA,NA,NA,NA,NA,NA,NA,NA,NA,NA,NA,NA,NA,NA,NA,NA,NA,NA,NA,NA,NA,NA,NA,NA,NA,NA,NA,NA,NA,NA,NA,NA,NA,NA,NA,NA,NA,NA,NA,NA,NA,NA,NA,NA,NA,NA,NA,NA,NA,NA,NA,NA,NA,NA,NA,NA,NA,NA,NA,to_ad,MR-APSS,CAUSE,none,NA,NA,FALSE
fg_manning__ad_kunkle__raw,fg_manning,ad_kunkle,raw,MR-RAPS,FALSE,FALSE,per unit of GWAS beta,0.22605048922419105,0.20391054493271527,-0.17361417884393085,0.625715157292313,0.26761281257253444,19,NA,NA,NA,NA,NA,NA,NA,NA,NA,NA,19,60.50734775555917,18,1.6936383651499531e-6,0.7025154684895896,59.91657190569084,1.0847467015007537e-6,0.9376650762024406,0.02585915076018144,58074,79.30083374425716,81.10937417871847,0.02585915076018144,9.859310881965833e-4,TRUE,0,NA,NA,NA,NA,NA,NA,NA,NA,NA,NA,NA,NA,NA,NA,NA,NA,NA,NA,NA,NA,NA,NA,NA,NA,NA,NA,NA,NA,NA,NA,NA,NA,NA,NA,NA,NA,NA,NA,NA,NA,NA,NA,NA,NA,NA,NA,NA,NA,NA,NA,NA,NA,NA,NA,NA,NA,NA,NA,NA,to_ad,MR-APSS,CAUSE,none,TRUE,,FALSE
fg_manning__ad_kunkle__raw,fg_manning,ad_kunkle,raw,MRAID,FALSE,FALSE,SD(outcome) per SD(exposure),0.025663143040684077,0.016565429050288547,-0.006805097897881477,0.058131383979249635,0.12133393446023374,51,NA,NA,NA,NA,NA,NA,NA,NA,NA,NA,NA,NA,NA,NA,NA,NA,NA,NA,NA,NA,NA,NA,NA,NA,NA,NA,NA,NA,NA,NA,NA,NA,NA,NA,NA,NA,NA,NA,NA,NA,NA,NA,NA,NA,NA,NA,NA,NA,NA,NA,NA,NA,NA,NA,NA,NA,NA,NA,NA,NA,NA,NA,NA,NA,NA,NA,NA,NA,NA,NA,NA,NA,NA,NA,NA,NA,NA,NA,-0.0016735247513772538,0.010563644475684475,0.018327297977751626,0.9162718410233521,0.9993289944829999,27,0.5,to_ad,MR-APSS,CAUSE,none,NA,NA,FALSE
fg_manning__ad_kunkle__raw,fg_manning,ad_kunkle,raw,MRBEE,FALSE,FALSE,per unit of GWAS beta,0.2922480028263287,0.1731342644947791,-0.04709515558343835,0.6315911612360957,0.0914141512200014,19,NA,NA,NA,NA,NA,NA,NA,NA,1,0.005909004590762315,19,60.50734775555917,18,1.6936383651499531e-6,0.7025154684895896,59.91657190569084,1.0847467015007537e-6,0.9376650762024406,0.02585915076018144,58074,79.30083374425716,81.10937417871847,0.02585915076018144,9.859310881965833e-4,TRUE,0,NA,NA,NA,NA,NA,NA,NA,NA,NA,NA,NA,NA,NA,NA,NA,NA,NA,NA,NA,NA,NA,NA,NA,NA,NA,NA,NA,NA,NA,NA,NA,NA,NA,NA,NA,NA,NA,NA,NA,NA,NA,NA,NA,NA,NA,NA,NA,NA,NA,NA,NA,NA,NA,NA,NA,NA,NA,NA,NA,to_ad,MR-APSS,CAUSE,none,TRUE,,TRUE
fg_manning__ad_kunkle__raw,fg_manning,ad_kunkle,raw,Weighted median,FALSE,FALSE,per unit of GWAS beta,0.2948182292386633,0.16580737213479999,-0.03016422014554465,0.6198006786228712,0.07539125450747476,19,NA,NA,NA,NA,NA,NA,NA,NA,NA,NA,19,60.50734775555917,18,1.6936383651499531e-6,0.7025154684895896,59.91657190569084,1.0847467015007537e-6,0.9376650762024406,0.02585915076018144,58074,79.30083374425716,81.10937417871847,0.02585915076018144,9.859310881965833e-4,TRUE,0,NA,NA,NA,NA,NA,NA,NA,NA,NA,NA,NA,NA,NA,NA,NA,NA,NA,NA,NA,NA,NA,NA,NA,NA,NA,NA,NA,NA,NA,NA,NA,NA,NA,NA,NA,NA,NA,NA,NA,NA,NA,NA,NA,NA,NA,NA,NA,NA,NA,NA,NA,NA,NA,NA,NA,NA,NA,NA,NA,to_ad,MR-APSS,CAUSE,none,NA,NA,FALSE
fg_manning__ad_kunkle__raw,fg_manning,ad_kunkle,raw,Weighted mode,FALSE,FALSE,per unit of GWAS beta,0.2511337749542786,0.7335653508350704,-1.1866543126824594,1.6889218625910165,0.7360549144693891,19,NA,NA,NA,NA,NA,NA,NA,NA,NA,NA,19,60.50734775555917,18,1.6936383651499531e-6,0.7025154684895896,59.91657190569084,1.0847467015007537e-6,0.9376650762024406,0.02585915076018144,58074,79.30083374425716,81.10937417871847,0.02585915076018144,9.859310881965833e-4,TRUE,0,NA,NA,NA,NA,NA,NA,NA,NA,NA,NA,NA,NA,NA,NA,NA,NA,NA,NA,NA,NA,NA,NA,NA,NA,NA,NA,NA,NA,NA,NA,NA,NA,NA,NA,NA,NA,NA,NA,NA,NA,NA,NA,NA,NA,NA,NA,NA,NA,NA,NA,NA,NA,NA,NA,NA,NA,NA,NA,NA,to_ad,MR-APSS,CAUSE,none,NA,NA,FALSE
glu2h_chen__ad_bellenguez__raw,glu2h_chen,ad_bellenguez,raw,MR-APSS,TRUE,FALSE,SD(outcome) per SD(exposure),0.012588244156531463,0.02262896970229575,-0.03176453645996821,0.05694102477303113,0.57801,73,NA,NA,NA,NA,NA,NA,NA,NA,NA,NA,NA,NA,NA,NA,NA,NA,NA,NA,NA,NA,NA,NA,NA,NA,NA,NA,NA,22.693648247322695,0.31087253963221484,1.7460598253728522e-8,0.007798711582672065,0.014151763893689358,FALSE,5e-5,0.008479757110773775,0.043136315854801814,-0.07606742196463778,0.09302693618618532,9.577679885808302e-9,8.121639911639791e-11,3.4387926876746105e-9,1.013767518606844,0.007798711582672065,1.0910882625757226,0.007692800804457946,0.0027741069841496703,NA,NA,NA,NA,NA,NA,NA,NA,NA,NA,NA,NA,NA,NA,NA,NA,NA,NA,NA,NA,NA,NA,NA,NA,NA,NA,NA,NA,NA,NA,NA,NA,NA,NA,NA,NA,NA,NA,NA,to_ad,MR-APSS,CAUSE,none,NA,NA,TRUE
glu2h_chen__ad_bellenguez__raw,glu2h_chen,ad_bellenguez,raw,CAUSE,FALSE,TRUE,SD(outcome) per SD(exposure),0.02095143393392643,NA,-0.007145919552332306,0.0477654000507627,NA,561,NA,NA,NA,NA,NA,NA,NA,NA,NA,NA,NA,NA,NA,NA,NA,NA,NA,NA,NA,NA,NA,NA,NA,NA,NA,NA,NA,NA,NA,NA,NA,NA,NA,NA,NA,NA,NA,NA,NA,NA,NA,NA,NA,NA,NA,NA,0.06897959143282868,FALSE,0.008209965196083078,-0.017454156078460938,0.04625784617095142,-0.35485573444959106,1.3520846442459835,0.39648694522985845,0.020872855150915307,-0.008059412199750053,0.04803637117785048,-0.0187786629047029,-0.27259215658185254,0.24936878051549502,0.04580694188674292,0.001625464980330582,0.2665703784432753,-4.347361004942513e-4,-0.01969131428929372,0.013959281307961462,0.019496150266006172,-0.00608578103301814,0.04448717887635749,NA,NA,NA,0.050839311904618864,0.0016843476161040893,0.2782744439429311,-0.35485573444959106,1.3520846442459835,gamma + q*eta interval spans 0: fraction not reported,NA,NA,NA,NA,NA,NA,NA,to_ad,MR-APSS,CAUSE,none,NA,NA,TRUE
glu2h_chen__ad_bellenguez__raw,glu2h_chen,ad_bellenguez,raw,IVW-FE,FALSE,FALSE,per unit of GWAS beta,0.09979157082079948,0.03849752607456819,0.024336419714645827,0.17524672192695312,0.009537667331212963,12,NA,NA,NA,NA,NA,NA,NA,NA,NA,NA,12,16.55377323516469,11,0.12178523916088313,0.3354989316494305,16.466001169107813,0.08704712615347357,0.8757353676698695,0.011209434538058477,63396,59.28711767676538,59.87850327315742,0.011209434538058477,4.7738335315122e-5,TRUE,0,NA,NA,NA,NA,NA,NA,NA,NA,NA,NA,NA,NA,NA,NA,NA,NA,NA,NA,NA,NA,NA,NA,NA,NA,NA,NA,NA,NA,NA,NA,NA,NA,NA,NA,NA,NA,NA,NA,NA,NA,NA,NA,NA,NA,NA,NA,NA,NA,NA,NA,NA,NA,NA,NA,NA,NA,NA,NA,NA,to_ad,MR-APSS,CAUSE,none,NA,NA,FALSE
glu2h_chen__ad_bellenguez__raw,glu2h_chen,ad_bellenguez,raw,IVW-MRE,FALSE,FALSE,per unit of GWAS beta,0.09979157082079948,0.04722641509838143,0.0072277972279718855,0.19235534441362706,0.03459686114746317,12,1.226738959976434,NA,NA,NA,NA,NA,NA,NA,NA,NA,12,16.55377323516469,11,0.12178523916088313,0.3354989316494305,16.466001169107813,0.08704712615347357,0.8757353676698695,0.011209434538058477,63396,59.28711767676538,59.87850327315742,0.011209434538058477,4.7738335315122e-5,TRUE,0,NA,NA,NA,NA,NA,NA,NA,NA,NA,NA,NA,NA,NA,NA,NA,NA,NA,NA,NA,NA,NA,NA,NA,NA,NA,NA,NA,NA,NA,NA,NA,NA,NA,NA,NA,NA,NA,NA,NA,NA,NA,NA,NA,NA,NA,NA,NA,NA,NA,NA,NA,NA,NA,NA,NA,NA,NA,NA,NA,to_ad,MR-APSS,CAUSE,none,NA,NA,FALSE
glu2h_chen__ad_bellenguez__raw,glu2h_chen,ad_bellenguez,raw,MR-APSS (p<5e-8),FALSE,FALSE,SD(outcome) per SD(exposure),0.049282286915617916,0.022974378788650142,0.00425250448986364,0.09431206934137219,0.031945,12,NA,NA,NA,NA,NA,NA,NA,NA,NA,NA,NA,NA,NA,NA,NA,NA,NA,NA,NA,NA,NA,NA,NA,NA,NA,NA,NA,7.878340236685072,0.6565283387164301,4.726668292719489e-11,0.007798711582672065,0.014151763893689358,FALSE,5e-8,0.008479757110773775,0.043136315854801814,-0.07606742196463778,0.09302693618618532,9.577679885808302e-9,8.121639911639791e-11,3.4387926876746105e-9,1.013767518606844,0.007798711582672065,1.0910882625757226,0.007692800804457946,0.0027741069841496703,NA,NA,NA,NA,NA,NA,NA,NA,NA,NA,NA,NA,NA,NA,NA,NA,NA,NA,NA,NA,NA,NA,NA,NA,NA,NA,NA,NA,NA,NA,NA,NA,NA,NA,NA,NA,NA,NA,NA,to_ad,MR-APSS,CAUSE,none,NA,NA,TRUE
glu2h_chen__ad_bellenguez__raw,glu2h_chen,ad_bellenguez,raw,MR-Egger,FALSE,FALSE,per unit of GWAS beta,0.12790451106782993,0.13140416496449778,-0.1296476522625857,0.3854566743982456,0.35332711889080093,12,NA,-0.0021862078199959218,0.00946907058123197,0.8220640313233396,NA,NA,NA,NA,NA,NA,12,16.55377323516469,11,0.12178523916088313,0.3354989316494305,16.466001169107813,0.08704712615347357,0.8757353676698695,0.011209434538058477,63396,59.28711767676538,59.87850327315742,0.011209434538058477,4.7738335315122e-5,TRUE,0,NA,NA,NA,NA,NA,NA,NA,NA,NA,NA,NA,NA,NA,NA,NA,NA,NA,NA,NA,NA,NA,NA,NA,NA,NA,NA,NA,NA,NA,NA,NA,NA,NA,NA,NA,NA,NA,NA,NA,NA,NA,NA,NA,NA,NA,NA,NA,NA,NA,NA,NA,NA,NA,NA,NA,NA,NA,NA,NA,to_ad,MR-APSS,CAUSE,none,NA,NA,FALSE
glu2h_chen__ad_bellenguez__raw,glu2h_chen,ad_bellenguez,raw,MR-PRESSO,FALSE,FALSE,per unit of GWAS beta,0.0997915708207995,0.0472264150983814,0.007227797227971955,0.19235534441362703,0.0582684530183516,12,NA,NA,NA,NA,0.142,0,Raw,NA,NA,NA,12,16.55377323516469,11,0.12178523916088313,0.3354989316494305,16.466001169107813,0.08704712615347357,0.8757353676698695,0.011209434538058477,63396,59.28711767676538,59.87850327315742,0.011209434538058477,4.7738335315122e-5,TRUE,0,NA,NA,NA,NA,NA,NA,NA,NA,NA,NA,NA,NA,NA,NA,NA,NA,NA,NA,NA,NA,NA,NA,NA,NA,NA,NA,NA,NA,NA,NA,NA,NA,NA,NA,NA,NA,NA,NA,NA,NA,NA,NA,NA,NA,NA,NA,NA,NA,NA,NA,NA,NA,NA,NA,NA,NA,NA,NA,NA,to_ad,MR-APSS,CAUSE,none,NA,NA,FALSE
glu2h_chen__ad_bellenguez__raw,glu2h_chen,ad_bellenguez,raw,MR-RAPS,FALSE,FALSE,per unit of GWAS beta,0.11271025496852052,0.048875997184566145,0.01691330048677088,0.20850720945027018,0.021108111112905822,12,NA,NA,NA,NA,NA,NA,NA,NA,NA,NA,12,16.55377323516469,11,0.12178523916088313,0.3354989316494305,16.466001169107813,0.08704712615347357,0.8757353676698695,0.011209434538058477,63396,59.28711767676538,59.87850327315742,0.011209434538058477,4.7738335315122e-5,TRUE,0,NA,NA,NA,NA,NA,NA,NA,NA,NA,NA,NA,NA,NA,NA,NA,NA,NA,NA,NA,NA,NA,NA,NA,NA,NA,NA,NA,NA,NA,NA,NA,NA,NA,NA,NA,NA,NA,NA,NA,NA,NA,NA,NA,NA,NA,NA,NA,NA,NA,NA,NA,NA,NA,NA,NA,NA,NA,NA,NA,to_ad,MR-APSS,CAUSE,none,TRUE,,FALSE
glu2h_chen__ad_bellenguez__raw,glu2h_chen,ad_bellenguez,raw,MRAID,FALSE,FALSE,SD(outcome) per SD(exposure),0.030436790059939146,0.011864431976683248,0.0071825033856399816,0.05369107673423831,0.01030625246493496,25,NA,NA,NA,NA,NA,NA,NA,NA,NA,NA,NA,NA,NA,NA,NA,NA,NA,NA,NA,NA,NA,NA,NA,NA,NA,NA,NA,NA,NA,NA,NA,NA,NA,NA,NA,NA,NA,NA,NA,NA,NA,NA,NA,NA,NA,NA,NA,NA,NA,NA,NA,NA,NA,NA,NA,NA,NA,NA,NA,NA,NA,NA,NA,NA,NA,NA,NA,NA,NA,NA,NA,NA,NA,NA,NA,NA,NA,NA,-5.394718813293035e-4,0.01800462212106733,0.04084288094347034,0.9844096533867279,0.9999034136531753,15,0.5,to_ad,MR-APSS,CAUSE,none,NA,NA,FALSE
glu2h_chen__ad_bellenguez__raw,glu2h_chen,ad_bellenguez,raw,MRBEE,FALSE,FALSE,per unit of GWAS beta,0.10148294065728716,0.049724240217747885,0.0040234298305013155,0.19894245148407302,0.041259290715492176,12,NA,NA,NA,NA,NA,NA,NA,NA,0,1.8449126478050168e-4,12,16.55377323516469,11,0.12178523916088313,0.3354989316494305,16.466001169107813,0.08704712615347357,0.8757353676698695,0.011209434538058477,63396,59.28711767676538,59.87850327315742,0.011209434538058477,4.7738335315122e-5,TRUE,0,NA,NA,NA,NA,NA,NA,NA,NA,NA,NA,NA,NA,NA,NA,NA,NA,NA,NA,NA,NA,NA,NA,NA,NA,NA,NA,NA,NA,NA,NA,NA,NA,NA,NA,NA,NA,NA,NA,NA,NA,NA,NA,NA,NA,NA,NA,NA,NA,NA,NA,NA,NA,NA,NA,NA,NA,NA,NA,NA,to_ad,MR-APSS,CAUSE,none,TRUE,,TRUE
glu2h_chen__ad_bellenguez__raw,glu2h_chen,ad_bellenguez,raw,Weighted median,FALSE,FALSE,per unit of GWAS beta,0.132156514905014,0.054014940796836934,0.026287230943213627,0.2380257988668144,0.014418441545783027,12,NA,NA,NA,NA,NA,NA,NA,NA,NA,NA,12,16.55377323516469,11,0.12178523916088313,0.3354989316494305,16.466001169107813,0.08704712615347357,0.8757353676698695,0.011209434538058477,63396,59.28711767676538,59.87850327315742,0.011209434538058477,4.7738335315122e-5,TRUE,0,NA,NA,NA,NA,NA,NA,NA,NA,NA,NA,NA,NA,NA,NA,NA,NA,NA,NA,NA,NA,NA,NA,NA,NA,NA,NA,NA,NA,NA,NA,NA,NA,NA,NA,NA,NA,NA,NA,NA,NA,NA,NA,NA,NA,NA,NA,NA,NA,NA,NA,NA,NA,NA,NA,NA,NA,NA,NA,NA,to_ad,MR-APSS,CAUSE,none,NA,NA,FALSE
glu2h_chen__ad_bellenguez__raw,glu2h_chen,ad_bellenguez,raw,Weighted mode,FALSE,FALSE,per unit of GWAS beta,0.1324263374695494,0.1208704777955153,-0.10447979900966056,0.36933247394875934,0.29665941280128927,12,NA,NA,NA,NA,NA,NA,NA,NA,NA,NA,12,16.55377323516469,11,0.12178523916088313,0.3354989316494305,16.466001169107813,0.08704712615347357,0.8757353676698695,0.011209434538058477,63396,59.28711767676538,59.87850327315742,0.011209434538058477,4.7738335315122e-5,TRUE,0,NA,NA,NA,NA,NA,NA,NA,NA,NA,NA,NA,NA,NA,NA,NA,NA,NA,NA,NA,NA,NA,NA,NA,NA,NA,NA,NA,NA,NA,NA,NA,NA,NA,NA,NA,NA,NA,NA,NA,NA,NA,NA,NA,NA,NA,NA,NA,NA,NA,NA,NA,NA,NA,NA,NA,NA,NA,NA,NA,to_ad,MR-APSS,CAUSE,none,NA,NA,FALSE
glu2h_chen__ad_bellenguez__slopehunter,glu2h_chen,ad_bellenguez,slopehunter,MR-APSS,TRUE,FALSE,SD(outcome) per SD(exposure),0.027861905404380174,0.024409217662711202,-0.019980161214533783,0.07570397202329412,0.25368,67,NA,NA,NA,NA,NA,NA,NA,NA,NA,NA,NA,NA,NA,NA,NA,NA,NA,NA,NA,NA,NA,NA,NA,NA,NA,NA,NA,22.164645417412167,0.33081828711834355,2.101860363332297e-8,0.012788141586938579,-0.01269187845715839,FALSE,5e-5,-0.007612636824945315,0.04442679917041735,-0.09468916319896331,0.07946388954907269,9.308896206739672e-9,-7.086524606302018e-11,3.3490112157980865e-9,1.0138154230095069,0.012788141586938579,1.0676155873490856,0.012613875560283976,0.004548699645089049,NA,NA,NA,NA,NA,NA,NA,NA,NA,NA,NA,NA,NA,NA,NA,NA,NA,NA,NA,NA,NA,NA,NA,NA,NA,NA,NA,NA,NA,NA,NA,NA,NA,NA,NA,NA,NA,NA,NA,to_ad,MR-APSS,CAUSE,none,NA,NA,TRUE
glu2h_chen__ad_bellenguez__slopehunter,glu2h_chen,ad_bellenguez,slopehunter,CAUSE,FALSE,TRUE,SD(outcome) per SD(exposure),0.02322981978927686,NA,-0.005253123148651777,0.05200412127330548,NA,534,NA,NA,NA,NA,NA,NA,NA,NA,NA,NA,NA,NA,NA,NA,NA,NA,NA,NA,NA,NA,NA,NA,NA,NA,NA,NA,NA,NA,NA,NA,NA,NA,NA,NA,NA,NA,NA,NA,NA,NA,NA,NA,NA,NA,NA,NA,0.05671215596390916,FALSE,0.009932699720526987,-0.017579433673001608,0.04672676068942479,-0.5256227169533099,1.3582776625721107,0.3493864808818923,0.023194211755243034,-0.005413711207334514,0.0514518643397483,-0.018858494330164528,-0.264840198364014,0.228505747894054,0.04664552971400848,0.001748417471147453,0.2640289662841511,-4.318682056716859e-4,-0.02000141069934793,0.013718078025901461,0.021783280241659306,-0.005224609698763814,0.047927198022097384,NA,NA,NA,0.0511699725704437,0.0018059219300326729,0.2841503296606592,-0.5256227169533099,1.3582776625721107,gamma + q*eta interval spans 0: fraction not reported,NA,NA,NA,NA,NA,NA,NA,to_ad,MR-APSS,CAUSE,none,NA,NA,TRUE
glu2h_chen__ad_bellenguez__slopehunter,glu2h_chen,ad_bellenguez,slopehunter,IVW-FE,FALSE,FALSE,per unit of GWAS beta,0.12665063410678176,0.039751024460528625,0.04873862616414566,0.20456264204941788,0.0014420605934182633,12,NA,NA,NA,NA,NA,NA,NA,NA,NA,NA,12,11.204494549343037,11,0.4262939046154219,0.018251117749441676,11.092092937717881,0.3503882911582562,0.8757353676698695,0.011209434538058477,63396,59.28711767676538,59.87850327315742,0.011209434538058477,4.38054792106583e-5,TRUE,0,NA,NA,NA,NA,NA,NA,NA,NA,NA,NA,NA,NA,NA,NA,NA,NA,NA,NA,NA,NA,NA,NA,NA,NA,NA,NA,NA,NA,NA,NA,NA,NA,NA,NA,NA,NA,NA,NA,NA,NA,NA,NA,NA,NA,NA,NA,NA,NA,NA,NA,NA,NA,NA,NA,NA,NA,NA,NA,NA,to_ad,MR-APSS,CAUSE,none,NA,NA,FALSE
glu2h_chen__ad_bellenguez__slopehunter,glu2h_chen,ad_bellenguez,slopehunter,IVW-MRE,FALSE,FALSE,per unit of GWAS beta,0.12665063410678176,0.04011881697061886,0.04801775284436881,0.2052835153691947,0.0015946227888682608,12,1.0092524033048618,NA,NA,NA,NA,NA,NA,NA,NA,NA,12,11.204494549343037,11,0.4262939046154219,0.018251117749441676,11.092092937717881,0.3503882911582562,0.8757353676698695,0.011209434538058477,63396,59.28711767676538,59.87850327315742,0.011209434538058477,4.38054792106583e-5,TRUE,0,NA,NA,NA,NA,NA,NA,NA,NA,NA,NA,NA,NA,NA,NA,NA,NA,NA,NA,NA,NA,NA,NA,NA,NA,NA,NA,NA,NA,NA,NA,NA,NA,NA,NA,NA,NA,NA,NA,NA,NA,NA,NA,NA,NA,NA,NA,NA,NA,NA,NA,NA,NA,NA,NA,NA,NA,NA,NA,NA,to_ad,MR-APSS,CAUSE,none,NA,NA,FALSE
glu2h_chen__ad_bellenguez__slopehunter,glu2h_chen,ad_bellenguez,slopehunter,MR-APSS (p<5e-8),FALSE,FALSE,SD(outcome) per SD(exposure),0.06570386021140602,0.024683403327831317,0.01732438968885664,0.11408333073395541,0.0077709,11,NA,NA,NA,NA,NA,NA,NA,NA,NA,NA,NA,NA,NA,NA,NA,NA,NA,NA,NA,NA,NA,NA,NA,NA,NA,NA,NA,6.68670335074249,0.607882111310536,3.3107033801033507e-11,0.012788141586938579,-0.01269187845715839,FALSE,5e-8,-0.007612636824945315,0.04442679917041735,-0.09468916319896331,0.07946388954907269,9.308896206739672e-9,-7.086524606302018e-11,3.3490112157980865e-9,1.0138154230095069,0.012788141586938579,1.0676155873490856,0.012613875560283976,0.004548699645089049,NA,NA,NA,NA,NA,NA,NA,NA,NA,NA,NA,NA,NA,NA,NA,NA,NA,NA,NA,NA,NA,NA,NA,NA,NA,NA,NA,NA,NA,NA,NA,NA,NA,NA,NA,NA,NA,NA,NA,to_ad,MR-APSS,CAUSE,none,NA,NA,TRUE
glu2h_chen__ad_bellenguez__slopehunter,glu2h_chen,ad_bellenguez,slopehunter,MR-Egger,FALSE,FALSE,per unit of GWAS beta,0.09382579313815402,0.11129005136337193,-0.12430270753405497,0.311954293810363,0.4188954845418674,12,NA,0.0025549001995141514,0.008025912505996404,0.7567821783582751,NA,NA,NA,NA,NA,NA,12,11.204494549343037,11,0.4262939046154219,0.018251117749441676,11.092092937717881,0.3503882911582562,0.8757353676698695,0.011209434538058477,63396,59.28711767676538,59.87850327315742,0.011209434538058477,4.38054792106583e-5,TRUE,0,NA,NA,NA,NA,NA,NA,NA,NA,NA,NA,NA,NA,NA,NA,NA,NA,NA,NA,NA,NA,NA,NA,NA,NA,NA,NA,NA,NA,NA,NA,NA,NA,NA,NA,NA,NA,NA,NA,NA,NA,NA,NA,NA,NA,NA,NA,NA,NA,NA,NA,NA,NA,NA,NA,NA,NA,NA,NA,NA,to_ad,MR-APSS,CAUSE,none,NA,NA,FALSE
glu2h_chen__ad_bellenguez__slopehunter,glu2h_chen,ad_bellenguez,slopehunter,MR-PRESSO,FALSE,FALSE,per unit of GWAS beta,0.126650634106782,0.0401188169706189,0.048017752844368974,0.20528351536919504,0.00912941456345033,12,NA,NA,NA,NA,0.448,0,Raw,NA,NA,NA,12,11.204494549343037,11,0.4262939046154219,0.018251117749441676,11.092092937717881,0.3503882911582562,0.8757353676698695,0.011209434538058477,63396,59.28711767676538,59.87850327315742,0.011209434538058477,4.38054792106583e-5,TRUE,0,NA,NA,NA,NA,NA,NA,NA,NA,NA,NA,NA,NA,NA,NA,NA,NA,NA,NA,NA,NA,NA,NA,NA,NA,NA,NA,NA,NA,NA,NA,NA,NA,NA,NA,NA,NA,NA,NA,NA,NA,NA,NA,NA,NA,NA,NA,NA,NA,NA,NA,NA,NA,NA,NA,NA,NA,NA,NA,NA,to_ad,MR-APSS,CAUSE,none,NA,NA,FALSE
glu2h_chen__ad_bellenguez__slopehunter,glu2h_chen,ad_bellenguez,slopehunter,MR-RAPS,FALSE,FALSE,per unit of GWAS beta,0.1338728566340881,0.04400771495117073,0.04761773532979348,0.22012797793838274,0.002349872752972534,12,NA,NA,NA,NA,NA,NA,NA,NA,NA,NA,12,11.204494549343037,11,0.4262939046154219,0.018251117749441676,11.092092937717881,0.3503882911582562,0.8757353676698695,0.011209434538058477,63396,59.28711767676538,59.87850327315742,0.011209434538058477,4.38054792106583e-5,TRUE,0,NA,NA,NA,NA,NA,NA,NA,NA,NA,NA,NA,NA,NA,NA,NA,NA,NA,NA,NA,NA,NA,NA,NA,NA,NA,NA,NA,NA,NA,NA,NA,NA,NA,NA,NA,NA,NA,NA,NA,NA,NA,NA,NA,NA,NA,NA,NA,NA,NA,NA,NA,NA,NA,NA,NA,NA,NA,NA,NA,to_ad,MR-APSS,CAUSE,none,TRUE,warnings: The estimated overdispersion parameter is very small. Consider using the simple model without overdispersion.,FALSE
glu2h_chen__ad_bellenguez__slopehunter,glu2h_chen,ad_bellenguez,slopehunter,MRAID,FALSE,FALSE,SD(outcome) per SD(exposure),0.04363954490557121,0.01185542914298629,0.02040290378531808,0.06687618602582435,2.3234327921327387e-4,24,NA,NA,NA,NA,NA,NA,NA,NA,NA,NA,NA,NA,NA,NA,NA,NA,NA,NA,NA,NA,NA,NA,NA,NA,NA,NA,NA,NA,NA,NA,NA,NA,NA,NA,NA,NA,NA,NA,NA,NA,NA,NA,NA,NA,NA,NA,NA,NA,NA,NA,NA,NA,NA,NA,NA,NA,NA,NA,NA,NA,NA,NA,NA,NA,NA,NA,NA,NA,NA,NA,NA,NA,NA,NA,NA,NA,NA,NA,6.52079010987091e-4,0.01932426322281195,0.042765318858894286,0.9852205487221493,0.999913489707017,14,0.5,to_ad,MR-APSS,CAUSE,none,NA,NA,FALSE
glu2h_chen__ad_bellenguez__slopehunter,glu2h_chen,ad_bellenguez,slopehunter,MRBEE,FALSE,FALSE,per unit of GWAS beta,0.14833644989116654,0.04074289193978212,0.0684803816891936,0.22819251809313948,2.7179923414537527e-4,12,NA,NA,NA,NA,NA,NA,NA,NA,1,0.002615962809560345,12,11.204494549343037,11,0.4262939046154219,0.018251117749441676,11.092092937717881,0.3503882911582562,0.8757353676698695,0.011209434538058477,63396,59.28711767676538,59.87850327315742,0.011209434538058477,4.38054792106583e-5,TRUE,0,NA,NA,NA,NA,NA,NA,NA,NA,NA,NA,NA,NA,NA,NA,NA,NA,NA,NA,NA,NA,NA,NA,NA,NA,NA,NA,NA,NA,NA,NA,NA,NA,NA,NA,NA,NA,NA,NA,NA,NA,NA,NA,NA,NA,NA,NA,NA,NA,NA,NA,NA,NA,NA,NA,NA,NA,NA,NA,NA,to_ad,MR-APSS,CAUSE,none,TRUE,,TRUE
glu2h_chen__ad_bellenguez__slopehunter,glu2h_chen,ad_bellenguez,slopehunter,Weighted median,FALSE,FALSE,per unit of GWAS beta,0.10090227538468281,0.05425126282958613,-0.005430199761306001,0.20723475053067164,0.06289875813532976,12,NA,NA,NA,NA,NA,NA,NA,NA,NA,NA,12,11.204494549343037,11,0.4262939046154219,0.018251117749441676,11.092092937717881,0.3503882911582562,0.8757353676698695,0.011209434538058477,63396,59.28711767676538,59.87850327315742,0.011209434538058477,4.38054792106583e-5,TRUE,0,NA,NA,NA,NA,NA,NA,NA,NA,NA,NA,NA,NA,NA,NA,NA,NA,NA,NA,NA,NA,NA,NA,NA,NA,NA,NA,NA,NA,NA,NA,NA,NA,NA,NA,NA,NA,NA,NA,NA,NA,NA,NA,NA,NA,NA,NA,NA,NA,NA,NA,NA,NA,NA,NA,NA,NA,NA,NA,NA,to_ad,MR-APSS,CAUSE,none,NA,NA,FALSE
glu2h_chen__ad_bellenguez__slopehunter,glu2h_chen,ad_bellenguez,slopehunter,Weighted mode,FALSE,FALSE,per unit of GWAS beta,0.1078213619228942,0.11266204003731327,-0.11299623655023981,0.3286389603960282,0.35911166659124283,12,NA,NA,NA,NA,NA,NA,NA,NA,NA,NA,12,11.204494549343037,11,0.4262939046154219,0.018251117749441676,11.092092937717881,0.3503882911582562,0.8757353676698695,0.011209434538058477,63396,59.28711767676538,59.87850327315742,0.011209434538058477,4.38054792106583e-5,TRUE,0,NA,NA,NA,NA,NA,NA,NA,NA,NA,NA,NA,NA,NA,NA,NA,NA,NA,NA,NA,NA,NA,NA,NA,NA,NA,NA,NA,NA,NA,NA,NA,NA,NA,NA,NA,NA,NA,NA,NA,NA,NA,NA,NA,NA,NA,NA,NA,NA,NA,NA,NA,NA,NA,NA,NA,NA,NA,NA,NA,to_ad,MR-APSS,CAUSE,none,NA,NA,FALSE
glu2h_chen__ad_kunkle__raw,glu2h_chen,ad_kunkle,raw,MR-APSS,TRUE,FALSE,SD(outcome) per SD(exposure),0.06127331359480914,0.04258964239970463,-0.02220238550861192,0.1447490126982302,0.15024,73,NA,NA,NA,NA,NA,NA,NA,NA,NA,NA,NA,NA,NA,NA,NA,NA,NA,NA,NA,NA,NA,NA,NA,NA,NA,NA,NA,22.350407645485532,0.30615558124567877,7.892091821577306e-11,-0.0019153283151856822,0.18386441963440567,FALSE,5e-5,0.19774357080603855,0.0941802102435965,0.013150358728589412,0.3823367828834877,9.625411975450911e-9,1.9033633345048687e-9,1.1133422255567601e-8,1.0129365186701476,-0.0019153283151856822,1.0279761735000807,-0.0018908670779292827,-0.0018830123287491766,NA,NA,NA,NA,NA,NA,NA,NA,NA,NA,NA,NA,NA,NA,NA,NA,NA,NA,NA,NA,NA,NA,NA,NA,NA,NA,NA,NA,NA,NA,NA,NA,NA,NA,NA,NA,NA,NA,NA,to_ad,MR-APSS,CAUSE,none,NA,NA,TRUE
glu2h_chen__ad_kunkle__raw,glu2h_chen,ad_kunkle,raw,CAUSE,FALSE,TRUE,SD(outcome) per SD(exposure),0.0441880293203403,NA,-0.017900887699323822,0.10688305713699146,NA,566,NA,NA,NA,NA,NA,NA,NA,NA,NA,NA,NA,NA,NA,NA,NA,NA,NA,NA,NA,NA,NA,NA,NA,NA,NA,NA,NA,NA,NA,NA,NA,NA,NA,NA,NA,NA,NA,NA,NA,NA,NA,NA,NA,NA,NA,NA,0.08095814241657384,FALSE,0.010791025004368246,-0.05664019005666134,0.042272843152520605,-0.23707515471317997,1.1232540599959102,0.4164198258203555,0.044409603866099476,-0.0180508648376307,0.10778858508240739,-0.05898329084438547,-0.7689531825188549,0.6151808203662156,0.04331406475411672,0.0017022083549304032,0.25195791768633297,-0.001456506379916177,-0.048770388925968675,0.03006172041157157,0.04028637165722338,-0.017952493871453132,0.0985610301100234,NA,NA,NA,0.042288983350083464,0.0015878515458165635,0.2568261902650568,-0.23707515471317997,1.1232540599959102,gamma + q*eta interval spans 0: fraction not reported,NA,NA,NA,NA,NA,NA,NA,to_ad,MR-APSS,CAUSE,none,NA,NA,TRUE
glu2h_chen__ad_kunkle__raw,glu2h_chen,ad_kunkle,raw,IVW-FE,FALSE,FALSE,per unit of GWAS beta,0.039505854516090476,0.06994642868720505,-0.09758914571083141,0.17660085474301238,0.5722087217586078,12,NA,NA,NA,NA,NA,NA,NA,NA,NA,NA,12,9.267910749930786,11,0.5971779247906781,0,9.267815778974812,0.5068896011412469,0.8334556713972825,0.010404955186597994,63396,55.02647686103667,55.535955342596345,0.010404955186597994,1.4997098627656224e-4,TRUE,0,NA,NA,NA,NA,NA,NA,NA,NA,NA,NA,NA,NA,NA,NA,NA,NA,NA,NA,NA,NA,NA,NA,NA,NA,NA,NA,NA,NA,NA,NA,NA,NA,NA,NA,NA,NA,NA,NA,NA,NA,NA,NA,NA,NA,NA,NA,NA,NA,NA,NA,NA,NA,NA,NA,NA,NA,NA,NA,NA,to_ad,MR-APSS,CAUSE,none,NA,NA,FALSE
glu2h_chen__ad_kunkle__raw,glu2h_chen,ad_kunkle,raw,IVW-MRE,FALSE,FALSE,per unit of GWAS beta,0.039505854516090476,0.06994642868720505,-0.09758914571083141,0.17660085474301238,0.5722087217586078,12,0.9178983281947946,NA,NA,NA,NA,NA,NA,NA,NA,NA,12,9.267910749930786,11,0.5971779247906781,0,9.267815778974812,0.5068896011412469,0.8334556713972825,0.010404955186597994,63396,55.02647686103667,55.535955342596345,0.010404955186597994,1.4997098627656224e-4,TRUE,0,NA,NA,NA,NA,NA,NA,NA,NA,NA,NA,NA,NA,NA,NA,NA,NA,NA,NA,NA,NA,NA,NA,NA,NA,NA,NA,NA,NA,NA,NA,NA,NA,NA,NA,NA,NA,NA,NA,NA,NA,NA,NA,NA,NA,NA,NA,NA,NA,NA,NA,NA,NA,NA,NA,NA,NA,NA,NA,NA,to_ad,MR-APSS,CAUSE,none,NA,NA,FALSE
glu2h_chen__ad_kunkle__raw,glu2h_chen,ad_kunkle,raw,MR-APSS (p<5e-8),FALSE,FALSE,SD(outcome) per SD(exposure),0.05915505604111817,0.054639044956587425,-0.04793747207379318,0.16624758415602953,0.27896,12,NA,NA,NA,NA,NA,NA,NA,NA,NA,NA,NA,NA,NA,NA,NA,NA,NA,NA,NA,NA,NA,NA,NA,NA,NA,NA,NA,8.24469843279452,0.6870747758729358,7.788286746184894e-11,-0.0019153283151856822,0.18386441963440567,FALSE,5e-8,0.19774357080603855,0.0941802102435965,0.013150358728589412,0.3823367828834877,9.625411975450911e-9,1.9033633345048687e-9,1.1133422255567601e-8,1.0129365186701476,-0.0019153283151856822,1.0279761735000807,-0.0018908670779292827,-0.0018830123287491766,NA,NA,NA,NA,NA,NA,NA,NA,NA,NA,NA,NA,NA,NA,NA,NA,NA,NA,NA,NA,NA,NA,NA,NA,NA,NA,NA,NA,NA,NA,NA,NA,NA,NA,NA,NA,NA,NA,NA,to_ad,MR-APSS,CAUSE,none,NA,NA,TRUE
glu2h_chen__ad_kunkle__raw,glu2h_chen,ad_kunkle,raw,MR-Egger,FALSE,FALSE,per unit of GWAS beta,0.041352522070983826,0.20199040452365002,-0.3545486707953702,0.4372537149373379,0.8418937102221797,12,NA,-1.388170115270417e-4,0.014244502500874142,0.992416172826656,NA,NA,NA,NA,NA,NA,12,9.267910749930786,11,0.5971779247906781,0,9.267815778974812,0.5068896011412469,0.8334556713972825,0.010404955186597994,63396,55.02647686103667,55.535955342596345,0.010404955186597994,1.4997098627656224e-4,TRUE,0,NA,NA,NA,NA,NA,NA,NA,NA,NA,NA,NA,NA,NA,NA,NA,NA,NA,NA,NA,NA,NA,NA,NA,NA,NA,NA,NA,NA,NA,NA,NA,NA,NA,NA,NA,NA,NA,NA,NA,NA,NA,NA,NA,NA,NA,NA,NA,NA,NA,NA,NA,NA,NA,NA,NA,NA,NA,NA,NA,to_ad,MR-APSS,CAUSE,none,NA,NA,FALSE
glu2h_chen__ad_kunkle__raw,glu2h_chen,ad_kunkle,raw,MR-PRESSO,FALSE,FALSE,per unit of GWAS beta,0.0395058545160905,0.0642037099551819,-0.08633341699606605,0.16534512602824702,0.550861022542314,12,NA,NA,NA,NA,0.583,0,Raw,NA,NA,NA,12,9.267910749930786,11,0.5971779247906781,0,9.267815778974812,0.5068896011412469,0.8334556713972825,0.010404955186597994,63396,55.02647686103667,55.535955342596345,0.010404955186597994,1.4997098627656224e-4,TRUE,0,NA,NA,NA,NA,NA,NA,NA,NA,NA,NA,NA,NA,NA,NA,NA,NA,NA,NA,NA,NA,NA,NA,NA,NA,NA,NA,NA,NA,NA,NA,NA,NA,NA,NA,NA,NA,NA,NA,NA,NA,NA,NA,NA,NA,NA,NA,NA,NA,NA,NA,NA,NA,NA,NA,NA,NA,NA,NA,NA,to_ad,MR-APSS,CAUSE,none,NA,NA,FALSE
glu2h_chen__ad_kunkle__raw,glu2h_chen,ad_kunkle,raw,MR-RAPS,FALSE,FALSE,per unit of GWAS beta,0.04154065261587059,0.07298858233696984,-0.10151696876459029,0.18459827399633147,0.5692617775857907,12,NA,NA,NA,NA,NA,NA,NA,NA,NA,NA,12,9.267910749930786,11,0.5971779247906781,0,9.267815778974812,0.5068896011412469,0.8334556713972825,0.010404955186597994,63396,55.02647686103667,55.535955342596345,0.010404955186597994,1.4997098627656224e-4,TRUE,0,NA,NA,NA,NA,NA,NA,NA,NA,NA,NA,NA,NA,NA,NA,NA,NA,NA,NA,NA,NA,NA,NA,NA,NA,NA,NA,NA,NA,NA,NA,NA,NA,NA,NA,NA,NA,NA,NA,NA,NA,NA,NA,NA,NA,NA,NA,NA,NA,NA,NA,NA,NA,NA,NA,NA,NA,NA,NA,NA,to_ad,MR-APSS,CAUSE,none,TRUE,warnings: The estimated overdispersion parameter is very small. Consider using the simple model without overdispersion.; Estimated overdispersion is negative. Using tau2 = 0.,FALSE
glu2h_chen__ad_kunkle__raw,glu2h_chen,ad_kunkle,raw,MRAID,FALSE,FALSE,SD(outcome) per SD(exposure),0.006644422320186878,0.029718170235528613,-0.0516031913414492,0.06489203598182296,0.8230832418499517,27,NA,NA,NA,NA,NA,NA,NA,NA,NA,NA,NA,NA,NA,NA,NA,NA,NA,NA,NA,NA,NA,NA,NA,NA,NA,NA,NA,NA,NA,NA,NA,NA,NA,NA,NA,NA,NA,NA,NA,NA,NA,NA,NA,NA,NA,NA,NA,NA,NA,NA,NA,NA,NA,NA,NA,NA,NA,NA,NA,NA,NA,NA,NA,NA,NA,NA,NA,NA,NA,NA,NA,NA,NA,NA,NA,NA,NA,NA,0,0.01680134697871016,0.03796909690805071,0.9822553826028435,0.9998944087190826,15,0.5,to_ad,MR-APSS,CAUSE,none,NA,NA,FALSE
glu2h_chen__ad_kunkle__raw,glu2h_chen,ad_kunkle,raw,MRBEE,FALSE,FALSE,per unit of GWAS beta,0.040111911969879906,0.0776205827121755,-0.1120244301459841,0.1922482540857439,0.6053174130738375,12,NA,NA,NA,NA,NA,NA,NA,NA,0,0.003661067319752549,12,9.267910749930786,11,0.5971779247906781,0,9.267815778974812,0.5068896011412469,0.8334556713972825,0.010404955186597994,63396,55.02647686103667,55.535955342596345,0.010404955186597994,1.4997098627656224e-4,TRUE,0,NA,NA,NA,NA,NA,NA,NA,NA,NA,NA,NA,NA,NA,NA,NA,NA,NA,NA,NA,NA,NA,NA,NA,NA,NA,NA,NA,NA,NA,NA,NA,NA,NA,NA,NA,NA,NA,NA,NA,NA,NA,NA,NA,NA,NA,NA,NA,NA,NA,NA,NA,NA,NA,NA,NA,NA,NA,NA,NA,to_ad,MR-APSS,CAUSE,none,TRUE,,TRUE
glu2h_chen__ad_kunkle__raw,glu2h_chen,ad_kunkle,raw,Weighted median,FALSE,FALSE,per unit of GWAS beta,0.041424156165708964,0.0989127621287026,-0.15244485760654813,0.23529316993796606,0.6753660631369351,12,NA,NA,NA,NA,NA,NA,NA,NA,NA,NA,12,9.267910749930786,11,0.5971779247906781,0,9.267815778974812,0.5068896011412469,0.8334556713972825,0.010404955186597994,63396,55.02647686103667,55.535955342596345,0.010404955186597994,1.4997098627656224e-4,TRUE,0,NA,NA,NA,NA,NA,NA,NA,NA,NA,NA,NA,NA,NA,NA,NA,NA,NA,NA,NA,NA,NA,NA,NA,NA,NA,NA,NA,NA,NA,NA,NA,NA,NA,NA,NA,NA,NA,NA,NA,NA,NA,NA,NA,NA,NA,NA,NA,NA,NA,NA,NA,NA,NA,NA,NA,NA,NA,NA,NA,to_ad,MR-APSS,CAUSE,none,NA,NA,FALSE
glu2h_chen__ad_kunkle__raw,glu2h_chen,ad_kunkle,raw,Weighted mode,FALSE,FALSE,per unit of GWAS beta,0.20034357642235706,0.22209063250067787,-0.23495406327897156,0.6356412161236857,0.38634063523784457,12,NA,NA,NA,NA,NA,NA,NA,NA,NA,NA,12,9.267910749930786,11,0.5971779247906781,0,9.267815778974812,0.5068896011412469,0.8334556713972825,0.010404955186597994,63396,55.02647686103667,55.535955342596345,0.010404955186597994,1.4997098627656224e-4,TRUE,0,NA,NA,NA,NA,NA,NA,NA,NA,NA,NA,NA,NA,NA,NA,NA,NA,NA,NA,NA,NA,NA,NA,NA,NA,NA,NA,NA,NA,NA,NA,NA,NA,NA,NA,NA,NA,NA,NA,NA,NA,NA,NA,NA,NA,NA,NA,NA,NA,NA,NA,NA,NA,NA,NA,NA,NA,NA,NA,NA,to_ad,MR-APSS,CAUSE,none,NA,NA,FALSE
leanmass_pei__ad_bellenguez__raw,leanmass_pei,ad_bellenguez,raw,MR-APSS,TRUE,FALSE,SD(outcome) per SD(exposure),-0.016922360275012364,0.005374170976928882,-0.02745573538979297,-0.0063889851602317565,0.0016392,1991,NA,NA,NA,NA,NA,NA,NA,NA,NA,NA,NA,NA,NA,NA,NA,NA,NA,NA,NA,NA,NA,NA,NA,NA,NA,NA,NA,1066.807493755891,0.5358068183659518,6.603428829681583e-9,-0.01593794164113299,-0.06190586433106745,FALSE,5e-5,-0.014478561485732738,0.006256434638470681,-0.026741173377135274,-0.002215949594330203,6.197742088377313e-8,-8.973438989928456e-10,3.3901642978680085e-9,1.637248361304573,-0.01593794164113299,1.0922703030898917,-0.009734590070643593,-0.009355110958045568,NA,NA,NA,NA,NA,NA,NA,NA,NA,NA,NA,NA,NA,NA,NA,NA,NA,NA,NA,NA,NA,NA,NA,NA,NA,NA,NA,NA,NA,NA,NA,NA,NA,NA,NA,NA,NA,NA,NA,to_ad,MR-APSS,CAUSE,UKB,NA,NA,TRUE
leanmass_pei__ad_bellenguez__raw,leanmass_pei,ad_bellenguez,raw,CAUSE,FALSE,TRUE,SD(outcome) per SD(exposure),-0.009305607489913076,NA,-0.018660516363262703,-6.854097842951338e-4,NA,4285,NA,NA,NA,NA,NA,NA,NA,NA,NA,NA,NA,NA,NA,NA,NA,NA,NA,NA,NA,NA,NA,NA,NA,NA,NA,NA,NA,NA,NA,NA,NA,NA,NA,NA,NA,NA,NA,NA,NA,NA,NA,NA,NA,NA,NA,NA,0.975,TRUE,-0.037996312982789486,0.0027903840526512253,0.029758880360385955,-1.189552014966508,1.6039926229237154,0.22915898901639117,-0.00929120856798752,-0.018618121619786043,-7.134446033309141e-4,0.002840096941552529,-0.1489809751190288,0.2282190445362044,0.030092636971916338,7.145707962151795e-4,0.24431576872542737,3.9636959259041745e-5,-0.0052401063508309125,0.005423781728803055,-0.009116713835847012,-0.01688855744609429,-0.00134815522385979,-0.003709849380030663,-0.9440084146653066,0.7800196139753415,0.06427702238191627,0.0012074996878178195,0.28528347282124805,-1.189552014966508,1.6039926229237154,,NA,NA,NA,NA,NA,NA,NA,to_ad,MR-APSS,CAUSE,UKB,NA,NA,TRUE
leanmass_pei__ad_bellenguez__raw,leanmass_pei,ad_bellenguez,raw,IVW-FE,FALSE,FALSE,per unit of GWAS beta,-0.10112105873715661,0.017657535577871645,-0.13572982846978504,-0.06651228900452819,1.0234666442648276e-8,598,NA,NA,NA,NA,NA,NA,NA,NA,NA,NA,598,955.791145488319,597,4.761053247360027e-19,0.37538655508783836,954.9586178168347,4.393124912934123e-19,0.9473493628660521,0.1333684042941993,450243,100.46557306720975,115.7140395914362,0.1333684042941993,0.0020277986577658456,TRUE,0,NA,NA,NA,NA,NA,NA,NA,NA,NA,NA,NA,NA,NA,NA,NA,NA,NA,NA,NA,NA,NA,NA,NA,NA,NA,NA,NA,NA,NA,NA,NA,NA,NA,NA,NA,NA,NA,NA,NA,NA,NA,NA,NA,NA,NA,NA,NA,NA,NA,NA,NA,NA,NA,NA,NA,NA,NA,NA,NA,to_ad,MR-APSS,CAUSE,UKB,NA,NA,FALSE
leanmass_pei__ad_bellenguez__raw,leanmass_pei,ad_bellenguez,raw,IVW-MRE,FALSE,FALSE,per unit of GWAS beta,-0.10112105873715661,0.022342122354108263,-0.14491161855120882,-0.05733049892310442,6.010278069388318e-6,598,1.2653024118556682,NA,NA,NA,NA,NA,NA,NA,NA,NA,598,955.791145488319,597,4.761053247360027e-19,0.37538655508783836,954.9586178168347,4.393124912934123e-19,0.9473493628660521,0.1333684042941993,450243,100.46557306720975,115.7140395914362,0.1333684042941993,0.0020277986577658456,TRUE,0,NA,NA,NA,NA,NA,NA,NA,NA,NA,NA,NA,NA,NA,NA,NA,NA,NA,NA,NA,NA,NA,NA,NA,NA,NA,NA,NA,NA,NA,NA,NA,NA,NA,NA,NA,NA,NA,NA,NA,NA,NA,NA,NA,NA,NA,NA,NA,NA,NA,NA,NA,NA,NA,NA,NA,NA,NA,NA,NA,to_ad,MR-APSS,CAUSE,UKB,NA,NA,FALSE
leanmass_pei__ad_bellenguez__raw,leanmass_pei,ad_bellenguez,raw,MR-APSS (p<5e-8),FALSE,FALSE,SD(outcome) per SD(exposure),-0.017529153758786213,0.00572779836945343,-0.028755638562914937,-0.006302668954657491,0.0022107,1031,NA,NA,NA,NA,NA,NA,NA,NA,NA,NA,NA,NA,NA,NA,NA,NA,NA,NA,NA,NA,NA,NA,NA,NA,NA,NA,NA,685.2583218912879,0.6646478072807708,6.202447561841973e-9,-0.01593794164113299,-0.06190586433106745,FALSE,5e-8,-0.014478561485732738,0.006256434638470681,-0.026741173377135274,-0.002215949594330203,6.197742088377313e-8,-8.973438989928456e-10,3.3901642978680085e-9,1.637248361304573,-0.01593794164113299,1.0922703030898917,-0.009734590070643593,-0.009355110958045568,NA,NA,NA,NA,NA,NA,NA,NA,NA,NA,NA,NA,NA,NA,NA,NA,NA,NA,NA,NA,NA,NA,NA,NA,NA,NA,NA,NA,NA,NA,NA,NA,NA,NA,NA,NA,NA,NA,NA,to_ad,MR-APSS,CAUSE,UKB,NA,NA,TRUE
leanmass_pei__ad_bellenguez__raw,leanmass_pei,ad_bellenguez,raw,MR-Egger,FALSE,FALSE,per unit of GWAS beta,-0.13451770349890685,0.05144068036114129,-0.2353414370067438,-0.03369396999106991,0.009148372543507286,598,NA,8.296409311031955e-4,0.0011509593299476883,0.4712994646738068,NA,NA,NA,NA,NA,NA,598,955.791145488319,597,4.761053247360027e-19,0.37538655508783836,954.9586178168347,4.393124912934123e-19,0.9473493628660521,0.1333684042941993,450243,100.46557306720975,115.7140395914362,0.1333684042941993,0.0020277986577658456,TRUE,0,NA,NA,NA,NA,NA,NA,NA,NA,NA,NA,NA,NA,NA,NA,NA,NA,NA,NA,NA,NA,NA,NA,NA,NA,NA,NA,NA,NA,NA,NA,NA,NA,NA,NA,NA,NA,NA,NA,NA,NA,NA,NA,NA,NA,NA,NA,NA,NA,NA,NA,NA,NA,NA,NA,NA,NA,NA,NA,NA,to_ad,MR-APSS,CAUSE,UKB,NA,NA,FALSE
leanmass_pei__ad_bellenguez__raw,leanmass_pei,ad_bellenguez,raw,MR-PRESSO,FALSE,FALSE,per unit of GWAS beta,-0.0977703411562978,0.0206311168306676,-0.13820733014440628,-0.057333352168189314,2.69487847218379e-6,591,NA,NA,NA,NA,0.001,7,Outlier-corrected,0.866,NA,NA,598,955.791145488319,597,4.761053247360027e-19,0.37538655508783836,954.9586178168347,4.393124912934123e-19,0.9473493628660521,0.1333684042941993,450243,100.46557306720975,115.7140395914362,0.1333684042941993,0.0020277986577658456,TRUE,0,NA,NA,NA,NA,NA,NA,NA,NA,NA,NA,NA,NA,NA,NA,NA,NA,NA,NA,NA,NA,NA,NA,NA,NA,NA,NA,NA,NA,NA,NA,NA,NA,NA,NA,NA,NA,NA,NA,NA,NA,NA,NA,NA,NA,NA,NA,NA,NA,NA,NA,NA,NA,NA,NA,NA,NA,NA,NA,NA,to_ad,MR-APSS,CAUSE,UKB,NA,NA,FALSE
leanmass_pei__ad_bellenguez__raw,leanmass_pei,ad_bellenguez,raw,MR-RAPS,FALSE,FALSE,per unit of GWAS beta,-0.09484586932781747,0.021672359453294966,-0.1373236938562756,-0.05236804479935933,1.2068217776003277e-5,598,NA,NA,NA,NA,NA,NA,NA,NA,NA,NA,598,955.791145488319,597,4.761053247360027e-19,0.37538655508783836,954.9586178168347,4.393124912934123e-19,0.9473493628660521,0.1333684042941993,450243,100.46557306720975,115.7140395914362,0.1333684042941993,0.0020277986577658456,TRUE,0,NA,NA,NA,NA,NA,NA,NA,NA,NA,NA,NA,NA,NA,NA,NA,NA,NA,NA,NA,NA,NA,NA,NA,NA,NA,NA,NA,NA,NA,NA,NA,NA,NA,NA,NA,NA,NA,NA,NA,NA,NA,NA,NA,NA,NA,NA,NA,NA,NA,NA,NA,NA,NA,NA,NA,NA,NA,NA,NA,to_ad,MR-APSS,CAUSE,UKB,TRUE,,FALSE
leanmass_pei__ad_bellenguez__raw,leanmass_pei,ad_bellenguez,raw,MRBEE,FALSE,FALSE,per unit of GWAS beta,-0.09801414368574154,0.02239197313762098,-0.14190241103547865,-0.05412587633600443,1.2021368457298386e-5,598,NA,NA,NA,NA,NA,NA,NA,NA,2,-0.008392890287143311,598,955.791145488319,597,4.761053247360027e-19,0.37538655508783836,954.9586178168347,4.393124912934123e-19,0.9473493628660521,0.1333684042941993,450243,100.46557306720975,115.7140395914362,0.1333684042941993,0.0020277986577658456,TRUE,0,NA,NA,NA,NA,NA,NA,NA,NA,NA,NA,NA,NA,NA,NA,NA,NA,NA,NA,NA,NA,NA,NA,NA,NA,NA,NA,NA,NA,NA,NA,NA,NA,NA,NA,NA,NA,NA,NA,NA,NA,NA,NA,NA,NA,NA,NA,NA,NA,NA,NA,NA,NA,NA,NA,NA,NA,NA,NA,NA,to_ad,MR-APSS,CAUSE,UKB,TRUE,,TRUE
leanmass_pei__ad_bellenguez__raw,leanmass_pei,ad_bellenguez,raw,Weighted median,FALSE,FALSE,per unit of GWAS beta,-0.07967874792038969,0.031334518671053635,-0.1410944045156548,-0.01826309132512457,0.01099547583840891,598,NA,NA,NA,NA,NA,NA,NA,NA,NA,NA,598,955.791145488319,597,4.761053247360027e-19,0.37538655508783836,954.9586178168347,4.393124912934123e-19,0.9473493628660521,0.1333684042941993,450243,100.46557306720975,115.7140395914362,0.1333684042941993,0.0020277986577658456,TRUE,0,NA,NA,NA,NA,NA,NA,NA,NA,NA,NA,NA,NA,NA,NA,NA,NA,NA,NA,NA,NA,NA,NA,NA,NA,NA,NA,NA,NA,NA,NA,NA,NA,NA,NA,NA,NA,NA,NA,NA,NA,NA,NA,NA,NA,NA,NA,NA,NA,NA,NA,NA,NA,NA,NA,NA,NA,NA,NA,NA,to_ad,MR-APSS,CAUSE,UKB,NA,NA,FALSE
leanmass_pei__ad_bellenguez__raw,leanmass_pei,ad_bellenguez,raw,Weighted mode,FALSE,FALSE,per unit of GWAS beta,-0.05871758208612378,0.1559662173663267,-0.3644113681241241,0.24697620395187658,0.7066966036419129,598,NA,NA,NA,NA,NA,NA,NA,NA,NA,NA,598,955.791145488319,597,4.761053247360027e-19,0.37538655508783836,954.9586178168347,4.393124912934123e-19,0.9473493628660521,0.1333684042941993,450243,100.46557306720975,115.7140395914362,0.1333684042941993,0.0020277986577658456,TRUE,0,NA,NA,NA,NA,NA,NA,NA,NA,NA,NA,NA,NA,NA,NA,NA,NA,NA,NA,NA,NA,NA,NA,NA,NA,NA,NA,NA,NA,NA,NA,NA,NA,NA,NA,NA,NA,NA,NA,NA,NA,NA,NA,NA,NA,NA,NA,NA,NA,NA,NA,NA,NA,NA,NA,NA,NA,NA,NA,NA,to_ad,MR-APSS,CAUSE,UKB,NA,NA,FALSE
leanmass_pei__ad_bellenguez__slopehunter,leanmass_pei,ad_bellenguez,slopehunter,MR-APSS,TRUE,FALSE,SD(outcome) per SD(exposure),-0.018594457106412273,0.005448087069297841,-0.02927270776223604,-0.007916206450588506,6.4246e-4,1909,NA,NA,NA,NA,NA,NA,NA,NA,NA,NA,NA,NA,NA,NA,NA,NA,NA,NA,NA,NA,NA,NA,NA,NA,NA,NA,NA,1018.9372661741793,0.5337469327362512,5.941397283415805e-9,-0.022402613836983255,-0.07537791283788392,TRUE,5e-5,-0.01747423656395747,0.006584457311294521,-0.03037977289409473,-0.004568700233820212,6.120881345659187e-8,-1.0695772861396296e-9,3.289441494062445e-9,1.6310141443832218,-0.022402613836983255,1.0694614105847013,-0.013735389060929906,-0.013199948614624014,NA,NA,NA,NA,NA,NA,NA,NA,NA,NA,NA,NA,NA,NA,NA,NA,NA,NA,NA,NA,NA,NA,NA,NA,NA,NA,NA,NA,NA,NA,NA,NA,NA,NA,NA,NA,NA,NA,NA,to_ad,MR-APSS,CAUSE,UKB,NA,NA,TRUE
leanmass_pei__ad_bellenguez__slopehunter,leanmass_pei,ad_bellenguez,slopehunter,CAUSE,FALSE,TRUE,SD(outcome) per SD(exposure),-0.009505211416509311,NA,-0.01875062174784939,-5.801271556099381e-4,NA,4102,NA,NA,NA,NA,NA,NA,NA,NA,NA,NA,NA,NA,NA,NA,NA,NA,NA,NA,NA,NA,NA,NA,NA,NA,NA,NA,NA,NA,NA,NA,NA,NA,NA,NA,NA,NA,NA,NA,NA,NA,NA,NA,NA,NA,NA,NA,0.975,TRUE,-0.056855389561543866,-0.001493207660259756,0.027011406710332857,-1.4516811099072258,1.575099284792544,0.17835709934655605,-0.009564311412398045,-0.018695514303926315,-5.455810229702856e-4,-0.0012853365866848925,-0.23596789394033307,0.20374112295216834,0.027607703327455307,6.654348250271547e-4,0.22942808911493215,-1.736033166057144e-5,-0.005378173039492742,0.0045706462177443445,-0.009595772515276582,-0.017357850659216988,-0.0018033809929757327,0.0025025367559665295,-0.6883794719266955,0.8266349919256962,0.07432496149600384,0.0013985480614020632,0.31194788999161727,-1.4516811099072258,1.575099284792544,,NA,NA,NA,NA,NA,NA,NA,to_ad,MR-APSS,CAUSE,UKB,NA,NA,TRUE
leanmass_pei__ad_bellenguez__slopehunter,leanmass_pei,ad_bellenguez,slopehunter,IVW-FE,FALSE,FALSE,per unit of GWAS beta,-0.10731880930430654,0.01943739425535197,-0.1454161020447964,-0.06922151656381667,3.365869772679385e-8,531,NA,NA,NA,NA,NA,NA,NA,NA,NA,NA,531,824.4666677992252,530,3.52034734862909e-15,0.35716018524466775,823.8221923130916,3.1596549480748397e-15,0.9479859287348413,0.11700398521857074,450243,99.25980907388995,112.22274832826078,0.11700398521857074,0.0017536814516930504,TRUE,0,NA,NA,NA,NA,NA,NA,NA,NA,NA,NA,NA,NA,NA,NA,NA,NA,NA,NA,NA,NA,NA,NA,NA,NA,NA,NA,NA,NA,NA,NA,NA,NA,NA,NA,NA,NA,NA,NA,NA,NA,NA,NA,NA,NA,NA,NA,NA,NA,NA,NA,NA,NA,NA,NA,NA,NA,NA,NA,NA,to_ad,MR-APSS,CAUSE,UKB,NA,NA,FALSE
leanmass_pei__ad_bellenguez__slopehunter,leanmass_pei,ad_bellenguez,slopehunter,IVW-MRE,FALSE,FALSE,per unit of GWAS beta,-0.10731880930430654,0.024243016667063143,-0.1548351219717503,-0.05980249663686278,9.564456723770545e-6,531,1.2472359385511758,NA,NA,NA,NA,NA,NA,NA,NA,NA,531,824.4666677992252,530,3.52034734862909e-15,0.35716018524466775,823.8221923130916,3.1596549480748397e-15,0.9479859287348413,0.11700398521857074,450243,99.25980907388995,112.22274832826078,0.11700398521857074,0.0017536814516930504,TRUE,0,NA,NA,NA,NA,NA,NA,NA,NA,NA,NA,NA,NA,NA,NA,NA,NA,NA,NA,NA,NA,NA,NA,NA,NA,NA,NA,NA,NA,NA,NA,NA,NA,NA,NA,NA,NA,NA,NA,NA,NA,NA,NA,NA,NA,NA,NA,NA,NA,NA,NA,NA,NA,NA,NA,NA,NA,NA,NA,NA,to_ad,MR-APSS,CAUSE,UKB,NA,NA,FALSE
leanmass_pei__ad_bellenguez__slopehunter,leanmass_pei,ad_bellenguez,slopehunter,MR-APSS (p<5e-8),FALSE,FALSE,SD(outcome) per SD(exposure),-0.01903900267335927,0.005838733357779628,-0.03048292005460734,-0.007595085292111201,0.0011109,986,NA,NA,NA,NA,NA,NA,NA,NA,NA,NA,NA,NA,NA,NA,NA,NA,NA,NA,NA,NA,NA,NA,NA,NA,NA,NA,NA,646.2385346856095,0.6554088666680892,5.6934105037662404e-9,-0.022402613836983255,-0.07537791283788392,TRUE,5e-8,-0.01747423656395747,0.006584457311294521,-0.03037977289409473,-0.004568700233820212,6.120881345659187e-8,-1.0695772861396296e-9,3.289441494062445e-9,1.6310141443832218,-0.022402613836983255,1.0694614105847013,-0.013735389060929906,-0.013199948614624014,NA,NA,NA,NA,NA,NA,NA,NA,NA,NA,NA,NA,NA,NA,NA,NA,NA,NA,NA,NA,NA,NA,NA,NA,NA,NA,NA,NA,NA,NA,NA,NA,NA,NA,NA,NA,NA,NA,NA,to_ad,MR-APSS,CAUSE,UKB,NA,NA,TRUE
leanmass_pei__ad_bellenguez__slopehunter,leanmass_pei,ad_bellenguez,slopehunter,MR-Egger,FALSE,FALSE,per unit of GWAS beta,-0.13918597191496046,0.05515688694693039,-0.247293470330944,-0.031078473498976897,0.011912577705850105,531,NA,7.895359814706199e-4,0.0012273194956137186,0.5203075009623784,NA,NA,NA,NA,NA,NA,531,824.4666677992252,530,3.52034734862909e-15,0.35716018524466775,823.8221923130916,3.1596549480748397e-15,0.9479859287348413,0.11700398521857074,450243,99.25980907388995,112.22274832826078,0.11700398521857074,0.0017536814516930504,TRUE,0,NA,NA,NA,NA,NA,NA,NA,NA,NA,NA,NA,NA,NA,NA,NA,NA,NA,NA,NA,NA,NA,NA,NA,NA,NA,NA,NA,NA,NA,NA,NA,NA,NA,NA,NA,NA,NA,NA,NA,NA,NA,NA,NA,NA,NA,NA,NA,NA,NA,NA,NA,NA,NA,NA,NA,NA,NA,NA,NA,to_ad,MR-APSS,CAUSE,UKB,NA,NA,FALSE
leanmass_pei__ad_bellenguez__slopehunter,leanmass_pei,ad_bellenguez,slopehunter,MR-PRESSO,FALSE,FALSE,per unit of GWAS beta,-0.100579032330489,0.0219564756560605,-0.14361372461636757,-0.05754434004461042,5.79836069667163e-6,523,NA,NA,NA,NA,0.001,8,Outlier-corrected,0.77,NA,NA,531,824.4666677992252,530,3.52034734862909e-15,0.35716018524466775,823.8221923130916,3.1596549480748397e-15,0.9479859287348413,0.11700398521857074,450243,99.25980907388995,112.22274832826078,0.11700398521857074,0.0017536814516930504,TRUE,0,NA,NA,NA,NA,NA,NA,NA,NA,NA,NA,NA,NA,NA,NA,NA,NA,NA,NA,NA,NA,NA,NA,NA,NA,NA,NA,NA,NA,NA,NA,NA,NA,NA,NA,NA,NA,NA,NA,NA,NA,NA,NA,NA,NA,NA,NA,NA,NA,NA,NA,NA,NA,NA,NA,NA,NA,NA,NA,NA,to_ad,MR-APSS,CAUSE,UKB,NA,NA,FALSE
leanmass_pei__ad_bellenguez__slopehunter,leanmass_pei,ad_bellenguez,slopehunter,MR-RAPS,FALSE,FALSE,per unit of GWAS beta,-0.10289953825215639,0.023397918603992148,-0.148759458715981,-0.05703961778833178,1.0934997621631227e-5,531,NA,NA,NA,NA,NA,NA,NA,NA,NA,NA,531,824.4666677992252,530,3.52034734862909e-15,0.35716018524466775,823.8221923130916,3.1596549480748397e-15,0.9479859287348413,0.11700398521857074,450243,99.25980907388995,112.22274832826078,0.11700398521857074,0.0017536814516930504,TRUE,0,NA,NA,NA,NA,NA,NA,NA,NA,NA,NA,NA,NA,NA,NA,NA,NA,NA,NA,NA,NA,NA,NA,NA,NA,NA,NA,NA,NA,NA,NA,NA,NA,NA,NA,NA,NA,NA,NA,NA,NA,NA,NA,NA,NA,NA,NA,NA,NA,NA,NA,NA,NA,NA,NA,NA,NA,NA,NA,NA,to_ad,MR-APSS,CAUSE,UKB,TRUE,,FALSE
leanmass_pei__ad_bellenguez__slopehunter,leanmass_pei,ad_bellenguez,slopehunter,MRBEE,FALSE,FALSE,per unit of GWAS beta,-0.11066719826804354,0.024338156621444514,-0.1583699852460748,-0.06296441129001229,5.439900904643354e-6,531,NA,NA,NA,NA,NA,NA,NA,NA,4,-0.015418260265999082,531,824.4666677992252,530,3.52034734862909e-15,0.35716018524466775,823.8221923130916,3.1596549480748397e-15,0.9479859287348413,0.11700398521857074,450243,99.25980907388995,112.22274832826078,0.11700398521857074,0.0017536814516930504,TRUE,0,NA,NA,NA,NA,NA,NA,NA,NA,NA,NA,NA,NA,NA,NA,NA,NA,NA,NA,NA,NA,NA,NA,NA,NA,NA,NA,NA,NA,NA,NA,NA,NA,NA,NA,NA,NA,NA,NA,NA,NA,NA,NA,NA,NA,NA,NA,NA,NA,NA,NA,NA,NA,NA,NA,NA,NA,NA,NA,NA,to_ad,MR-APSS,CAUSE,UKB,TRUE,,TRUE
leanmass_pei__ad_bellenguez__slopehunter,leanmass_pei,ad_bellenguez,slopehunter,Weighted median,FALSE,FALSE,per unit of GWAS beta,-0.12815181248275032,0.03347421916485272,-0.19376128204586165,-0.06254234291963898,1.2899291864928325e-4,531,NA,NA,NA,NA,NA,NA,NA,NA,NA,NA,531,824.4666677992252,530,3.52034734862909e-15,0.35716018524466775,823.8221923130916,3.1596549480748397e-15,0.9479859287348413,0.11700398521857074,450243,99.25980907388995,112.22274832826078,0.11700398521857074,0.0017536814516930504,TRUE,0,NA,NA,NA,NA,NA,NA,NA,NA,NA,NA,NA,NA,NA,NA,NA,NA,NA,NA,NA,NA,NA,NA,NA,NA,NA,NA,NA,NA,NA,NA,NA,NA,NA,NA,NA,NA,NA,NA,NA,NA,NA,NA,NA,NA,NA,NA,NA,NA,NA,NA,NA,NA,NA,NA,NA,NA,NA,NA,NA,to_ad,MR-APSS,CAUSE,UKB,NA,NA,FALSE
leanmass_pei__ad_bellenguez__slopehunter,leanmass_pei,ad_bellenguez,slopehunter,Weighted mode,FALSE,FALSE,per unit of GWAS beta,-0.13967708721759123,0.1575580837387215,-0.44849093134548534,0.16913675691030286,0.37574391424840525,531,NA,NA,NA,NA,NA,NA,NA,NA,NA,NA,531,824.4666677992252,530,3.52034734862909e-15,0.35716018524466775,823.8221923130916,3.1596549480748397e-15,0.9479859287348413,0.11700398521857074,450243,99.25980907388995,112.22274832826078,0.11700398521857074,0.0017536814516930504,TRUE,0,NA,NA,NA,NA,NA,NA,NA,NA,NA,NA,NA,NA,NA,NA,NA,NA,NA,NA,NA,NA,NA,NA,NA,NA,NA,NA,NA,NA,NA,NA,NA,NA,NA,NA,NA,NA,NA,NA,NA,NA,NA,NA,NA,NA,NA,NA,NA,NA,NA,NA,NA,NA,NA,NA,NA,NA,NA,NA,NA,to_ad,MR-APSS,CAUSE,UKB,NA,NA,FALSE
leanmass_pei__ad_kunkle__raw,leanmass_pei,ad_kunkle,raw,MR-APSS,TRUE,FALSE,SD(outcome) per SD(exposure),-0.04114779045519213,0.01302897802104643,-0.06668458737644313,-0.015610993533941128,0.0015876,1993,NA,NA,NA,NA,NA,NA,NA,NA,NA,NA,NA,NA,NA,NA,NA,NA,NA,NA,NA,NA,NA,NA,NA,NA,NA,NA,NA,1069.164315941565,0.5364578438884895,1.9932585203133718e-8,-0.00849032175541014,-0.06383269591804087,FALSE,5e-5,-0.026641739050830053,0.014040213926032157,-0.05416055834585308,8.770802441929737e-4,6.194389341483838e-8,-1.6502930441505543e-9,1.0790393076380778e-8,1.640950597356683,-0.00849032175541014,1.0300682408749182,-0.005174026426564414,-0.013731353952607814,NA,NA,NA,NA,NA,NA,NA,NA,NA,NA,NA,NA,NA,NA,NA,NA,NA,NA,NA,NA,NA,NA,NA,NA,NA,NA,NA,NA,NA,NA,NA,NA,NA,NA,NA,NA,NA,NA,NA,to_ad,MR-APSS,CAUSE,none,NA,NA,TRUE
leanmass_pei__ad_kunkle__raw,leanmass_pei,ad_kunkle,raw,CAUSE,FALSE,TRUE,SD(outcome) per SD(exposure),-0.024310807553499812,NA,-0.047700233033446914,-0.0014112899691518508,NA,4298,NA,NA,NA,NA,NA,NA,NA,NA,NA,NA,NA,NA,NA,NA,NA,NA,NA,NA,NA,NA,NA,NA,NA,NA,NA,NA,NA,NA,NA,NA,NA,NA,NA,NA,NA,NA,NA,NA,NA,NA,NA,NA,NA,NA,NA,NA,0.975,TRUE,-0.01841396470214803,-0.015946105181737544,0.03101047076158031,-1.209151917864618,1.4740507820498685,0.20602486120636182,-0.024213340568417053,-0.04718258951102659,-0.0013315576432436664,-0.01761815878736331,-0.5671196413902826,0.4147417243955506,0.030939495923310127,8.183676721637927e-4,0.2390192547695068,-3.0714810425264887e-4,-0.016549081170004663,0.011359500124749589,-0.025256141575578074,-0.044436738859212115,-0.005788101370870305,0.013037377063464292,-0.5988282217766052,0.8599767068140818,0.09749878732360562,0.0038626948112240912,0.3263895213574379,-1.209151917864618,1.4740507820498685,,NA,NA,NA,NA,NA,NA,NA,to_ad,MR-APSS,CAUSE,none,NA,NA,TRUE
leanmass_pei__ad_kunkle__raw,leanmass_pei,ad_kunkle,raw,IVW-FE,FALSE,FALSE,per unit of GWAS beta,-0.12626108736605193,0.03308276754265814,-0.19110331174966189,-0.06141886298244198,1.3534639003172263e-4,559,NA,NA,NA,NA,NA,NA,NA,NA,NA,NA,559,741.4300773171291,558,2.824319225080101e-7,0.24740037250831845,738.950266012496,3.351123592815716e-7,0.9457028246589304,0.12245012542020572,450243,98.67491467934205,112.24889839382037,0.12245012542020572,0.011825314651597942,TRUE,13,NA,NA,NA,NA,NA,NA,NA,NA,NA,NA,NA,NA,NA,NA,NA,NA,NA,NA,NA,NA,NA,NA,NA,NA,NA,NA,NA,NA,NA,NA,NA,NA,NA,NA,NA,NA,NA,NA,NA,NA,NA,NA,NA,NA,NA,NA,NA,NA,NA,NA,NA,NA,NA,NA,NA,NA,NA,NA,NA,to_ad,MR-APSS,CAUSE,none,NA,NA,FALSE
leanmass_pei__ad_kunkle__raw,leanmass_pei,ad_kunkle,raw,IVW-MRE,FALSE,FALSE,per unit of GWAS beta,-0.12626108736605193,0.03813465606366427,-0.20100501325083392,-0.05151716148126996,9.298724543676017e-4,559,1.1527045315810427,NA,NA,NA,NA,NA,NA,NA,NA,NA,559,741.4300773171291,558,2.824319225080101e-7,0.24740037250831845,738.950266012496,3.351123592815716e-7,0.9457028246589304,0.12245012542020572,450243,98.67491467934205,112.24889839382037,0.12245012542020572,0.011825314651597942,TRUE,13,NA,NA,NA,NA,NA,NA,NA,NA,NA,NA,NA,NA,NA,NA,NA,NA,NA,NA,NA,NA,NA,NA,NA,NA,NA,NA,NA,NA,NA,NA,NA,NA,NA,NA,NA,NA,NA,NA,NA,NA,NA,NA,NA,NA,NA,NA,NA,NA,NA,NA,NA,NA,NA,NA,NA,NA,NA,NA,NA,to_ad,MR-APSS,CAUSE,none,NA,NA,FALSE
leanmass_pei__ad_kunkle__raw,leanmass_pei,ad_kunkle,raw,MR-APSS (p<5e-8),FALSE,FALSE,SD(outcome) per SD(exposure),-0.045643042522730715,0.013884075087121785,-0.07285582969348942,-0.018430255351972017,0.001011,1034,NA,NA,NA,NA,NA,NA,NA,NA,NA,NA,NA,NA,NA,NA,NA,NA,NA,NA,NA,NA,NA,NA,NA,NA,NA,NA,NA,689.0972530831266,0.6664364571466544,2.0134843594556504e-8,-0.00849032175541014,-0.06383269591804087,FALSE,5e-8,-0.026641739050830053,0.014040213926032157,-0.05416055834585308,8.770802441929737e-4,6.194389341483838e-8,-1.6502930441505543e-9,1.0790393076380778e-8,1.640950597356683,-0.00849032175541014,1.0300682408749182,-0.005174026426564414,-0.013731353952607814,NA,NA,NA,NA,NA,NA,NA,NA,NA,NA,NA,NA,NA,NA,NA,NA,NA,NA,NA,NA,NA,NA,NA,NA,NA,NA,NA,NA,NA,NA,NA,NA,NA,NA,NA,NA,NA,NA,NA,to_ad,MR-APSS,CAUSE,none,NA,NA,TRUE
leanmass_pei__ad_kunkle__raw,leanmass_pei,ad_kunkle,raw,MR-Egger,FALSE,FALSE,per unit of GWAS beta,-0.23688191196750166,0.08943478338924739,-0.41217408741042655,-0.06158973652457678,0.008310482662656191,559,NA,0.0026820364262447115,0.001961712509606348,0.17211680482325986,NA,NA,NA,NA,NA,NA,559,741.4300773171291,558,2.824319225080101e-7,0.24740037250831845,738.950266012496,3.351123592815716e-7,0.9457028246589304,0.12245012542020572,450243,98.67491467934205,112.24889839382037,0.12245012542020572,0.011825314651597942,TRUE,13,NA,NA,NA,NA,NA,NA,NA,NA,NA,NA,NA,NA,NA,NA,NA,NA,NA,NA,NA,NA,NA,NA,NA,NA,NA,NA,NA,NA,NA,NA,NA,NA,NA,NA,NA,NA,NA,NA,NA,NA,NA,NA,NA,NA,NA,NA,NA,NA,NA,NA,NA,NA,NA,NA,NA,NA,NA,NA,NA,to_ad,MR-APSS,CAUSE,none,NA,NA,FALSE
leanmass_pei__ad_kunkle__raw,leanmass_pei,ad_kunkle,raw,MR-PRESSO,FALSE,FALSE,per unit of GWAS beta,-0.132916592679308,0.0362793343297367,-0.20402408796559193,-0.061809097393024065,2.72429611525004e-4,556,NA,NA,NA,NA,0.001,3,Outlier-corrected,0.857,NA,NA,559,741.4300773171291,558,2.824319225080101e-7,0.24740037250831845,738.950266012496,3.351123592815716e-7,0.9457028246589304,0.12245012542020572,450243,98.67491467934205,112.24889839382037,0.12245012542020572,0.011825314651597942,TRUE,13,NA,NA,NA,NA,NA,NA,NA,NA,NA,NA,NA,NA,NA,NA,NA,NA,NA,NA,NA,NA,NA,NA,NA,NA,NA,NA,NA,NA,NA,NA,NA,NA,NA,NA,NA,NA,NA,NA,NA,NA,NA,NA,NA,NA,NA,NA,NA,NA,NA,NA,NA,NA,NA,NA,NA,NA,NA,NA,NA,to_ad,MR-APSS,CAUSE,none,NA,NA,FALSE
leanmass_pei__ad_kunkle__raw,leanmass_pei,ad_kunkle,raw,MR-RAPS,FALSE,FALSE,per unit of GWAS beta,-0.13215007925965175,0.038331192153216086,-0.2072792158799553,-0.05702094263934822,5.656204216415746e-4,559,NA,NA,NA,NA,NA,NA,NA,NA,NA,NA,559,741.4300773171291,558,2.824319225080101e-7,0.24740037250831845,738.950266012496,3.351123592815716e-7,0.9457028246589304,0.12245012542020572,450243,98.67491467934205,112.24889839382037,0.12245012542020572,0.011825314651597942,TRUE,13,NA,NA,NA,NA,NA,NA,NA,NA,NA,NA,NA,NA,NA,NA,NA,NA,NA,NA,NA,NA,NA,NA,NA,NA,NA,NA,NA,NA,NA,NA,NA,NA,NA,NA,NA,NA,NA,NA,NA,NA,NA,NA,NA,NA,NA,NA,NA,NA,NA,NA,NA,NA,NA,NA,NA,NA,NA,NA,NA,to_ad,MR-APSS,CAUSE,none,TRUE,,FALSE
leanmass_pei__ad_kunkle__raw,leanmass_pei,ad_kunkle,raw,MRAID,FALSE,FALSE,SD(outcome) per SD(exposure),NA,NA,NA,NA,NA,5304,NA,NA,NA,NA,NA,NA,NA,NA,NA,NA,NA,NA,NA,NA,NA,NA,NA,NA,NA,NA,NA,NA,NA,NA,NA,NA,not run: 5304 candidates > 1000 (pre-specified cap),NA,NA,NA,NA,NA,NA,NA,NA,NA,NA,NA,NA,NA,NA,NA,NA,NA,NA,NA,NA,NA,NA,NA,NA,NA,NA,NA,NA,NA,NA,NA,NA,NA,NA,NA,NA,NA,NA,NA,NA,NA,NA,NA,NA,NA,NA,NA,NA,NA,NA,NA,NA,NA,NA,NA,NA,NA,NA,to_ad,MR-APSS,CAUSE,none,NA,NA,FALSE
leanmass_pei__ad_kunkle__raw,leanmass_pei,ad_kunkle,raw,MRBEE,FALSE,FALSE,per unit of GWAS beta,-0.13756224039126388,0.03896385983261278,-0.21393140566318491,-0.06119307511934284,4.147616055317145e-4,559,NA,NA,NA,NA,NA,NA,NA,NA,2,-0.006559190614365469,559,741.4300773171291,558,2.824319225080101e-7,0.24740037250831845,738.950266012496,3.351123592815716e-7,0.9457028246589304,0.12245012542020572,450243,98.67491467934205,112.24889839382037,0.12245012542020572,0.011825314651597942,TRUE,13,NA,NA,NA,NA,NA,NA,NA,NA,NA,NA,NA,NA,NA,NA,NA,NA,NA,NA,NA,NA,NA,NA,NA,NA,NA,NA,NA,NA,NA,NA,NA,NA,NA,NA,NA,NA,NA,NA,NA,NA,NA,NA,NA,NA,NA,NA,NA,NA,NA,NA,NA,NA,NA,NA,NA,NA,NA,NA,NA,to_ad,MR-APSS,CAUSE,none,TRUE,,TRUE
leanmass_pei__ad_kunkle__raw,leanmass_pei,ad_kunkle,raw,Weighted median,FALSE,FALSE,per unit of GWAS beta,-0.1244252135680515,0.054681307748551865,-0.23160057675521317,-0.017249850380889845,0.0228782564029046,559,NA,NA,NA,NA,NA,NA,NA,NA,NA,NA,559,741.4300773171291,558,2.824319225080101e-7,0.24740037250831845,738.950266012496,3.351123592815716e-7,0.9457028246589304,0.12245012542020572,450243,98.67491467934205,112.24889839382037,0.12245012542020572,0.011825314651597942,TRUE,13,NA,NA,NA,NA,NA,NA,NA,NA,NA,NA,NA,NA,NA,NA,NA,NA,NA,NA,NA,NA,NA,NA,NA,NA,NA,NA,NA,NA,NA,NA,NA,NA,NA,NA,NA,NA,NA,NA,NA,NA,NA,NA,NA,NA,NA,NA,NA,NA,NA,NA,NA,NA,NA,NA,NA,NA,NA,NA,NA,to_ad,MR-APSS,CAUSE,none,NA,NA,FALSE
leanmass_pei__ad_kunkle__raw,leanmass_pei,ad_kunkle,raw,Weighted mode,FALSE,FALSE,per unit of GWAS beta,-0.09728329344477352,0.2532420098797972,-0.593637632809176,0.39907104591962905,0.7010125196314916,559,NA,NA,NA,NA,NA,NA,NA,NA,NA,NA,559,741.4300773171291,558,2.824319225080101e-7,0.24740037250831845,738.950266012496,3.351123592815716e-7,0.9457028246589304,0.12245012542020572,450243,98.67491467934205,112.24889839382037,0.12245012542020572,0.011825314651597942,TRUE,13,NA,NA,NA,NA,NA,NA,NA,NA,NA,NA,NA,NA,NA,NA,NA,NA,NA,NA,NA,NA,NA,NA,NA,NA,NA,NA,NA,NA,NA,NA,NA,NA,NA,NA,NA,NA,NA,NA,NA,NA,NA,NA,NA,NA,NA,NA,NA,NA,NA,NA,NA,NA,NA,NA,NA,NA,NA,NA,NA,to_ad,MR-APSS,CAUSE,none,NA,NA,FALSE
t2d_xue__ad_bellenguez__raw,t2d_xue,ad_bellenguez,raw,MR-APSS,TRUE,FALSE,SD(outcome) per SD(exposure),0.004110381795997691,0.02099682434096354,-0.03704339391229085,0.04526415750428622,0.8448,436,NA,NA,NA,NA,NA,NA,NA,NA,NA,NA,NA,NA,NA,NA,NA,NA,NA,NA,NA,NA,NA,NA,NA,NA,NA,NA,NA,173.6684883265012,0.3983446114716486,2.5211367081002976e-8,-0.006391052822928518,-0.0750702928059419,FALSE,5e-5,-0.05264006134327897,0.02945943049474473,-0.11038054511297864,0.005100422426420698,6.714546878589416e-9,-3.534541595812692e-10,3.3015149186181726e-9,1.164947010461979,-0.006391052822928518,1.0901819367092997,-0.005486131785851822,-0.0063623177926374445,NA,NA,NA,NA,NA,NA,NA,NA,NA,NA,NA,NA,NA,NA,NA,NA,NA,NA,NA,NA,NA,NA,NA,NA,NA,NA,NA,NA,NA,NA,NA,NA,NA,NA,NA,NA,NA,NA,NA,to_ad,MR-APSS,CAUSE,UKB,NA,NA,TRUE
t2d_xue__ad_bellenguez__raw,t2d_xue,ad_bellenguez,raw,CAUSE,FALSE,TRUE,SD(outcome) per SD(exposure),-0.0040096745887735555,NA,-0.0329019525558512,0.02636386461821272,NA,1399,NA,NA,NA,NA,NA,NA,NA,NA,NA,NA,NA,NA,NA,NA,NA,NA,NA,NA,NA,NA,NA,NA,NA,NA,NA,NA,NA,NA,NA,NA,NA,NA,NA,NA,NA,NA,NA,NA,NA,NA,NA,NA,NA,NA,NA,NA,0.6003198692969969,FALSE,-0.02615088604369968,-0.007642497153384812,0.027148641096416414,0.9364645500795952,0.23187188358646713,0.9999731276383395,-0.004072589698903159,-0.03286440706101422,0.026274670244071513,-0.006371347304423916,-0.8286548661669834,0.5066677514538819,0.027367722187018783,7.42756338536846e-4,0.23300518849970422,-1.0375318951180509e-4,-0.015314513130853979,0.01523361235809113,-0.004334778672256047,-0.03179518253636653,0.023309041577069166,NA,NA,NA,0.023651617240891334,6.116605168388788e-4,0.20970412469157382,0.9364645500795952,0.23187188358646713,gamma + q*eta interval spans 0: fraction not reported,NA,NA,NA,NA,NA,NA,NA,to_ad,MR-APSS,CAUSE,UKB,NA,NA,TRUE
t2d_xue__ad_bellenguez__raw,t2d_xue,ad_bellenguez,raw,IVW-FE,FALSE,FALSE,per unit of GWAS beta,-0.002150819438959066,0.01188013122214932,-0.025435876634371732,0.0211342377564536,0.8563335046147847,115,NA,NA,NA,NA,NA,NA,NA,NA,NA,NA,115,271.02855835763836,114,8.204509183773953e-15,0.5793801188671409,270.07356310260417,6.979044422595187e-15,0.9352392982232434,0.01338773498922771,655666,76.3719165867576,77.35147119026323,0.01338773498922771,5.560015285644493e-4,TRUE,1,NA,NA,NA,NA,NA,NA,NA,NA,NA,NA,NA,NA,NA,NA,NA,NA,NA,NA,NA,NA,NA,NA,NA,NA,NA,NA,NA,NA,NA,NA,NA,NA,NA,NA,NA,NA,NA,NA,NA,NA,NA,NA,NA,NA,NA,NA,NA,NA,NA,NA,NA,NA,NA,NA,NA,NA,NA,NA,NA,to_ad,MR-APSS,CAUSE,UKB,NA,NA,FALSE
t2d_xue__ad_bellenguez__raw,t2d_xue,ad_bellenguez,raw,IVW-MRE,FALSE,FALSE,per unit of GWAS beta,-0.002150819438959066,0.018317927656707974,-0.038053957646106695,0.03375231876818856,0.9065303344362328,115,1.5418960711945693,NA,NA,NA,NA,NA,NA,NA,NA,NA,115,271.02855835763836,114,8.204509183773953e-15,0.5793801188671409,270.07356310260417,6.979044422595187e-15,0.9352392982232434,0.01338773498922771,655666,76.3719165867576,77.35147119026323,0.01338773498922771,5.560015285644493e-4,TRUE,1,NA,NA,NA,NA,NA,NA,NA,NA,NA,NA,NA,NA,NA,NA,NA,NA,NA,NA,NA,NA,NA,NA,NA,NA,NA,NA,NA,NA,NA,NA,NA,NA,NA,NA,NA,NA,NA,NA,NA,NA,NA,NA,NA,NA,NA,NA,NA,NA,NA,NA,NA,NA,NA,NA,NA,NA,NA,NA,NA,to_ad,MR-APSS,CAUSE,UKB,NA,NA,FALSE
t2d_xue__ad_bellenguez__raw,t2d_xue,ad_bellenguez,raw,MR-APSS (p<5e-8),FALSE,FALSE,SD(outcome) per SD(exposure),0.010006213649862981,0.023177844482082093,-0.03542236153501792,0.055434788834743884,0.66595,125,NA,NA,NA,NA,NA,NA,NA,NA,NA,NA,NA,NA,NA,NA,NA,NA,NA,NA,NA,NA,NA,NA,NA,NA,NA,NA,NA,77.38503678801474,0.6190781937847117,2.2886038256003436e-8,-0.006391052822928518,-0.0750702928059419,FALSE,5e-8,-0.05264006134327897,0.02945943049474473,-0.11038054511297864,0.005100422426420698,6.714546878589416e-9,-3.534541595812692e-10,3.3015149186181726e-9,1.164947010461979,-0.006391052822928518,1.0901819367092997,-0.005486131785851822,-0.0063623177926374445,NA,NA,NA,NA,NA,NA,NA,NA,NA,NA,NA,NA,NA,NA,NA,NA,NA,NA,NA,NA,NA,NA,NA,NA,NA,NA,NA,NA,NA,NA,NA,NA,NA,NA,NA,NA,NA,NA,NA,to_ad,MR-APSS,CAUSE,UKB,NA,NA,TRUE
t2d_xue__ad_bellenguez__raw,t2d_xue,ad_bellenguez,raw,MR-Egger,FALSE,FALSE,per unit of GWAS beta,0.021395549930717378,0.041531656429850114,-0.06000649667178884,0.1027975965332236,0.6074458210741103,115,NA,-0.0019176396340609165,0.0030336690834724036,0.5285860444303929,NA,NA,NA,NA,NA,NA,115,271.02855835763836,114,8.204509183773953e-15,0.5793801188671409,270.07356310260417,6.979044422595187e-15,0.9352392982232434,0.01338773498922771,655666,76.3719165867576,77.35147119026323,0.01338773498922771,5.560015285644493e-4,TRUE,1,NA,NA,NA,NA,NA,NA,NA,NA,NA,NA,NA,NA,NA,NA,NA,NA,NA,NA,NA,NA,NA,NA,NA,NA,NA,NA,NA,NA,NA,NA,NA,NA,NA,NA,NA,NA,NA,NA,NA,NA,NA,NA,NA,NA,NA,NA,NA,NA,NA,NA,NA,NA,NA,NA,NA,NA,NA,NA,NA,to_ad,MR-APSS,CAUSE,UKB,NA,NA,FALSE
t2d_xue__ad_bellenguez__raw,t2d_xue,ad_bellenguez,raw,MR-PRESSO,FALSE,FALSE,per unit of GWAS beta,-3.95017269909767e-4,0.015556802250163,-0.030886349680229245,0.030096315140409714,0.979788774644324,110,NA,NA,NA,NA,0.001,5,Outlier-corrected,0.025,NA,NA,115,271.02855835763836,114,8.204509183773953e-15,0.5793801188671409,270.07356310260417,6.979044422595187e-15,0.9352392982232434,0.01338773498922771,655666,76.3719165867576,77.35147119026323,0.01338773498922771,5.560015285644493e-4,TRUE,1,NA,NA,NA,NA,NA,NA,NA,NA,NA,NA,NA,NA,NA,NA,NA,NA,NA,NA,NA,NA,NA,NA,NA,NA,NA,NA,NA,NA,NA,NA,NA,NA,NA,NA,NA,NA,NA,NA,NA,NA,NA,NA,NA,NA,NA,NA,NA,NA,NA,NA,NA,NA,NA,NA,NA,NA,NA,NA,NA,to_ad,MR-APSS,CAUSE,UKB,NA,NA,FALSE
t2d_xue__ad_bellenguez__raw,t2d_xue,ad_bellenguez,raw,MR-RAPS,FALSE,FALSE,per unit of GWAS beta,0.0014585441129037018,0.0177594952531327,-0.03335006658323639,0.036267154809043786,0.934545272917641,115,NA,NA,NA,NA,NA,NA,NA,NA,NA,NA,115,271.02855835763836,114,8.204509183773953e-15,0.5793801188671409,270.07356310260417,6.979044422595187e-15,0.9352392982232434,0.01338773498922771,655666,76.3719165867576,77.35147119026323,0.01338773498922771,5.560015285644493e-4,TRUE,1,NA,NA,NA,NA,NA,NA,NA,NA,NA,NA,NA,NA,NA,NA,NA,NA,NA,NA,NA,NA,NA,NA,NA,NA,NA,NA,NA,NA,NA,NA,NA,NA,NA,NA,NA,NA,NA,NA,NA,NA,NA,NA,NA,NA,NA,NA,NA,NA,NA,NA,NA,NA,NA,NA,NA,NA,NA,NA,NA,to_ad,MR-APSS,CAUSE,UKB,TRUE,,FALSE
t2d_xue__ad_bellenguez__raw,t2d_xue,ad_bellenguez,raw,MRBEE,FALSE,FALSE,per unit of GWAS beta,0.002177269547226863,0.017959978100465245,-0.03302428752968502,0.037378826624138745,0.9035096829627776,115,NA,NA,NA,NA,NA,NA,NA,NA,1,-0.010312375190888403,115,271.02855835763836,114,8.204509183773953e-15,0.5793801188671409,270.07356310260417,6.979044422595187e-15,0.9352392982232434,0.01338773498922771,655666,76.3719165867576,77.35147119026323,0.01338773498922771,5.560015285644493e-4,TRUE,1,NA,NA,NA,NA,NA,NA,NA,NA,NA,NA,NA,NA,NA,NA,NA,NA,NA,NA,NA,NA,NA,NA,NA,NA,NA,NA,NA,NA,NA,NA,NA,NA,NA,NA,NA,NA,NA,NA,NA,NA,NA,NA,NA,NA,NA,NA,NA,NA,NA,NA,NA,NA,NA,NA,NA,NA,NA,NA,NA,to_ad,MR-APSS,CAUSE,UKB,TRUE,,TRUE
t2d_xue__ad_bellenguez__raw,t2d_xue,ad_bellenguez,raw,Weighted median,FALSE,FALSE,per unit of GWAS beta,-0.010547142217403651,0.02428309580743191,-0.0581420099999702,0.03704772556516289,0.6640408917402689,115,NA,NA,NA,NA,NA,NA,NA,NA,NA,NA,115,271.02855835763836,114,8.204509183773953e-15,0.5793801188671409,270.07356310260417,6.979044422595187e-15,0.9352392982232434,0.01338773498922771,655666,76.3719165867576,77.35147119026323,0.01338773498922771,5.560015285644493e-4,TRUE,1,NA,NA,NA,NA,NA,NA,NA,NA,NA,NA,NA,NA,NA,NA,NA,NA,NA,NA,NA,NA,NA,NA,NA,NA,NA,NA,NA,NA,NA,NA,NA,NA,NA,NA,NA,NA,NA,NA,NA,NA,NA,NA,NA,NA,NA,NA,NA,NA,NA,NA,NA,NA,NA,NA,NA,NA,NA,NA,NA,to_ad,MR-APSS,CAUSE,UKB,NA,NA,FALSE
t2d_xue__ad_bellenguez__raw,t2d_xue,ad_bellenguez,raw,Weighted mode,FALSE,FALSE,per unit of GWAS beta,0.021112773794097702,0.13053675920750474,-0.2347392742526116,0.276964821840807,0.8717983683628702,115,NA,NA,NA,NA,NA,NA,NA,NA,NA,NA,115,271.02855835763836,114,8.204509183773953e-15,0.5793801188671409,270.07356310260417,6.979044422595187e-15,0.9352392982232434,0.01338773498922771,655666,76.3719165867576,77.35147119026323,0.01338773498922771,5.560015285644493e-4,TRUE,1,NA,NA,NA,NA,NA,NA,NA,NA,NA,NA,NA,NA,NA,NA,NA,NA,NA,NA,NA,NA,NA,NA,NA,NA,NA,NA,NA,NA,NA,NA,NA,NA,NA,NA,NA,NA,NA,NA,NA,NA,NA,NA,NA,NA,NA,NA,NA,NA,NA,NA,NA,NA,NA,NA,NA,NA,NA,NA,NA,to_ad,MR-APSS,CAUSE,UKB,NA,NA,FALSE
t2d_xue__ad_bellenguez__slopehunter,t2d_xue,ad_bellenguez,slopehunter,MR-APSS,TRUE,FALSE,SD(outcome) per SD(exposure),0.03575220635415028,0.02218352920745272,-0.007727510892457046,0.0792319236007576,0.10704,424,NA,NA,NA,NA,NA,NA,NA,NA,NA,NA,NA,NA,NA,NA,NA,NA,NA,NA,NA,NA,NA,NA,NA,NA,NA,NA,NA,166.1031936068721,0.3917514079145619,2.6433266591037645e-8,0.009226097031503816,0.04742600488279503,FALSE,5e-5,0.03326646920879198,0.030658277108176542,-0.026823753923234044,0.093356692340818,6.571543299136332e-9,2.18612042814962e-10,3.233312698566123e-9,1.167388587608377,0.009226097031503816,1.0658618277960188,0.007903192758124589,0.00916540576610523,NA,NA,NA,NA,NA,NA,NA,NA,NA,NA,NA,NA,NA,NA,NA,NA,NA,NA,NA,NA,NA,NA,NA,NA,NA,NA,NA,NA,NA,NA,NA,NA,NA,NA,NA,NA,NA,NA,NA,to_ad,MR-APSS,CAUSE,UKB,NA,NA,TRUE
t2d_xue__ad_bellenguez__slopehunter,t2d_xue,ad_bellenguez,slopehunter,CAUSE,FALSE,TRUE,SD(outcome) per SD(exposure),0.02107464529549243,NA,-0.0076337149053978025,0.0499328036921673,NA,1347,NA,NA,NA,NA,NA,NA,NA,NA,NA,NA,NA,NA,NA,NA,NA,NA,NA,NA,NA,NA,NA,NA,NA,NA,NA,NA,NA,NA,NA,NA,NA,NA,NA,NA,NA,NA,NA,NA,NA,NA,NA,NA,NA,NA,NA,NA,0.07612386320832437,FALSE,0.02282181775154394,-0.004709751289760367,0.027173722241576204,-0.2570411607042562,1.0758804658666032,0.40558676354666956,0.02125780180140774,-0.007449012547763549,0.04964398373277036,-0.005257984102141898,-0.8878131499433606,0.48106077386829765,0.026853123372844,7.161322487627945e-4,0.229233595610401,-7.286043447963774e-5,-0.014297150733237373,0.015710109384892066,0.02124528099499877,-0.005255237121209429,0.04752841214633595,NA,NA,NA,0.033521748396806314,7.907537271320406e-4,0.25214288077185465,-0.2570411607042562,1.0758804658666032,gamma + q*eta interval spans 0: fraction not reported,NA,NA,NA,NA,NA,NA,NA,to_ad,MR-APSS,CAUSE,UKB,NA,NA,TRUE
t2d_xue__ad_bellenguez__slopehunter,t2d_xue,ad_bellenguez,slopehunter,IVW-FE,FALSE,FALSE,per unit of GWAS beta,0.024595643258393852,0.012677161061852179,-2.5159242283641706e-4,0.049442878939624124,0.05236099123047494,109,NA,NA,NA,NA,NA,NA,NA,NA,NA,NA,109,237.47288784287443,108,1.0167013087150576e-11,0.5452112408240096,237.43948553291668,6.823120335063961e-12,0.9357206893259892,0.01254898559662421,655666,75.52930428916248,76.43219980177557,0.01254898559662421,4.948273999951761e-4,TRUE,1,NA,NA,NA,NA,NA,NA,NA,NA,NA,NA,NA,NA,NA,NA,NA,NA,NA,NA,NA,NA,NA,NA,NA,NA,NA,NA,NA,NA,NA,NA,NA,NA,NA,NA,NA,NA,NA,NA,NA,NA,NA,NA,NA,NA,NA,NA,NA,NA,NA,NA,NA,NA,NA,NA,NA,NA,NA,NA,NA,to_ad,MR-APSS,CAUSE,UKB,NA,NA,FALSE
t2d_xue__ad_bellenguez__slopehunter,t2d_xue,ad_bellenguez,slopehunter,IVW-MRE,FALSE,FALSE,per unit of GWAS beta,0.024595643258393852,0.018798238142355775,-0.012248903500623468,0.061440190017411175,0.190737159167616,109,1.4828428897162946,NA,NA,NA,NA,NA,NA,NA,NA,NA,109,237.47288784287443,108,1.0167013087150576e-11,0.5452112408240096,237.43948553291668,6.823120335063961e-12,0.9357206893259892,0.01254898559662421,655666,75.52930428916248,76.43219980177557,0.01254898559662421,4.948273999951761e-4,TRUE,1,NA,NA,NA,NA,NA,NA,NA,NA,NA,NA,NA,NA,NA,NA,NA,NA,NA,NA,NA,NA,NA,NA,NA,NA,NA,NA,NA,NA,NA,NA,NA,NA,NA,NA,NA,NA,NA,NA,NA,NA,NA,NA,NA,NA,NA,NA,NA,NA,NA,NA,NA,NA,NA,NA,NA,NA,NA,NA,NA,to_ad,MR-APSS,CAUSE,UKB,NA,NA,FALSE
t2d_xue__ad_bellenguez__slopehunter,t2d_xue,ad_bellenguez,slopehunter,MR-APSS (p<5e-8),FALSE,FALSE,SD(outcome) per SD(exposure),0.02933081964791012,0.02377672294980554,-0.017271557333708738,0.07593319662952898,0.21735,118,NA,NA,NA,NA,NA,NA,NA,NA,NA,NA,NA,NA,NA,NA,NA,NA,NA,NA,NA,NA,NA,NA,NA,NA,NA,NA,NA,73.17156354221244,0.6200792900323904,2.1002053967997056e-8,0.009226097031503816,0.04742600488279503,FALSE,5e-8,0.03326646920879198,0.030658277108176542,-0.026823753923234044,0.093356692340818,6.571543299136332e-9,2.18612042814962e-10,3.233312698566123e-9,1.167388587608377,0.009226097031503816,1.0658618277960188,0.007903192758124589,0.00916540576610523,NA,NA,NA,NA,NA,NA,NA,NA,NA,NA,NA,NA,NA,NA,NA,NA,NA,NA,NA,NA,NA,NA,NA,NA,NA,NA,NA,NA,NA,NA,NA,NA,NA,NA,NA,NA,NA,NA,NA,to_ad,MR-APSS,CAUSE,UKB,NA,NA,TRUE
t2d_xue__ad_bellenguez__slopehunter,t2d_xue,ad_bellenguez,slopehunter,MR-Egger,FALSE,FALSE,per unit of GWAS beta,0.019945387932352312,0.042346907146797244,-0.06305455007537028,0.10294532594007491,0.6385996564384488,109,NA,3.781198997635273e-4,0.003081951965773242,0.9025839576167647,NA,NA,NA,NA,NA,NA,109,237.47288784287443,108,1.0167013087150576e-11,0.5452112408240096,237.43948553291668,6.823120335063961e-12,0.9357206893259892,0.01254898559662421,655666,75.52930428916248,76.43219980177557,0.01254898559662421,4.948273999951761e-4,TRUE,1,NA,NA,NA,NA,NA,NA,NA,NA,NA,NA,NA,NA,NA,NA,NA,NA,NA,NA,NA,NA,NA,NA,NA,NA,NA,NA,NA,NA,NA,NA,NA,NA,NA,NA,NA,NA,NA,NA,NA,NA,NA,NA,NA,NA,NA,NA,NA,NA,NA,NA,NA,NA,NA,NA,NA,NA,NA,NA,NA,to_ad,MR-APSS,CAUSE,UKB,NA,NA,FALSE
t2d_xue__ad_bellenguez__slopehunter,t2d_xue,ad_bellenguez,slopehunter,MR-PRESSO,FALSE,FALSE,per unit of GWAS beta,0.0269681354268386,0.0167798681344455,-0.005920406116674579,0.05985667697035178,0.111019727378958,106,NA,NA,NA,NA,0.001,3,Outlier-corrected,0.895,NA,NA,109,237.47288784287443,108,1.0167013087150576e-11,0.5452112408240096,237.43948553291668,6.823120335063961e-12,0.9357206893259892,0.01254898559662421,655666,75.52930428916248,76.43219980177557,0.01254898559662421,4.948273999951761e-4,TRUE,1,NA,NA,NA,NA,NA,NA,NA,NA,NA,NA,NA,NA,NA,NA,NA,NA,NA,NA,NA,NA,NA,NA,NA,NA,NA,NA,NA,NA,NA,NA,NA,NA,NA,NA,NA,NA,NA,NA,NA,NA,NA,NA,NA,NA,NA,NA,NA,NA,NA,NA,NA,NA,NA,NA,NA,NA,NA,NA,NA,to_ad,MR-APSS,CAUSE,UKB,NA,NA,FALSE
t2d_xue__ad_bellenguez__slopehunter,t2d_xue,ad_bellenguez,slopehunter,MR-RAPS,FALSE,FALSE,per unit of GWAS beta,0.03396862365155464,0.018356390102880184,-0.002009900950090522,0.06994714825319981,0.06424054716346972,109,NA,NA,NA,NA,NA,NA,NA,NA,NA,NA,109,237.47288784287443,108,1.0167013087150576e-11,0.5452112408240096,237.43948553291668,6.823120335063961e-12,0.9357206893259892,0.01254898559662421,655666,75.52930428916248,76.43219980177557,0.01254898559662421,4.948273999951761e-4,TRUE,1,NA,NA,NA,NA,NA,NA,NA,NA,NA,NA,NA,NA,NA,NA,NA,NA,NA,NA,NA,NA,NA,NA,NA,NA,NA,NA,NA,NA,NA,NA,NA,NA,NA,NA,NA,NA,NA,NA,NA,NA,NA,NA,NA,NA,NA,NA,NA,NA,NA,NA,NA,NA,NA,NA,NA,NA,NA,NA,NA,to_ad,MR-APSS,CAUSE,UKB,TRUE,,FALSE
t2d_xue__ad_bellenguez__slopehunter,t2d_xue,ad_bellenguez,slopehunter,MRBEE,FALSE,FALSE,per unit of GWAS beta,0.029232873201767477,0.019349557691227676,-0.008692259873038767,0.06715800627657373,0.13084519118080773,109,NA,NA,NA,NA,NA,NA,NA,NA,1,0.009236279280980942,109,237.47288784287443,108,1.0167013087150576e-11,0.5452112408240096,237.43948553291668,6.823120335063961e-12,0.9357206893259892,0.01254898559662421,655666,75.52930428916248,76.43219980177557,0.01254898559662421,4.948273999951761e-4,TRUE,1,NA,NA,NA,NA,NA,NA,NA,NA,NA,NA,NA,NA,NA,NA,NA,NA,NA,NA,NA,NA,NA,NA,NA,NA,NA,NA,NA,NA,NA,NA,NA,NA,NA,NA,NA,NA,NA,NA,NA,NA,NA,NA,NA,NA,NA,NA,NA,NA,NA,NA,NA,NA,NA,NA,NA,NA,NA,NA,NA,to_ad,MR-APSS,CAUSE,UKB,TRUE,,TRUE
t2d_xue__ad_bellenguez__slopehunter,t2d_xue,ad_bellenguez,slopehunter,Weighted median,FALSE,FALSE,per unit of GWAS beta,0.0038822198947937297,0.02536443939864731,-0.045832081326554995,0.05359652111614246,0.8783528622228479,109,NA,NA,NA,NA,NA,NA,NA,NA,NA,NA,109,237.47288784287443,108,1.0167013087150576e-11,0.5452112408240096,237.43948553291668,6.823120335063961e-12,0.9357206893259892,0.01254898559662421,655666,75.52930428916248,76.43219980177557,0.01254898559662421,4.948273999951761e-4,TRUE,1,NA,NA,NA,NA,NA,NA,NA,NA,NA,NA,NA,NA,NA,NA,NA,NA,NA,NA,NA,NA,NA,NA,NA,NA,NA,NA,NA,NA,NA,NA,NA,NA,NA,NA,NA,NA,NA,NA,NA,NA,NA,NA,NA,NA,NA,NA,NA,NA,NA,NA,NA,NA,NA,NA,NA,NA,NA,NA,NA,to_ad,MR-APSS,CAUSE,UKB,NA,NA,FALSE
t2d_xue__ad_bellenguez__slopehunter,t2d_xue,ad_bellenguez,slopehunter,Weighted mode,FALSE,FALSE,per unit of GWAS beta,0.023244693263580203,0.1479112138720115,-0.2666612859255624,0.31315067245272277,0.8754176794504356,109,NA,NA,NA,NA,NA,NA,NA,NA,NA,NA,109,237.47288784287443,108,1.0167013087150576e-11,0.5452112408240096,237.43948553291668,6.823120335063961e-12,0.9357206893259892,0.01254898559662421,655666,75.52930428916248,76.43219980177557,0.01254898559662421,4.948273999951761e-4,TRUE,1,NA,NA,NA,NA,NA,NA,NA,NA,NA,NA,NA,NA,NA,NA,NA,NA,NA,NA,NA,NA,NA,NA,NA,NA,NA,NA,NA,NA,NA,NA,NA,NA,NA,NA,NA,NA,NA,NA,NA,NA,NA,NA,NA,NA,NA,NA,NA,NA,NA,NA,NA,NA,NA,NA,NA,NA,NA,NA,NA,to_ad,MR-APSS,CAUSE,UKB,NA,NA,FALSE
t2d_xue__ad_kunkle__raw,t2d_xue,ad_kunkle,raw,MR-APSS,TRUE,FALSE,SD(outcome) per SD(exposure),0.028031715224347276,0.04638821909506031,-0.06288919420197092,0.11895262465066547,0.54565,441,NA,NA,NA,NA,NA,NA,NA,NA,NA,NA,NA,NA,NA,NA,NA,NA,NA,NA,NA,NA,NA,NA,NA,NA,NA,NA,NA,174.33977496497886,0.39533710270507755,5.7858687635505605e-8,0.016181285539340957,-0.014512499025587674,FALSE,5e-5,-0.01749105527667034,0.07118441916650944,-0.15701251684302883,0.12203040628968816,6.716809940940682e-9,-1.1748409395988232e-10,9.756873561717984e-9,1.164536589123344,0.016181285539340957,1.0357265226191497,0.013895042620792303,0.04450024989682969,NA,NA,NA,NA,NA,NA,NA,NA,NA,NA,NA,NA,NA,NA,NA,NA,NA,NA,NA,NA,NA,NA,NA,NA,NA,NA,NA,NA,NA,NA,NA,NA,NA,NA,NA,NA,NA,NA,NA,to_ad,MR-APSS,CAUSE,none,NA,NA,TRUE
t2d_xue__ad_kunkle__raw,t2d_xue,ad_kunkle,raw,CAUSE,FALSE,TRUE,SD(outcome) per SD(exposure),0.026892363933887616,NA,-0.043648672357975614,0.10657197847716209,NA,1404,NA,NA,NA,NA,NA,NA,NA,NA,NA,NA,NA,NA,NA,NA,NA,NA,NA,NA,NA,NA,NA,NA,NA,NA,NA,NA,NA,NA,NA,NA,NA,NA,NA,NA,NA,NA,NA,NA,NA,NA,NA,NA,NA,NA,NA,NA,0.232371790842369,FALSE,0.010061235782720428,-0.09199927370572343,0.036584845373024644,0.6178478618551217,0.6561388252109511,0.8268120151217377,0.026810525058086426,-0.04310927229294718,0.10698709143291771,-0.09877555724251301,-1.4405232129969587,1.177318851538686,0.03631353443010275,0.001136937548260609,0.23854589231107654,-0.0021296009147621486,-0.06309544633062134,0.04808879816722394,0.023036137300920353,-0.04025487876178948,0.08582862025537143,NA,NA,NA,0.0298561060323728,8.679473378518379e-4,0.21905401079019368,0.6178478618551217,0.6561388252109511,gamma + q*eta interval spans 0: fraction not reported,NA,NA,NA,NA,NA,NA,NA,to_ad,MR-APSS,CAUSE,none,NA,NA,TRUE
t2d_xue__ad_kunkle__raw,t2d_xue,ad_kunkle,raw,IVW-FE,FALSE,FALSE,per unit of GWAS beta,-0.018449569790552928,0.02144104998563881,-0.06047402776240499,0.023574888181299138,0.38952514352915374,109,NA,NA,NA,NA,NA,NA,NA,NA,NA,NA,109,176.8307698350664,108,3.296563942021775e-5,0.3892465655115693,174.39183802977212,4.200741175157995e-5,0.9374972163033559,0.01289739440344891,655666,77.62600504786029,78.58198250529641,0.01289739440344891,0.0027776250600455563,TRUE,10,NA,NA,NA,NA,NA,NA,NA,NA,NA,NA,NA,NA,NA,NA,NA,NA,NA,NA,NA,NA,NA,NA,NA,NA,NA,NA,NA,NA,NA,NA,NA,NA,NA,NA,NA,NA,NA,NA,NA,NA,NA,NA,NA,NA,NA,NA,NA,NA,NA,NA,NA,NA,NA,NA,NA,NA,NA,NA,NA,to_ad,MR-APSS,CAUSE,none,NA,NA,FALSE
t2d_xue__ad_kunkle__raw,t2d_xue,ad_kunkle,raw,IVW-MRE,FALSE,FALSE,per unit of GWAS beta,-0.018449569790552928,0.02743551332561069,-0.07222317590874988,0.03532403632764402,0.5012842971578555,109,1.2795788146563234,NA,NA,NA,NA,NA,NA,NA,NA,NA,109,176.8307698350664,108,3.296563942021775e-5,0.3892465655115693,174.39183802977212,4.200741175157995e-5,0.9374972163033559,0.01289739440344891,655666,77.62600504786029,78.58198250529641,0.01289739440344891,0.0027776250600455563,TRUE,10,NA,NA,NA,NA,NA,NA,NA,NA,NA,NA,NA,NA,NA,NA,NA,NA,NA,NA,NA,NA,NA,NA,NA,NA,NA,NA,NA,NA,NA,NA,NA,NA,NA,NA,NA,NA,NA,NA,NA,NA,NA,NA,NA,NA,NA,NA,NA,NA,NA,NA,NA,NA,NA,NA,NA,NA,NA,NA,NA,to_ad,MR-APSS,CAUSE,none,NA,NA,FALSE
t2d_xue__ad_kunkle__raw,t2d_xue,ad_kunkle,raw,MR-APSS (p<5e-8),FALSE,FALSE,SD(outcome) per SD(exposure),0.023925468750201965,0.05301367122533781,-0.07998132685146014,0.12783226435186407,0.65177,126,NA,NA,NA,NA,NA,NA,NA,NA,NA,NA,NA,NA,NA,NA,NA,NA,NA,NA,NA,NA,NA,NA,NA,NA,NA,NA,NA,77.31166043991777,0.6135825830448048,6.37704763331035e-8,0.016181285539340957,-0.014512499025587674,FALSE,5e-8,-0.01749105527667034,0.07118441916650944,-0.15701251684302883,0.12203040628968816,6.716809940940682e-9,-1.1748409395988232e-10,9.756873561717984e-9,1.164536589123344,0.016181285539340957,1.0357265226191497,0.013895042620792303,0.04450024989682969,NA,NA,NA,NA,NA,NA,NA,NA,NA,NA,NA,NA,NA,NA,NA,NA,NA,NA,NA,NA,NA,NA,NA,NA,NA,NA,NA,NA,NA,NA,NA,NA,NA,NA,NA,NA,NA,NA,NA,to_ad,MR-APSS,CAUSE,none,NA,NA,TRUE
t2d_xue__ad_kunkle__raw,t2d_xue,ad_kunkle,raw,MR-Egger,FALSE,FALSE,per unit of GWAS beta,0.048641466844639165,0.06129617464942261,-0.07149903546822914,0.16878196915750748,0.4292147775722488,109,NA,-0.0055126001574395955,0.0045063804404977025,0.22390825007619133,NA,NA,NA,NA,NA,NA,109,176.8307698350664,108,3.296563942021775e-5,0.3892465655115693,174.39183802977212,4.200741175157995e-5,0.9374972163033559,0.01289739440344891,655666,77.62600504786029,78.58198250529641,0.01289739440344891,0.0027776250600455563,TRUE,10,NA,NA,NA,NA,NA,NA,NA,NA,NA,NA,NA,NA,NA,NA,NA,NA,NA,NA,NA,NA,NA,NA,NA,NA,NA,NA,NA,NA,NA,NA,NA,NA,NA,NA,NA,NA,NA,NA,NA,NA,NA,NA,NA,NA,NA,NA,NA,NA,NA,NA,NA,NA,NA,NA,NA,NA,NA,NA,NA,to_ad,MR-APSS,CAUSE,none,NA,NA,FALSE
t2d_xue__ad_kunkle__raw,t2d_xue,ad_kunkle,raw,MR-PRESSO,FALSE,FALSE,per unit of GWAS beta,-0.00974217071319335,0.0264510767510895,-0.06158628114532877,0.042101939718942064,0.713370467510646,108,NA,NA,NA,NA,0.001,1,Outlier-corrected,0.368,NA,NA,109,176.8307698350664,108,3.296563942021775e-5,0.3892465655115693,174.39183802977212,4.200741175157995e-5,0.9374972163033559,0.01289739440344891,655666,77.62600504786029,78.58198250529641,0.01289739440344891,0.0027776250600455563,TRUE,10,NA,NA,NA,NA,NA,NA,NA,NA,NA,NA,NA,NA,NA,NA,NA,NA,NA,NA,NA,NA,NA,NA,NA,NA,NA,NA,NA,NA,NA,NA,NA,NA,NA,NA,NA,NA,NA,NA,NA,NA,NA,NA,NA,NA,NA,NA,NA,NA,NA,NA,NA,NA,NA,NA,NA,NA,NA,NA,NA,to_ad,MR-APSS,CAUSE,none,NA,NA,FALSE
t2d_xue__ad_kunkle__raw,t2d_xue,ad_kunkle,raw,MR-RAPS,FALSE,FALSE,per unit of GWAS beta,-0.006888893166508877,0.028343980835084888,-0.06244309560327525,0.0486653092702575,0.8079697080744642,109,NA,NA,NA,NA,NA,NA,NA,NA,NA,NA,109,176.8307698350664,108,3.296563942021775e-5,0.3892465655115693,174.39183802977212,4.200741175157995e-5,0.9374972163033559,0.01289739440344891,655666,77.62600504786029,78.58198250529641,0.01289739440344891,0.0027776250600455563,TRUE,10,NA,NA,NA,NA,NA,NA,NA,NA,NA,NA,NA,NA,NA,NA,NA,NA,NA,NA,NA,NA,NA,NA,NA,NA,NA,NA,NA,NA,NA,NA,NA,NA,NA,NA,NA,NA,NA,NA,NA,NA,NA,NA,NA,NA,NA,NA,NA,NA,NA,NA,NA,NA,NA,NA,NA,NA,NA,NA,NA,to_ad,MR-APSS,CAUSE,none,TRUE,,FALSE
t2d_xue__ad_kunkle__raw,t2d_xue,ad_kunkle,raw,MRAID,FALSE,FALSE,SD(outcome) per SD(exposure),0.06602109910924907,0.034390504873435944,-0.0013842904426853847,0.1334264886611835,0.0548897521287746,286,NA,NA,NA,NA,NA,NA,NA,NA,NA,NA,NA,NA,NA,NA,NA,NA,NA,NA,NA,NA,NA,NA,NA,NA,NA,NA,NA,NA,NA,NA,NA,NA,NA,NA,NA,NA,NA,NA,NA,NA,NA,NA,NA,NA,NA,NA,NA,NA,NA,NA,NA,NA,NA,NA,NA,NA,NA,NA,NA,NA,NA,NA,NA,NA,NA,NA,NA,NA,NA,NA,NA,NA,NA,NA,NA,NA,NA,NA,0,0.001558849266504702,0.0029671478897290945,0.9695714754212976,0.9911991032496417,163,0.5,to_ad,MR-APSS,CAUSE,none,NA,NA,FALSE
t2d_xue__ad_kunkle__raw,t2d_xue,ad_kunkle,raw,MRBEE,FALSE,FALSE,per unit of GWAS beta,-0.01862710437771702,0.028194855025734974,-0.07388902022815756,0.03663481147272353,0.5088328508137026,109,NA,NA,NA,NA,NA,NA,NA,NA,0,-0.0027225831903938437,109,176.8307698350664,108,3.296563942021775e-5,0.3892465655115693,174.39183802977212,4.200741175157995e-5,0.9374972163033559,0.01289739440344891,655666,77.62600504786029,78.58198250529641,0.01289739440344891,0.0027776250600455563,TRUE,10,NA,NA,NA,NA,NA,NA,NA,NA,NA,NA,NA,NA,NA,NA,NA,NA,NA,NA,NA,NA,NA,NA,NA,NA,NA,NA,NA,NA,NA,NA,NA,NA,NA,NA,NA,NA,NA,NA,NA,NA,NA,NA,NA,NA,NA,NA,NA,NA,NA,NA,NA,NA,NA,NA,NA,NA,NA,NA,NA,to_ad,MR-APSS,CAUSE,none,TRUE,,TRUE
t2d_xue__ad_kunkle__raw,t2d_xue,ad_kunkle,raw,Weighted median,FALSE,FALSE,per unit of GWAS beta,-0.005104645290725495,0.04291494101396308,-0.08921792967809312,0.07900863909664214,0.9053165737215032,109,NA,NA,NA,NA,NA,NA,NA,NA,NA,NA,109,176.8307698350664,108,3.296563942021775e-5,0.3892465655115693,174.39183802977212,4.200741175157995e-5,0.9374972163033559,0.01289739440344891,655666,77.62600504786029,78.58198250529641,0.01289739440344891,0.0027776250600455563,TRUE,10,NA,NA,NA,NA,NA,NA,NA,NA,NA,NA,NA,NA,NA,NA,NA,NA,NA,NA,NA,NA,NA,NA,NA,NA,NA,NA,NA,NA,NA,NA,NA,NA,NA,NA,NA,NA,NA,NA,NA,NA,NA,NA,NA,NA,NA,NA,NA,NA,NA,NA,NA,NA,NA,NA,NA,NA,NA,NA,NA,to_ad,MR-APSS,CAUSE,none,NA,NA,FALSE
t2d_xue__ad_kunkle__raw,t2d_xue,ad_kunkle,raw,Weighted mode,FALSE,FALSE,per unit of GWAS beta,0.01996882340095488,0.2562511893036035,-0.48228350763410793,0.5222211544360177,0.9380305100059686,109,NA,NA,NA,NA,NA,NA,NA,NA,NA,NA,109,176.8307698350664,108,3.296563942021775e-5,0.3892465655115693,174.39183802977212,4.200741175157995e-5,0.9374972163033559,0.01289739440344891,655666,77.62600504786029,78.58198250529641,0.01289739440344891,0.0027776250600455563,TRUE,10,NA,NA,NA,NA,NA,NA,NA,NA,NA,NA,NA,NA,NA,NA,NA,NA,NA,NA,NA,NA,NA,NA,NA,NA,NA,NA,NA,NA,NA,NA,NA,NA,NA,NA,NA,NA,NA,NA,NA,NA,NA,NA,NA,NA,NA,NA,NA,NA,NA,NA,NA,NA,NA,NA,NA,NA,NA,NA,NA,to_ad,MR-APSS,CAUSE,none,NA,NA,FALSE
ad_bellenguez__bmi_ukb__raw,ad_bellenguez,bmi_ukb,raw,MR-APSS,TRUE,FALSE,SD(outcome) per SD(exposure),-0.0833905678927732,0.04868123582732387,-0.17880579011432798,0.012024654328781581,0.086714,192,NA,NA,NA,NA,NA,NA,NA,NA,NA,NA,NA,NA,NA,NA,NA,NA,NA,NA,NA,NA,NA,NA,NA,NA,NA,NA,NA,79.11969011835978,0.4120603110153965,9.06070951353818e-8,-0.019577484162840733,-0.11043287017128382,FALSE,5e-5,-0.3797612187434603,0.11200723779554374,-0.599295404822726,-0.16022703266419458,3.3906587988287445e-9,-1.2876407177864411e-9,4.0096696615141916e-8,1.0926420102098149,-0.019577484162840733,1.3397075294597958,-0.017917564929689423,-0.01854901557923561,NA,NA,NA,NA,NA,NA,NA,NA,NA,NA,NA,NA,NA,NA,NA,NA,NA,NA,NA,NA,NA,NA,NA,NA,NA,NA,NA,NA,NA,NA,NA,NA,NA,NA,NA,NA,NA,NA,NA,to_ad_reverse,MR-APSS,CAUSE,UKB,NA,NA,TRUE
ad_bellenguez__bmi_ukb__raw,ad_bellenguez,bmi_ukb,raw,CAUSE,FALSE,TRUE,SD(outcome) per SD(exposure),-0.060031664716039435,NA,-0.11941651284566915,0.009842864198405011,NA,929,NA,NA,NA,NA,NA,NA,NA,NA,NA,NA,NA,NA,NA,NA,NA,NA,NA,NA,NA,NA,NA,NA,NA,NA,NA,NA,NA,NA,NA,NA,NA,NA,NA,NA,NA,NA,NA,NA,NA,NA,NA,NA,NA,NA,NA,NA,0.9595166381451787,FALSE,-0.06363020172809612,0.002408439528874066,0.03349675341168308,-0.8060017833896613,1.5867815782381536,0.3057450703703875,-0.05991267101538206,-0.11832647102541062,0.0077717534234481855,-8.147501424917748e-5,-1.0506992547373062,1.0673884194574683,0.03349110076747998,9.418292763652375e-4,0.25536895577167806,-4.0089035942792535e-7,-0.03365971033202181,0.034693221492046684,-0.059294241540322645,-0.11606689005006116,-0.0019233346903297398,1.3763551224762932e-4,-1.1554177515935518,1.0357787064856487,0.06127587276368217,0.0012084695504686674,0.3054185152425421,-0.8060017833896613,1.5867815782381536,,NA,NA,NA,NA,NA,NA,NA,to_ad_reverse,MR-APSS,CAUSE,UKB,NA,NA,TRUE
ad_bellenguez__bmi_ukb__raw,ad_bellenguez,bmi_ukb,raw,IVW-FE,FALSE,FALSE,per unit of GWAS beta,-0.024621169101801177,0.0034930977102703396,-0.03146764061393104,-0.01777469758967131,1.8083075214612014e-12,54,NA,NA,NA,NA,NA,NA,NA,NA,NA,NA,54,262.05264984166826,53,1.9302595473847847e-29,0.7977505664147166,258.01733760477026,4.361576738545805e-29,0.9666943800733876,0.009645355619877973,487511,87.11464361492486,87.91625145529811,0.009645355619877973,6.852805197448164e-4,TRUE,1,NA,NA,NA,NA,NA,NA,NA,NA,NA,NA,NA,NA,NA,NA,NA,NA,NA,NA,NA,NA,NA,NA,NA,NA,NA,NA,NA,NA,NA,NA,NA,NA,NA,NA,NA,NA,NA,NA,NA,NA,NA,NA,NA,NA,NA,NA,NA,NA,NA,NA,NA,NA,NA,NA,NA,NA,NA,NA,NA,to_ad_reverse,MR-APSS,CAUSE,UKB,NA,NA,FALSE
ad_bellenguez__bmi_ukb__raw,ad_bellenguez,bmi_ukb,raw,IVW-MRE,FALSE,FALSE,per unit of GWAS beta,-0.024621169101801177,0.007767246303006913,-0.03984497185569473,-0.009397366347907627,0.0015250660810024635,54,2.2235983494449076,NA,NA,NA,NA,NA,NA,NA,NA,NA,54,262.05264984166826,53,1.9302595473847847e-29,0.7977505664147166,258.01733760477026,4.361576738545805e-29,0.9666943800733876,0.009645355619877973,487511,87.11464361492486,87.91625145529811,0.009645355619877973,6.852805197448164e-4,TRUE,1,NA,NA,NA,NA,NA,NA,NA,NA,NA,NA,NA,NA,NA,NA,NA,NA,NA,NA,NA,NA,NA,NA,NA,NA,NA,NA,NA,NA,NA,NA,NA,NA,NA,NA,NA,NA,NA,NA,NA,NA,NA,NA,NA,NA,NA,NA,NA,NA,NA,NA,NA,NA,NA,NA,NA,NA,NA,NA,NA,to_ad_reverse,MR-APSS,CAUSE,UKB,NA,NA,FALSE
ad_bellenguez__bmi_ukb__raw,ad_bellenguez,bmi_ukb,raw,MR-APSS (p<5e-8),FALSE,FALSE,SD(outcome) per SD(exposure),-0.0994272145676154,0.056889786789493337,-0.21093119667502233,0.012076767539791533,0.080513,45,NA,NA,NA,NA,NA,NA,NA,NA,NA,NA,NA,NA,NA,NA,NA,NA,NA,NA,NA,NA,NA,NA,NA,NA,NA,NA,NA,36.28012561248562,0.8062461031330864,8.864606815165428e-8,-0.019577484162840733,-0.11043287017128382,FALSE,5e-8,-0.3797612187434603,0.11200723779554374,-0.599295404822726,-0.16022703266419458,3.3906587988287445e-9,-1.2876407177864411e-9,4.0096696615141916e-8,1.0926420102098149,-0.019577484162840733,1.3397075294597958,-0.017917564929689423,-0.01854901557923561,NA,NA,NA,NA,NA,NA,NA,NA,NA,NA,NA,NA,NA,NA,NA,NA,NA,NA,NA,NA,NA,NA,NA,NA,NA,NA,NA,NA,NA,NA,NA,NA,NA,NA,NA,NA,NA,NA,NA,to_ad_reverse,MR-APSS,CAUSE,UKB,NA,NA,TRUE
ad_bellenguez__bmi_ukb__raw,ad_bellenguez,bmi_ukb,raw,MR-Egger,FALSE,FALSE,per unit of GWAS beta,-0.0343691566558916,0.013318605573899304,-0.06047362358073424,-0.008264689731048967,0.01272706080800413,54,NA,0.0011819660035722703,0.0013106574065657741,0.3713151890636296,NA,NA,NA,NA,NA,NA,54,262.05264984166826,53,1.9302595473847847e-29,0.7977505664147166,258.01733760477026,4.361576738545805e-29,0.9666943800733876,0.009645355619877973,487511,87.11464361492486,87.91625145529811,0.009645355619877973,6.852805197448164e-4,TRUE,1,NA,NA,NA,NA,NA,NA,NA,NA,NA,NA,NA,NA,NA,NA,NA,NA,NA,NA,NA,NA,NA,NA,NA,NA,NA,NA,NA,NA,NA,NA,NA,NA,NA,NA,NA,NA,NA,NA,NA,NA,NA,NA,NA,NA,NA,NA,NA,NA,NA,NA,NA,NA,NA,NA,NA,NA,NA,NA,NA,to_ad_reverse,MR-APSS,CAUSE,UKB,NA,NA,FALSE
ad_bellenguez__bmi_ukb__raw,ad_bellenguez,bmi_ukb,raw,MR-PRESSO,FALSE,FALSE,per unit of GWAS beta,-0.0214211321336882,0.0065623182639431,-0.034283275931016675,-0.008558988336359723,0.00205031633141153,48,NA,NA,NA,NA,0.001,6,Outlier-corrected,0.534,NA,NA,54,262.05264984166826,53,1.9302595473847847e-29,0.7977505664147166,258.01733760477026,4.361576738545805e-29,0.9666943800733876,0.009645355619877973,487511,87.11464361492486,87.91625145529811,0.009645355619877973,6.852805197448164e-4,TRUE,1,NA,NA,NA,NA,NA,NA,NA,NA,NA,NA,NA,NA,NA,NA,NA,NA,NA,NA,NA,NA,NA,NA,NA,NA,NA,NA,NA,NA,NA,NA,NA,NA,NA,NA,NA,NA,NA,NA,NA,NA,NA,NA,NA,NA,NA,NA,NA,NA,NA,NA,NA,NA,NA,NA,NA,NA,NA,NA,NA,to_ad_reverse,MR-APSS,CAUSE,UKB,NA,NA,FALSE
ad_bellenguez__bmi_ukb__raw,ad_bellenguez,bmi_ukb,raw,MR-RAPS,FALSE,FALSE,per unit of GWAS beta,-0.029007707367138945,0.003721844343235971,-0.03630252227988145,-0.02171289245439644,6.496855373451118e-15,54,NA,NA,NA,NA,NA,NA,NA,NA,NA,NA,54,262.05264984166826,53,1.9302595473847847e-29,0.7977505664147166,258.01733760477026,4.361576738545805e-29,0.9666943800733876,0.009645355619877973,487511,87.11464361492486,87.91625145529811,0.009645355619877973,6.852805197448164e-4,TRUE,1,NA,NA,NA,NA,NA,NA,NA,NA,NA,NA,NA,NA,NA,NA,NA,NA,NA,NA,NA,NA,NA,NA,NA,NA,NA,NA,NA,NA,NA,NA,NA,NA,NA,NA,NA,NA,NA,NA,NA,NA,NA,NA,NA,NA,NA,NA,NA,NA,NA,NA,NA,NA,NA,NA,NA,NA,NA,NA,NA,to_ad_reverse,MR-APSS,CAUSE,UKB,FALSE,over-dispersion optimiser failed (tau2 forced to 0),FALSE
ad_bellenguez__bmi_ukb__raw,ad_bellenguez,bmi_ukb,raw,MRBEE,FALSE,FALSE,per unit of GWAS beta,-0.024890608310180497,0.008222381223289003,-0.04100647550782694,-0.008774741112534054,0.002468488740418518,54,NA,NA,NA,NA,NA,NA,NA,NA,0,-0.004861248797838978,54,262.05264984166826,53,1.9302595473847847e-29,0.7977505664147166,258.01733760477026,4.361576738545805e-29,0.9666943800733876,0.009645355619877973,487511,87.11464361492486,87.91625145529811,0.009645355619877973,6.852805197448164e-4,TRUE,1,NA,NA,NA,NA,NA,NA,NA,NA,NA,NA,NA,NA,NA,NA,NA,NA,NA,NA,NA,NA,NA,NA,NA,NA,NA,NA,NA,NA,NA,NA,NA,NA,NA,NA,NA,NA,NA,NA,NA,NA,NA,NA,NA,NA,NA,NA,NA,NA,NA,NA,NA,NA,NA,NA,NA,NA,NA,NA,NA,to_ad_reverse,MR-APSS,CAUSE,UKB,TRUE,,TRUE
ad_bellenguez__bmi_ukb__raw,ad_bellenguez,bmi_ukb,raw,Weighted median,FALSE,FALSE,per unit of GWAS beta,-0.03236742313273585,0.0068934870896249795,-0.04587865782840081,-0.01885618843707089,2.6613389337770675e-6,54,NA,NA,NA,NA,NA,NA,NA,NA,NA,NA,54,262.05264984166826,53,1.9302595473847847e-29,0.7977505664147166,258.01733760477026,4.361576738545805e-29,0.9666943800733876,0.009645355619877973,487511,87.11464361492486,87.91625145529811,0.009645355619877973,6.852805197448164e-4,TRUE,1,NA,NA,NA,NA,NA,NA,NA,NA,NA,NA,NA,NA,NA,NA,NA,NA,NA,NA,NA,NA,NA,NA,NA,NA,NA,NA,NA,NA,NA,NA,NA,NA,NA,NA,NA,NA,NA,NA,NA,NA,NA,NA,NA,NA,NA,NA,NA,NA,NA,NA,NA,NA,NA,NA,NA,NA,NA,NA,NA,to_ad_reverse,MR-APSS,CAUSE,UKB,NA,NA,FALSE
ad_bellenguez__bmi_ukb__raw,ad_bellenguez,bmi_ukb,raw,Weighted mode,FALSE,FALSE,per unit of GWAS beta,-0.040560636314688536,0.008536503846940297,-0.057292183854691515,-0.023829088774685557,1.5823534030503325e-5,54,NA,NA,NA,NA,NA,NA,NA,NA,NA,NA,54,262.05264984166826,53,1.9302595473847847e-29,0.7977505664147166,258.01733760477026,4.361576738545805e-29,0.9666943800733876,0.009645355619877973,487511,87.11464361492486,87.91625145529811,0.009645355619877973,6.852805197448164e-4,TRUE,1,NA,NA,NA,NA,NA,NA,NA,NA,NA,NA,NA,NA,NA,NA,NA,NA,NA,NA,NA,NA,NA,NA,NA,NA,NA,NA,NA,NA,NA,NA,NA,NA,NA,NA,NA,NA,NA,NA,NA,NA,NA,NA,NA,NA,NA,NA,NA,NA,NA,NA,NA,NA,NA,NA,NA,NA,NA,NA,NA,to_ad_reverse,MR-APSS,CAUSE,UKB,NA,NA,FALSE
ad_bellenguez__fatmass_ukb__raw,ad_bellenguez,fatmass_ukb,raw,MR-APSS,TRUE,FALSE,SD(outcome) per SD(exposure),-0.11207533143857538,0.050704832058614584,-0.21145680227345998,-0.012693860603690807,0.027081,192,NA,NA,NA,NA,NA,NA,NA,NA,NA,NA,NA,NA,NA,NA,NA,NA,NA,NA,NA,NA,NA,NA,NA,NA,NA,NA,NA,77.18020289373241,0.4019444328438877,1.0312620291901366e-7,-0.014080623920307497,-0.1299610604580564,FALSE,5e-5,-0.4365855155799396,0.10681354413927246,-0.6459400620929137,-0.22723096906696555,3.4057928909298564e-9,-1.4869198452451043e-9,3.84353099916225e-8,1.0919522969277213,-0.014080623920307497,1.3410201149385794,-0.012894907552211069,-0.013360324274523045,NA,NA,NA,NA,NA,NA,NA,NA,NA,NA,NA,NA,NA,NA,NA,NA,NA,NA,NA,NA,NA,NA,NA,NA,NA,NA,NA,NA,NA,NA,NA,NA,NA,NA,NA,NA,NA,NA,NA,to_ad_reverse,MR-APSS,CAUSE,UKB,NA,NA,TRUE
ad_bellenguez__fatmass_ukb__raw,ad_bellenguez,fatmass_ukb,raw,CAUSE,FALSE,TRUE,SD(outcome) per SD(exposure),-0.07960591489434096,NA,-0.14957613513686477,-0.0050719794142474565,NA,929,NA,NA,NA,NA,NA,NA,NA,NA,NA,NA,NA,NA,NA,NA,NA,NA,NA,NA,NA,NA,NA,NA,NA,NA,NA,NA,NA,NA,NA,NA,NA,NA,NA,NA,NA,NA,NA,NA,NA,NA,NA,NA,NA,NA,NA,NA,0.975,TRUE,-0.0686361054076206,-0.1216685482557444,0.04984814110338735,-0.618823490120211,1.6524561432160956,0.35402098037762464,-0.07903173077965735,-0.1495459188305635,-0.004200391058939655,-0.12202339723771391,-1.081406974789176,0.9023589997604989,0.04954325516789726,0.0013089704787458988,0.27673882219271323,-0.0034379050366532818,-0.05097506706122296,0.03430140484941831,-0.08371253232290056,-0.14127516680829486,-0.024844387869959933,0.04009806310728683,-0.5482211485776369,0.8762135739609428,0.13762814064920953,0.016195507735223276,0.36386073323865065,-0.618823490120211,1.6524561432160956,,NA,NA,NA,NA,NA,NA,NA,to_ad_reverse,MR-APSS,CAUSE,UKB,NA,NA,TRUE
ad_bellenguez__fatmass_ukb__raw,ad_bellenguez,fatmass_ukb,raw,IVW-FE,FALSE,FALSE,per unit of GWAS beta,-0.02623678705289108,0.0034265188131258704,-0.032952763926617785,-0.019520810179164377,1.9035581840785536e-14,54,NA,NA,NA,NA,NA,NA,NA,NA,NA,NA,54,290.1697443051854,53,1.9904339983113654e-34,0.8173482899572833,285.7456192623398,5.211849211340897e-34,0.9666943800733876,0.009645355619877973,487511,87.11464361492486,87.91625145529811,0.009645355619877973,7.680100381237992e-4,TRUE,1,NA,NA,NA,NA,NA,NA,NA,NA,NA,NA,NA,NA,NA,NA,NA,NA,NA,NA,NA,NA,NA,NA,NA,NA,NA,NA,NA,NA,NA,NA,NA,NA,NA,NA,NA,NA,NA,NA,NA,NA,NA,NA,NA,NA,NA,NA,NA,NA,NA,NA,NA,NA,NA,NA,NA,NA,NA,NA,NA,to_ad_reverse,MR-APSS,CAUSE,UKB,NA,NA,FALSE
ad_bellenguez__fatmass_ukb__raw,ad_bellenguez,fatmass_ukb,raw,IVW-MRE,FALSE,FALSE,per unit of GWAS beta,-0.02623678705289108,0.008017542104923654,-0.04195116957854145,-0.010522404527240719,0.0010663001322099084,54,2.3398506012023277,NA,NA,NA,NA,NA,NA,NA,NA,NA,54,290.1697443051854,53,1.9904339983113654e-34,0.8173482899572833,285.7456192623398,5.211849211340897e-34,0.9666943800733876,0.009645355619877973,487511,87.11464361492486,87.91625145529811,0.009645355619877973,7.680100381237992e-4,TRUE,1,NA,NA,NA,NA,NA,NA,NA,NA,NA,NA,NA,NA,NA,NA,NA,NA,NA,NA,NA,NA,NA,NA,NA,NA,NA,NA,NA,NA,NA,NA,NA,NA,NA,NA,NA,NA,NA,NA,NA,NA,NA,NA,NA,NA,NA,NA,NA,NA,NA,NA,NA,NA,NA,NA,NA,NA,NA,NA,NA,to_ad_reverse,MR-APSS,CAUSE,UKB,NA,NA,FALSE
ad_bellenguez__fatmass_ukb__raw,ad_bellenguez,fatmass_ukb,raw,MR-APSS (p<5e-8),FALSE,FALSE,SD(outcome) per SD(exposure),-0.10499631240602189,0.05554178603595067,-0.2138582130364852,0.003865588224441413,0.058704,45,NA,NA,NA,NA,NA,NA,NA,NA,NA,NA,NA,NA,NA,NA,NA,NA,NA,NA,NA,NA,NA,NA,NA,NA,NA,NA,NA,36.59708296868112,0.8132829903351603,8.071119917376874e-8,-0.014080623920307497,-0.1299610604580564,FALSE,5e-8,-0.4365855155799396,0.10681354413927246,-0.6459400620929137,-0.22723096906696555,3.4057928909298564e-9,-1.4869198452451043e-9,3.84353099916225e-8,1.0919522969277213,-0.014080623920307497,1.3410201149385794,-0.012894907552211069,-0.013360324274523045,NA,NA,NA,NA,NA,NA,NA,NA,NA,NA,NA,NA,NA,NA,NA,NA,NA,NA,NA,NA,NA,NA,NA,NA,NA,NA,NA,NA,NA,NA,NA,NA,NA,NA,NA,NA,NA,NA,NA,to_ad_reverse,MR-APSS,CAUSE,UKB,NA,NA,TRUE
ad_bellenguez__fatmass_ukb__raw,ad_bellenguez,fatmass_ukb,raw,MR-Egger,FALSE,FALSE,per unit of GWAS beta,-0.03624911858865065,0.0137489109112965,-0.06319698397479179,-0.009301253202509515,0.011017750543654961,54,NA,0.001213963273405869,0.001352944464357265,0.37370776802588246,NA,NA,NA,NA,NA,NA,54,290.1697443051854,53,1.9904339983113654e-34,0.8173482899572833,285.7456192623398,5.211849211340897e-34,0.9666943800733876,0.009645355619877973,487511,87.11464361492486,87.91625145529811,0.009645355619877973,7.680100381237992e-4,TRUE,1,NA,NA,NA,NA,NA,NA,NA,NA,NA,NA,NA,NA,NA,NA,NA,NA,NA,NA,NA,NA,NA,NA,NA,NA,NA,NA,NA,NA,NA,NA,NA,NA,NA,NA,NA,NA,NA,NA,NA,NA,NA,NA,NA,NA,NA,NA,NA,NA,NA,NA,NA,NA,NA,NA,NA,NA,NA,NA,NA,to_ad_reverse,MR-APSS,CAUSE,UKB,NA,NA,FALSE
ad_bellenguez__fatmass_ukb__raw,ad_bellenguez,fatmass_ukb,raw,MR-PRESSO,FALSE,FALSE,per unit of GWAS beta,-0.0213482749069857,0.006243822193579,-0.03358616640640054,-0.00911038340757086,0.00134501622636384,46,NA,NA,NA,NA,0.001,8,Outlier-corrected,0.275,NA,NA,54,290.1697443051854,53,1.9904339983113654e-34,0.8173482899572833,285.7456192623398,5.211849211340897e-34,0.9666943800733876,0.009645355619877973,487511,87.11464361492486,87.91625145529811,0.009645355619877973,7.680100381237992e-4,TRUE,1,NA,NA,NA,NA,NA,NA,NA,NA,NA,NA,NA,NA,NA,NA,NA,NA,NA,NA,NA,NA,NA,NA,NA,NA,NA,NA,NA,NA,NA,NA,NA,NA,NA,NA,NA,NA,NA,NA,NA,NA,NA,NA,NA,NA,NA,NA,NA,NA,NA,NA,NA,NA,NA,NA,NA,NA,NA,NA,NA,to_ad_reverse,MR-APSS,CAUSE,UKB,NA,NA,FALSE
ad_bellenguez__fatmass_ukb__raw,ad_bellenguez,fatmass_ukb,raw,MR-RAPS,FALSE,FALSE,per unit of GWAS beta,-0.026203313685192676,0.0036535038426046295,-0.03336418121669775,-0.019042446153687602,7.385318630026013e-13,54,NA,NA,NA,NA,NA,NA,NA,NA,NA,NA,54,290.1697443051854,53,1.9904339983113654e-34,0.8173482899572833,285.7456192623398,5.211849211340897e-34,0.9666943800733876,0.009645355619877973,487511,87.11464361492486,87.91625145529811,0.009645355619877973,7.680100381237992e-4,TRUE,1,NA,NA,NA,NA,NA,NA,NA,NA,NA,NA,NA,NA,NA,NA,NA,NA,NA,NA,NA,NA,NA,NA,NA,NA,NA,NA,NA,NA,NA,NA,NA,NA,NA,NA,NA,NA,NA,NA,NA,NA,NA,NA,NA,NA,NA,NA,NA,NA,NA,NA,NA,NA,NA,NA,NA,NA,NA,NA,NA,to_ad_reverse,MR-APSS,CAUSE,UKB,FALSE,over-dispersion optimiser failed (tau2 forced to 0),FALSE
ad_bellenguez__fatmass_ukb__raw,ad_bellenguez,fatmass_ukb,raw,MRBEE,FALSE,FALSE,per unit of GWAS beta,-0.02405624901161422,0.008914587231634378,-0.0415288399856176,-0.006583658037610837,0.0069647213019928995,54,NA,NA,NA,NA,NA,NA,NA,NA,1,-0.008003877646410935,54,290.1697443051854,53,1.9904339983113654e-34,0.8173482899572833,285.7456192623398,5.211849211340897e-34,0.9666943800733876,0.009645355619877973,487511,87.11464361492486,87.91625145529811,0.009645355619877973,7.680100381237992e-4,TRUE,1,NA,NA,NA,NA,NA,NA,NA,NA,NA,NA,NA,NA,NA,NA,NA,NA,NA,NA,NA,NA,NA,NA,NA,NA,NA,NA,NA,NA,NA,NA,NA,NA,NA,NA,NA,NA,NA,NA,NA,NA,NA,NA,NA,NA,NA,NA,NA,NA,NA,NA,NA,NA,NA,NA,NA,NA,NA,NA,NA,to_ad_reverse,MR-APSS,CAUSE,UKB,TRUE,,TRUE
ad_bellenguez__fatmass_ukb__raw,ad_bellenguez,fatmass_ukb,raw,Weighted median,FALSE,FALSE,per unit of GWAS beta,-0.03303323049112645,0.006733317662055524,-0.04623053310875527,-0.01983592787349762,9.298249280258269e-7,54,NA,NA,NA,NA,NA,NA,NA,NA,NA,NA,54,290.1697443051854,53,1.9904339983113654e-34,0.8173482899572833,285.7456192623398,5.211849211340897e-34,0.9666943800733876,0.009645355619877973,487511,87.11464361492486,87.91625145529811,0.009645355619877973,7.680100381237992e-4,TRUE,1,NA,NA,NA,NA,NA,NA,NA,NA,NA,NA,NA,NA,NA,NA,NA,NA,NA,NA,NA,NA,NA,NA,NA,NA,NA,NA,NA,NA,NA,NA,NA,NA,NA,NA,NA,NA,NA,NA,NA,NA,NA,NA,NA,NA,NA,NA,NA,NA,NA,NA,NA,NA,NA,NA,NA,NA,NA,NA,NA,to_ad_reverse,MR-APSS,CAUSE,UKB,NA,NA,FALSE
ad_bellenguez__fatmass_ukb__raw,ad_bellenguez,fatmass_ukb,raw,Weighted mode,FALSE,FALSE,per unit of GWAS beta,-0.0357178806677006,0.009661930641194947,-0.054655264724442695,-0.0167804966109585,5.189095237986204e-4,54,NA,NA,NA,NA,NA,NA,NA,NA,NA,NA,54,290.1697443051854,53,1.9904339983113654e-34,0.8173482899572833,285.7456192623398,5.211849211340897e-34,0.9666943800733876,0.009645355619877973,487511,87.11464361492486,87.91625145529811,0.009645355619877973,7.680100381237992e-4,TRUE,1,NA,NA,NA,NA,NA,NA,NA,NA,NA,NA,NA,NA,NA,NA,NA,NA,NA,NA,NA,NA,NA,NA,NA,NA,NA,NA,NA,NA,NA,NA,NA,NA,NA,NA,NA,NA,NA,NA,NA,NA,NA,NA,NA,NA,NA,NA,NA,NA,NA,NA,NA,NA,NA,NA,NA,NA,NA,NA,NA,to_ad_reverse,MR-APSS,CAUSE,UKB,NA,NA,FALSE
ad_bellenguez__ffm_ukb__raw,ad_bellenguez,ffm_ukb,raw,MR-APSS,TRUE,FALSE,SD(outcome) per SD(exposure),-0.05119648249031698,0.06232352813059636,-0.17335059762628585,0.07095763264565189,0.41138,192,NA,NA,NA,NA,NA,NA,NA,NA,NA,NA,NA,NA,NA,NA,NA,NA,NA,NA,NA,NA,NA,NA,NA,NA,NA,NA,NA,75.94368649122335,0.39551869985196103,1.9729892830613364e-7,-0.04723705313785896,-0.1181927992408278,TRUE,5e-5,-0.45468871040630693,0.12437735572680114,-0.6984683276308372,-0.2109090931817767,3.3878198894429887e-9,-1.5404034566196698e-9,5.0137955285659834e-8,1.092781460641682,-0.04723705313785896,1.4841198072867425,-0.04322644082021792,-0.04475149912020691,NA,NA,NA,NA,NA,NA,NA,NA,NA,NA,NA,NA,NA,NA,NA,NA,NA,NA,NA,NA,NA,NA,NA,NA,NA,NA,NA,NA,NA,NA,NA,NA,NA,NA,NA,NA,NA,NA,NA,to_ad_reverse,MR-APSS,CAUSE,UKB,NA,NA,TRUE
ad_bellenguez__ffm_ukb__raw,ad_bellenguez,ffm_ukb,raw,CAUSE,FALSE,TRUE,SD(outcome) per SD(exposure),-0.008198575344091357,NA,-0.07116099356236437,0.05244996580051712,NA,929,NA,NA,NA,NA,NA,NA,NA,NA,NA,NA,NA,NA,NA,NA,NA,NA,NA,NA,NA,NA,NA,NA,NA,NA,NA,NA,NA,NA,NA,NA,NA,NA,NA,NA,NA,NA,NA,NA,NA,NA,NA,NA,NA,NA,NA,NA,0.5993435414337609,FALSE,-0.08999645161591517,-0.23293440506902932,0.07097203266571969,0.8970924908879789,0.4842580435517419,0.9680236326359313,-0.008258180602299395,-0.07103298061458053,0.051505204370062604,-0.23223257686452903,-0.6158997642703197,0.6959853626152405,0.07090576481221475,0.0026797977366103706,0.26961472638432304,-0.012860259846317286,-0.06593761386372204,0.028726316104307193,-0.02435051478122551,-0.07617939801772322,0.02668926963170636,NA,NA,NA,0.07002567730981994,0.0022786978043863545,0.2414451052961352,0.8970924908879789,0.4842580435517419,gamma + q*eta interval spans 0: fraction not reported,NA,NA,NA,NA,NA,NA,NA,to_ad_reverse,MR-APSS,CAUSE,UKB,NA,NA,TRUE
ad_bellenguez__ffm_ukb__raw,ad_bellenguez,ffm_ukb,raw,IVW-FE,FALSE,FALSE,per unit of GWAS beta,-0.003634158427106187,0.002178083696060092,-0.007903202471383966,6.348856171715929e-4,0.09521416427896572,54,NA,NA,NA,NA,NA,NA,NA,NA,NA,NA,54,215.0701453029507,53,2.1016140535617814e-21,0.7535687720611176,201.98045327908727,1.5085061326753003e-19,0.9666943800733876,0.009645355619877973,487511,87.11464361492486,87.91625145529811,0.009645355619877973,4.7894502684676834e-4,TRUE,0,NA,NA,NA,NA,NA,NA,NA,NA,NA,NA,NA,NA,NA,NA,NA,NA,NA,NA,NA,NA,NA,NA,NA,NA,NA,NA,NA,NA,NA,NA,NA,NA,NA,NA,NA,NA,NA,NA,NA,NA,NA,NA,NA,NA,NA,NA,NA,NA,NA,NA,NA,NA,NA,NA,NA,NA,NA,NA,NA,to_ad_reverse,MR-APSS,CAUSE,UKB,NA,NA,FALSE
ad_bellenguez__ffm_ukb__raw,ad_bellenguez,ffm_ukb,raw,IVW-MRE,FALSE,FALSE,per unit of GWAS beta,-0.003634158427106187,0.004387596623544024,-0.012233847809252475,0.0049655309550401,0.4075119601252069,54,2.0144297629520356,NA,NA,NA,NA,NA,NA,NA,NA,NA,54,215.0701453029507,53,2.1016140535617814e-21,0.7535687720611176,201.98045327908727,1.5085061326753003e-19,0.9666943800733876,0.009645355619877973,487511,87.11464361492486,87.91625145529811,0.009645355619877973,4.7894502684676834e-4,TRUE,0,NA,NA,NA,NA,NA,NA,NA,NA,NA,NA,NA,NA,NA,NA,NA,NA,NA,NA,NA,NA,NA,NA,NA,NA,NA,NA,NA,NA,NA,NA,NA,NA,NA,NA,NA,NA,NA,NA,NA,NA,NA,NA,NA,NA,NA,NA,NA,NA,NA,NA,NA,NA,NA,NA,NA,NA,NA,NA,NA,to_ad_reverse,MR-APSS,CAUSE,UKB,NA,NA,FALSE
ad_bellenguez__ffm_ukb__raw,ad_bellenguez,ffm_ukb,raw,MR-APSS (p<5e-8),FALSE,FALSE,SD(outcome) per SD(exposure),-0.019527085598438642,0.06713866271196413,-0.1511188645138883,0.11206469331701104,0.77117,45,NA,NA,NA,NA,NA,NA,NA,NA,NA,NA,NA,NA,NA,NA,NA,NA,NA,NA,NA,NA,NA,NA,NA,NA,NA,NA,NA,37.514992676526454,0.8336842765912909,1.5766866978012428e-7,-0.04723705313785896,-0.1181927992408278,TRUE,5e-8,-0.45468871040630693,0.12437735572680114,-0.6984683276308372,-0.2109090931817767,3.3878198894429887e-9,-1.5404034566196698e-9,5.0137955285659834e-8,1.092781460641682,-0.04723705313785896,1.4841198072867425,-0.04322644082021792,-0.04475149912020691,NA,NA,NA,NA,NA,NA,NA,NA,NA,NA,NA,NA,NA,NA,NA,NA,NA,NA,NA,NA,NA,NA,NA,NA,NA,NA,NA,NA,NA,NA,NA,NA,NA,NA,NA,NA,NA,NA,NA,to_ad_reverse,MR-APSS,CAUSE,UKB,NA,NA,TRUE
ad_bellenguez__ffm_ukb__raw,ad_bellenguez,ffm_ukb,raw,MR-Egger,FALSE,FALSE,per unit of GWAS beta,-0.014584645174702038,0.007349155809318915,-0.028988990560967112,-1.8029978843696337e-4,0.05248461946122488,54,NA,0.0013273079947079512,7.230361232908041e-4,0.07211675587181887,NA,NA,NA,NA,NA,NA,54,215.0701453029507,53,2.1016140535617814e-21,0.7535687720611176,201.98045327908727,1.5085061326753003e-19,0.9666943800733876,0.009645355619877973,487511,87.11464361492486,87.91625145529811,0.009645355619877973,4.7894502684676834e-4,TRUE,0,NA,NA,NA,NA,NA,NA,NA,NA,NA,NA,NA,NA,NA,NA,NA,NA,NA,NA,NA,NA,NA,NA,NA,NA,NA,NA,NA,NA,NA,NA,NA,NA,NA,NA,NA,NA,NA,NA,NA,NA,NA,NA,NA,NA,NA,NA,NA,NA,NA,NA,NA,NA,NA,NA,NA,NA,NA,NA,NA,to_ad_reverse,MR-APSS,CAUSE,UKB,NA,NA,FALSE
ad_bellenguez__ffm_ukb__raw,ad_bellenguez,ffm_ukb,raw,MR-PRESSO,FALSE,FALSE,per unit of GWAS beta,-0.00308861022248673,0.00364964035455556,-0.010241905317415628,0.004064684872442167,0.401511795882393,50,NA,NA,NA,NA,0.001,4,Outlier-corrected,0.813,NA,NA,54,215.0701453029507,53,2.1016140535617814e-21,0.7535687720611176,201.98045327908727,1.5085061326753003e-19,0.9666943800733876,0.009645355619877973,487511,87.11464361492486,87.91625145529811,0.009645355619877973,4.7894502684676834e-4,TRUE,0,NA,NA,NA,NA,NA,NA,NA,NA,NA,NA,NA,NA,NA,NA,NA,NA,NA,NA,NA,NA,NA,NA,NA,NA,NA,NA,NA,NA,NA,NA,NA,NA,NA,NA,NA,NA,NA,NA,NA,NA,NA,NA,NA,NA,NA,NA,NA,NA,NA,NA,NA,NA,NA,NA,NA,NA,NA,NA,NA,to_ad_reverse,MR-APSS,CAUSE,UKB,NA,NA,FALSE
ad_bellenguez__ffm_ukb__raw,ad_bellenguez,ffm_ukb,raw,MR-RAPS,FALSE,FALSE,per unit of GWAS beta,-0.004381026214140658,0.0022970823356018707,-0.008883307591920325,1.212551636390084e-4,0.05649295880385654,54,NA,NA,NA,NA,NA,NA,NA,NA,NA,NA,54,215.0701453029507,53,2.1016140535617814e-21,0.7535687720611176,201.98045327908727,1.5085061326753003e-19,0.9666943800733876,0.009645355619877973,487511,87.11464361492486,87.91625145529811,0.009645355619877973,4.7894502684676834e-4,TRUE,0,NA,NA,NA,NA,NA,NA,NA,NA,NA,NA,NA,NA,NA,NA,NA,NA,NA,NA,NA,NA,NA,NA,NA,NA,NA,NA,NA,NA,NA,NA,NA,NA,NA,NA,NA,NA,NA,NA,NA,NA,NA,NA,NA,NA,NA,NA,NA,NA,NA,NA,NA,NA,NA,NA,NA,NA,NA,NA,NA,to_ad_reverse,MR-APSS,CAUSE,UKB,FALSE,over-dispersion optimiser failed (tau2 forced to 0),FALSE
ad_bellenguez__ffm_ukb__raw,ad_bellenguez,ffm_ukb,raw,MRBEE,FALSE,FALSE,per unit of GWAS beta,-0.0036391328905538162,0.005108975212391933,-0.013652724306842005,0.006374458525734372,0.4762778308142031,54,NA,NA,NA,NA,NA,NA,NA,NA,0,-0.02134680541298424,54,215.0701453029507,53,2.1016140535617814e-21,0.7535687720611176,201.98045327908727,1.5085061326753003e-19,0.9666943800733876,0.009645355619877973,487511,87.11464361492486,87.91625145529811,0.009645355619877973,4.7894502684676834e-4,TRUE,0,NA,NA,NA,NA,NA,NA,NA,NA,NA,NA,NA,NA,NA,NA,NA,NA,NA,NA,NA,NA,NA,NA,NA,NA,NA,NA,NA,NA,NA,NA,NA,NA,NA,NA,NA,NA,NA,NA,NA,NA,NA,NA,NA,NA,NA,NA,NA,NA,NA,NA,NA,NA,NA,NA,NA,NA,NA,NA,NA,to_ad_reverse,MR-APSS,CAUSE,UKB,TRUE,,TRUE
ad_bellenguez__ffm_ukb__raw,ad_bellenguez,ffm_ukb,raw,Weighted median,FALSE,FALSE,per unit of GWAS beta,-0.008391901846143676,0.0037250929579701747,-0.015693084043765217,-0.001090719648522134,0.02427155170952623,54,NA,NA,NA,NA,NA,NA,NA,NA,NA,NA,54,215.0701453029507,53,2.1016140535617814e-21,0.7535687720611176,201.98045327908727,1.5085061326753003e-19,0.9666943800733876,0.009645355619877973,487511,87.11464361492486,87.91625145529811,0.009645355619877973,4.7894502684676834e-4,TRUE,0,NA,NA,NA,NA,NA,NA,NA,NA,NA,NA,NA,NA,NA,NA,NA,NA,NA,NA,NA,NA,NA,NA,NA,NA,NA,NA,NA,NA,NA,NA,NA,NA,NA,NA,NA,NA,NA,NA,NA,NA,NA,NA,NA,NA,NA,NA,NA,NA,NA,NA,NA,NA,NA,NA,NA,NA,NA,NA,NA,to_ad_reverse,MR-APSS,CAUSE,UKB,NA,NA,FALSE
ad_bellenguez__ffm_ukb__raw,ad_bellenguez,ffm_ukb,raw,Weighted mode,FALSE,FALSE,per unit of GWAS beta,-0.00788462022906855,0.0047484839536754515,-0.017191648778272436,0.0014224083201353332,0.1027296685366472,54,NA,NA,NA,NA,NA,NA,NA,NA,NA,NA,54,215.0701453029507,53,2.1016140535617814e-21,0.7535687720611176,201.98045327908727,1.5085061326753003e-19,0.9666943800733876,0.009645355619877973,487511,87.11464361492486,87.91625145529811,0.009645355619877973,4.7894502684676834e-4,TRUE,0,NA,NA,NA,NA,NA,NA,NA,NA,NA,NA,NA,NA,NA,NA,NA,NA,NA,NA,NA,NA,NA,NA,NA,NA,NA,NA,NA,NA,NA,NA,NA,NA,NA,NA,NA,NA,NA,NA,NA,NA,NA,NA,NA,NA,NA,NA,NA,NA,NA,NA,NA,NA,NA,NA,NA,NA,NA,NA,NA,to_ad_reverse,MR-APSS,CAUSE,UKB,NA,NA,FALSE
ad_bellenguez__fg_dupuis__raw,ad_bellenguez,fg_dupuis,raw,MR-APSS,TRUE,FALSE,SD(outcome) per SD(exposure),-0.02950851254706443,0.06440015546721359,-0.15573281726280305,0.09671579216867418,0.6468,191,NA,NA,NA,NA,NA,NA,NA,NA,NA,NA,NA,NA,NA,NA,NA,NA,NA,NA,NA,NA,NA,NA,NA,NA,NA,NA,NA,78.38841430948499,0.4104191713763765,6.700177973069036e-11,0.007296515762281986,-0.17117845671350376,FALSE,5e-5,-0.2928370308631614,0.1406369255230193,-0.5684854048882793,-0.017188656838043548,3.3204650772623455e-9,-9.72355134310323e-10,9.717458471864445e-9,1.0863987967545903,0.007296515762281986,1.0043604894287048,0.006716240651295766,0.02182042891808157,NA,NA,NA,NA,NA,NA,NA,NA,NA,NA,NA,NA,NA,NA,NA,NA,NA,NA,NA,NA,NA,NA,NA,NA,NA,NA,NA,NA,NA,NA,NA,NA,NA,NA,NA,NA,NA,NA,NA,to_ad_reverse,MR-APSS,CAUSE,none,NA,NA,TRUE
ad_bellenguez__fg_dupuis__raw,ad_bellenguez,fg_dupuis,raw,CAUSE,FALSE,TRUE,SD(outcome) per SD(exposure),-0.005329127043476241,NA,-0.10708776741203142,0.10024957831494945,NA,892,NA,NA,NA,NA,NA,NA,NA,NA,NA,NA,NA,NA,NA,NA,NA,NA,NA,NA,NA,NA,NA,NA,NA,NA,NA,NA,NA,NA,NA,NA,NA,NA,NA,NA,NA,NA,NA,NA,NA,NA,NA,NA,NA,NA,NA,NA,0.5391015271769738,FALSE,-0.00834669871057975,0.06938216867732792,0.03805541207195712,0.9091730587582352,0.13824695342451748,0.999999999975908,-0.005299665463422165,-0.10665609253247867,0.10331104011426148,0.06548578800443357,-1.355123653265977,1.6757112143789417,0.03841132738138314,0.0012871472035638162,0.2550167832098491,0.0012645039910099973,-0.06563186553840575,0.0760516145626797,-0.0014486370624963415,-0.09203101982983003,0.0895165220568084,NA,NA,NA,0.030952593100787164,0.0010439784725444386,0.21252986150587935,0.9091730587582352,0.13824695342451748,gamma + q*eta interval spans 0: fraction not reported,NA,NA,NA,NA,NA,NA,NA,to_ad_reverse,MR-APSS,CAUSE,none,NA,NA,TRUE
ad_bellenguez__fg_dupuis__raw,ad_bellenguez,fg_dupuis,raw,IVW-FE,FALSE,FALSE,per unit of GWAS beta,-0.0249847266409486,0.014622491019931513,-0.05364480904001436,0.0036753557581171645,0.08751570771329364,14,NA,NA,NA,NA,NA,NA,NA,NA,NA,NA,14,15.3661518243164,13,0.2850555621316609,0.15398467042165023,12.889189567798358,0.37714609246457326,0.867576401873611,0.0017736939275639259,487511,61.77498377648776,61.87179125699028,0.0017736939275639259,3.94349932102226e-4,TRUE,2,NA,NA,NA,NA,NA,NA,NA,NA,NA,NA,NA,NA,NA,NA,NA,NA,NA,NA,NA,NA,NA,NA,NA,NA,NA,NA,NA,NA,NA,NA,NA,NA,NA,NA,NA,NA,NA,NA,NA,NA,NA,NA,NA,NA,NA,NA,NA,NA,NA,NA,NA,NA,NA,NA,NA,NA,NA,NA,NA,to_ad_reverse,MR-APSS,CAUSE,none,NA,NA,FALSE
ad_bellenguez__fg_dupuis__raw,ad_bellenguez,fg_dupuis,raw,IVW-MRE,FALSE,FALSE,per unit of GWAS beta,-0.0249847266409486,0.01589762495141081,-0.05614407154571378,0.00617461826381659,0.11604306522978078,14,1.0872036050315366,NA,NA,NA,NA,NA,NA,NA,NA,NA,14,15.3661518243164,13,0.2850555621316609,0.15398467042165023,12.889189567798358,0.37714609246457326,0.867576401873611,0.0017736939275639259,487511,61.77498377648776,61.87179125699028,0.0017736939275639259,3.94349932102226e-4,TRUE,2,NA,NA,NA,NA,NA,NA,NA,NA,NA,NA,NA,NA,NA,NA,NA,NA,NA,NA,NA,NA,NA,NA,NA,NA,NA,NA,NA,NA,NA,NA,NA,NA,NA,NA,NA,NA,NA,NA,NA,NA,NA,NA,NA,NA,NA,NA,NA,NA,NA,NA,NA,NA,NA,NA,NA,NA,NA,NA,NA,to_ad_reverse,MR-APSS,CAUSE,none,NA,NA,FALSE
ad_bellenguez__fg_dupuis__raw,ad_bellenguez,fg_dupuis,raw,MR-APSS (p<5e-8),FALSE,FALSE,SD(outcome) per SD(exposure),-0.012760096253419895,0.07309090618628444,-0.1560182723785374,0.13049807987169762,0.86141,45,NA,NA,NA,NA,NA,NA,NA,NA,NA,NA,NA,NA,NA,NA,NA,NA,NA,NA,NA,NA,NA,NA,NA,NA,NA,NA,NA,35.32538941765908,0.7849698563391568,5.5410162742449803e-11,0.007296515762281986,-0.17117845671350376,FALSE,5e-8,-0.2928370308631614,0.1406369255230193,-0.5684854048882793,-0.017188656838043548,3.3204650772623455e-9,-9.72355134310323e-10,9.717458471864445e-9,1.0863987967545903,0.007296515762281986,1.0043604894287048,0.006716240651295766,0.02182042891808157,NA,NA,NA,NA,NA,NA,NA,NA,NA,NA,NA,NA,NA,NA,NA,NA,NA,NA,NA,NA,NA,NA,NA,NA,NA,NA,NA,NA,NA,NA,NA,NA,NA,NA,NA,NA,NA,NA,NA,to_ad_reverse,MR-APSS,CAUSE,none,NA,NA,TRUE
ad_bellenguez__fg_dupuis__raw,ad_bellenguez,fg_dupuis,raw,MR-Egger,FALSE,FALSE,per unit of GWAS beta,0.03864854778667965,0.04455934927956081,-0.04868777680125954,0.12598487237461883,0.4027617182676009,14,NA,-0.004885945611798494,0.003217444886515335,0.15476621829500675,NA,NA,NA,NA,NA,NA,14,15.3661518243164,13,0.2850555621316609,0.15398467042165023,12.889189567798358,0.37714609246457326,0.867576401873611,0.0017736939275639259,487511,61.77498377648776,61.87179125699028,0.0017736939275639259,3.94349932102226e-4,TRUE,2,NA,NA,NA,NA,NA,NA,NA,NA,NA,NA,NA,NA,NA,NA,NA,NA,NA,NA,NA,NA,NA,NA,NA,NA,NA,NA,NA,NA,NA,NA,NA,NA,NA,NA,NA,NA,NA,NA,NA,NA,NA,NA,NA,NA,NA,NA,NA,NA,NA,NA,NA,NA,NA,NA,NA,NA,NA,NA,NA,to_ad_reverse,MR-APSS,CAUSE,none,NA,NA,FALSE
ad_bellenguez__fg_dupuis__raw,ad_bellenguez,fg_dupuis,raw,MR-PRESSO,FALSE,FALSE,per unit of GWAS beta,-0.0249847266409486,0.0158976249514108,-0.05614407154571377,0.006174618263816569,0.140055493103793,14,NA,NA,NA,NA,0.265,0,Raw,NA,NA,NA,14,15.3661518243164,13,0.2850555621316609,0.15398467042165023,12.889189567798358,0.37714609246457326,0.867576401873611,0.0017736939275639259,487511,61.77498377648776,61.87179125699028,0.0017736939275639259,3.94349932102226e-4,TRUE,2,NA,NA,NA,NA,NA,NA,NA,NA,NA,NA,NA,NA,NA,NA,NA,NA,NA,NA,NA,NA,NA,NA,NA,NA,NA,NA,NA,NA,NA,NA,NA,NA,NA,NA,NA,NA,NA,NA,NA,NA,NA,NA,NA,NA,NA,NA,NA,NA,NA,NA,NA,NA,NA,NA,NA,NA,NA,NA,NA,to_ad_reverse,MR-APSS,CAUSE,none,NA,NA,FALSE
ad_bellenguez__fg_dupuis__raw,ad_bellenguez,fg_dupuis,raw,MR-RAPS,FALSE,FALSE,per unit of GWAS beta,-0.025070560868389265,0.0173384334445692,-0.0590538904197449,0.008912768682966369,0.14819036846665987,14,NA,NA,NA,NA,NA,NA,NA,NA,NA,NA,14,15.3661518243164,13,0.2850555621316609,0.15398467042165023,12.889189567798358,0.37714609246457326,0.867576401873611,0.0017736939275639259,487511,61.77498377648776,61.87179125699028,0.0017736939275639259,3.94349932102226e-4,TRUE,2,NA,NA,NA,NA,NA,NA,NA,NA,NA,NA,NA,NA,NA,NA,NA,NA,NA,NA,NA,NA,NA,NA,NA,NA,NA,NA,NA,NA,NA,NA,NA,NA,NA,NA,NA,NA,NA,NA,NA,NA,NA,NA,NA,NA,NA,NA,NA,NA,NA,NA,NA,NA,NA,NA,NA,NA,NA,NA,NA,to_ad_reverse,MR-APSS,CAUSE,none,TRUE,,FALSE
ad_bellenguez__fg_dupuis__raw,ad_bellenguez,fg_dupuis,raw,MRAID,FALSE,FALSE,SD(outcome) per SD(exposure),0.023808738705000155,0.0418912472521569,-0.05829810590922736,0.10591558331922767,0.5697997922103513,110,NA,NA,NA,NA,NA,NA,NA,NA,NA,NA,NA,NA,NA,NA,NA,NA,NA,NA,NA,NA,NA,NA,NA,NA,NA,NA,NA,NA,NA,NA,NA,NA,NA,NA,NA,NA,NA,NA,NA,NA,NA,NA,NA,NA,NA,NA,NA,NA,NA,NA,NA,NA,NA,NA,NA,NA,NA,NA,NA,NA,NA,NA,NA,NA,NA,NA,NA,NA,NA,NA,NA,NA,NA,NA,NA,NA,NA,NA,0.009230483655135964,0.003720381078826416,0.008894532209676202,0.9844150118611507,0.9999722195129833,63,0.5,to_ad_reverse,MR-APSS,CAUSE,none,NA,NA,FALSE
ad_bellenguez__fg_dupuis__raw,ad_bellenguez,fg_dupuis,raw,MRBEE,FALSE,FALSE,per unit of GWAS beta,-0.025334586421118903,0.020979519969122274,-0.06645444556059857,0.015785272718360756,0.22720633014950029,14,NA,NA,NA,NA,NA,NA,NA,NA,0,-0.007650214418329019,14,15.3661518243164,13,0.2850555621316609,0.15398467042165023,12.889189567798358,0.37714609246457326,0.867576401873611,0.0017736939275639259,487511,61.77498377648776,61.87179125699028,0.0017736939275639259,3.94349932102226e-4,TRUE,2,NA,NA,NA,NA,NA,NA,NA,NA,NA,NA,NA,NA,NA,NA,NA,NA,NA,NA,NA,NA,NA,NA,NA,NA,NA,NA,NA,NA,NA,NA,NA,NA,NA,NA,NA,NA,NA,NA,NA,NA,NA,NA,NA,NA,NA,NA,NA,NA,NA,NA,NA,NA,NA,NA,NA,NA,NA,NA,NA,to_ad_reverse,MR-APSS,CAUSE,none,TRUE,,TRUE
ad_bellenguez__fg_dupuis__raw,ad_bellenguez,fg_dupuis,raw,Weighted median,FALSE,FALSE,per unit of GWAS beta,-0.0204658835771942,0.020624251624632117,-0.06088941676147315,0.01995764960708475,0.32104083045034154,14,NA,NA,NA,NA,NA,NA,NA,NA,NA,NA,14,15.3661518243164,13,0.2850555621316609,0.15398467042165023,12.889189567798358,0.37714609246457326,0.867576401873611,0.0017736939275639259,487511,61.77498377648776,61.87179125699028,0.0017736939275639259,3.94349932102226e-4,TRUE,2,NA,NA,NA,NA,NA,NA,NA,NA,NA,NA,NA,NA,NA,NA,NA,NA,NA,NA,NA,NA,NA,NA,NA,NA,NA,NA,NA,NA,NA,NA,NA,NA,NA,NA,NA,NA,NA,NA,NA,NA,NA,NA,NA,NA,NA,NA,NA,NA,NA,NA,NA,NA,NA,NA,NA,NA,NA,NA,NA,to_ad_reverse,MR-APSS,CAUSE,none,NA,NA,FALSE
ad_bellenguez__fg_dupuis__raw,ad_bellenguez,fg_dupuis,raw,Weighted mode,FALSE,FALSE,per unit of GWAS beta,0.01510933939000847,0.032196187948579924,-0.04799518898920818,0.07821386776922512,0.6466359769369594,14,NA,NA,NA,NA,NA,NA,NA,NA,NA,NA,14,15.3661518243164,13,0.2850555621316609,0.15398467042165023,12.889189567798358,0.37714609246457326,0.867576401873611,0.0017736939275639259,487511,61.77498377648776,61.87179125699028,0.0017736939275639259,3.94349932102226e-4,TRUE,2,NA,NA,NA,NA,NA,NA,NA,NA,NA,NA,NA,NA,NA,NA,NA,NA,NA,NA,NA,NA,NA,NA,NA,NA,NA,NA,NA,NA,NA,NA,NA,NA,NA,NA,NA,NA,NA,NA,NA,NA,NA,NA,NA,NA,NA,NA,NA,NA,NA,NA,NA,NA,NA,NA,NA,NA,NA,NA,NA,to_ad_reverse,MR-APSS,CAUSE,none,NA,NA,FALSE
ad_bellenguez__fg_manning__raw,ad_bellenguez,fg_manning,raw,MR-APSS,TRUE,FALSE,SD(outcome) per SD(exposure),-0.014967145270018651,0.06850248101737862,-0.14923200806408074,0.11929771752404343,0.82705,186,NA,NA,NA,NA,NA,NA,NA,NA,NA,NA,NA,NA,NA,NA,NA,NA,NA,NA,NA,NA,NA,NA,NA,NA,NA,NA,NA,75.77468042678416,0.407417867924201,7.532970635426153e-8,0.006639074157621919,-0.04245593364961402,FALSE,5e-5,-0.08370300742971963,0.13348304397289984,-0.34532977361660333,0.17792375875716404,3.314762310614999e-9,-2.774555743131619e-10,1.288420793403315e-8,1.0896193114663593,0.006639074157621919,1.0169256519340346,0.006093021744160683,0.01765363193239813,NA,NA,NA,NA,NA,NA,NA,NA,NA,NA,NA,NA,NA,NA,NA,NA,NA,NA,NA,NA,NA,NA,NA,NA,NA,NA,NA,NA,NA,NA,NA,NA,NA,NA,NA,NA,NA,NA,NA,to_ad_reverse,MR-APSS,CAUSE,none,NA,NA,TRUE
ad_bellenguez__fg_manning__raw,ad_bellenguez,fg_manning,raw,CAUSE,FALSE,TRUE,SD(outcome) per SD(exposure),0.02707297362885305,NA,-0.06678682227114982,0.1186913033153086,NA,905,NA,NA,NA,NA,NA,NA,NA,NA,NA,NA,NA,NA,NA,NA,NA,NA,NA,NA,NA,NA,NA,NA,NA,NA,NA,NA,NA,NA,NA,NA,NA,NA,NA,NA,NA,NA,NA,NA,NA,NA,NA,NA,NA,NA,NA,NA,0.2858300331137922,FALSE,6.158478551765736e-4,-0.03024089975359729,0.03202909288111808,0.7228588298883927,0.4636247738333247,0.940519116022629,0.02674621775343175,-0.0685294328085116,0.11894673622472306,-0.03268684279652887,-1.6552982279191226,1.351856242198083,0.030843031371595584,0.0011499806231997833,0.23648359901989033,-5.337906207279097e-4,-0.05507679202441687,0.050435959660508976,0.02521953272684363,-0.06224416780626189,0.11219370219262648,NA,NA,NA,0.029286836296702527,9.160027357315339e-4,0.22132706326371365,0.7228588298883927,0.4636247738333247,gamma + q*eta interval spans 0: fraction not reported,NA,NA,NA,NA,NA,NA,NA,to_ad_reverse,MR-APSS,CAUSE,none,NA,NA,TRUE
ad_bellenguez__fg_manning__raw,ad_bellenguez,fg_manning,raw,IVW-FE,FALSE,FALSE,per unit of GWAS beta,0.0019687770615568045,0.012459944434188804,-0.02245271402945325,0.026390268152566856,0.8744501051648881,18,NA,NA,NA,NA,NA,NA,NA,NA,NA,NA,18,21.042795382904632,17,0.2243818821170136,0.1921225440508269,20.997076491090738,0.17862297940557015,0.8656425568793893,0.002115231233973385,487511,57.29819386443085,57.40800368648623,0.002115231233973385,3.627692818495877e-4,TRUE,1,NA,NA,NA,NA,NA,NA,NA,NA,NA,NA,NA,NA,NA,NA,NA,NA,NA,NA,NA,NA,NA,NA,NA,NA,NA,NA,NA,NA,NA,NA,NA,NA,NA,NA,NA,NA,NA,NA,NA,NA,NA,NA,NA,NA,NA,NA,NA,NA,NA,NA,NA,NA,NA,NA,NA,NA,NA,NA,NA,to_ad_reverse,MR-APSS,CAUSE,none,NA,NA,FALSE
ad_bellenguez__fg_manning__raw,ad_bellenguez,fg_manning,raw,IVW-MRE,FALSE,FALSE,per unit of GWAS beta,0.0019687770615568045,0.01386255751332565,-0.025201835664561467,0.02913938978767508,0.8870632597595045,18,1.1125697699973862,NA,NA,NA,NA,NA,NA,NA,NA,NA,18,21.042795382904632,17,0.2243818821170136,0.1921225440508269,20.997076491090738,0.17862297940557015,0.8656425568793893,0.002115231233973385,487511,57.29819386443085,57.40800368648623,0.002115231233973385,3.627692818495877e-4,TRUE,1,NA,NA,NA,NA,NA,NA,NA,NA,NA,NA,NA,NA,NA,NA,NA,NA,NA,NA,NA,NA,NA,NA,NA,NA,NA,NA,NA,NA,NA,NA,NA,NA,NA,NA,NA,NA,NA,NA,NA,NA,NA,NA,NA,NA,NA,NA,NA,NA,NA,NA,NA,NA,NA,NA,NA,NA,NA,NA,NA,to_ad_reverse,MR-APSS,CAUSE,none,NA,NA,FALSE
ad_bellenguez__fg_manning__raw,ad_bellenguez,fg_manning,raw,MR-APSS (p<5e-8),FALSE,FALSE,SD(outcome) per SD(exposure),-0.05712508533801449,0.07836183472210823,-0.2107142813933466,0.09646411071731761,0.46601,45,NA,NA,NA,NA,NA,NA,NA,NA,NA,NA,NA,NA,NA,NA,NA,NA,NA,NA,NA,NA,NA,NA,NA,NA,NA,NA,NA,35.92212172708995,0.7982624601729518,6.647293527260724e-8,0.006639074157621919,-0.04245593364961402,FALSE,5e-8,-0.08370300742971963,0.13348304397289984,-0.34532977361660333,0.17792375875716404,3.314762310614999e-9,-2.774555743131619e-10,1.288420793403315e-8,1.0896193114663593,0.006639074157621919,1.0169256519340346,0.006093021744160683,0.01765363193239813,NA,NA,NA,NA,NA,NA,NA,NA,NA,NA,NA,NA,NA,NA,NA,NA,NA,NA,NA,NA,NA,NA,NA,NA,NA,NA,NA,NA,NA,NA,NA,NA,NA,NA,NA,NA,NA,NA,NA,to_ad_reverse,MR-APSS,CAUSE,none,NA,NA,TRUE
ad_bellenguez__fg_manning__raw,ad_bellenguez,fg_manning,raw,MR-Egger,FALSE,FALSE,per unit of GWAS beta,0.009293197909848743,0.041756767860470403,-0.07255006709667325,0.09113646291637073,0.8266976246650883,18,NA,-5.583573477270475e-4,0.0029914642149246142,0.854281032080825,NA,NA,NA,NA,NA,NA,18,21.042795382904632,17,0.2243818821170136,0.1921225440508269,20.997076491090738,0.17862297940557015,0.8656425568793893,0.002115231233973385,487511,57.29819386443085,57.40800368648623,0.002115231233973385,3.627692818495877e-4,TRUE,1,NA,NA,NA,NA,NA,NA,NA,NA,NA,NA,NA,NA,NA,NA,NA,NA,NA,NA,NA,NA,NA,NA,NA,NA,NA,NA,NA,NA,NA,NA,NA,NA,NA,NA,NA,NA,NA,NA,NA,NA,NA,NA,NA,NA,NA,NA,NA,NA,NA,NA,NA,NA,NA,NA,NA,NA,NA,NA,NA,to_ad_reverse,MR-APSS,CAUSE,none,NA,NA,FALSE
ad_bellenguez__fg_manning__raw,ad_bellenguez,fg_manning,raw,MR-PRESSO,FALSE,FALSE,per unit of GWAS beta,0.0019687770615568,0.0138625575133257,-0.025201835664561575,0.029139389787675173,0.888732805383804,18,NA,NA,NA,NA,0.256,0,Raw,NA,NA,NA,18,21.042795382904632,17,0.2243818821170136,0.1921225440508269,20.997076491090738,0.17862297940557015,0.8656425568793893,0.002115231233973385,487511,57.29819386443085,57.40800368648623,0.002115231233973385,3.627692818495877e-4,TRUE,1,NA,NA,NA,NA,NA,NA,NA,NA,NA,NA,NA,NA,NA,NA,NA,NA,NA,NA,NA,NA,NA,NA,NA,NA,NA,NA,NA,NA,NA,NA,NA,NA,NA,NA,NA,NA,NA,NA,NA,NA,NA,NA,NA,NA,NA,NA,NA,NA,NA,NA,NA,NA,NA,NA,NA,NA,NA,NA,NA,to_ad_reverse,MR-APSS,CAUSE,none,NA,NA,FALSE
ad_bellenguez__fg_manning__raw,ad_bellenguez,fg_manning,raw,MR-RAPS,FALSE,FALSE,per unit of GWAS beta,0.0020853559496852503,0.015206475762724754,-0.027719336545255265,0.031890048444625764,0.8909232615444389,18,NA,NA,NA,NA,NA,NA,NA,NA,NA,NA,18,21.042795382904632,17,0.2243818821170136,0.1921225440508269,20.997076491090738,0.17862297940557015,0.8656425568793893,0.002115231233973385,487511,57.29819386443085,57.40800368648623,0.002115231233973385,3.627692818495877e-4,TRUE,1,NA,NA,NA,NA,NA,NA,NA,NA,NA,NA,NA,NA,NA,NA,NA,NA,NA,NA,NA,NA,NA,NA,NA,NA,NA,NA,NA,NA,NA,NA,NA,NA,NA,NA,NA,NA,NA,NA,NA,NA,NA,NA,NA,NA,NA,NA,NA,NA,NA,NA,NA,NA,NA,NA,NA,NA,NA,NA,NA,to_ad_reverse,MR-APSS,CAUSE,none,TRUE,,FALSE
ad_bellenguez__fg_manning__raw,ad_bellenguez,fg_manning,raw,MRAID,FALSE,FALSE,SD(outcome) per SD(exposure),0.0029524362791957413,0.01689512953016412,-0.03016201759992593,0.03606689015831741,0.86127550144754506,120,NA,NA,NA,NA,NA,NA,NA,NA,NA,NA,NA,NA,NA,NA,NA,NA,NA,NA,NA,NA,NA,NA,NA,NA,NA,NA,NA,NA,NA,NA,NA,NA,NA,NA,NA,NA,NA,NA,NA,NA,NA,NA,NA,NA,NA,NA,NA,NA,NA,NA,NA,NA,NA,NA,NA,NA,NA,NA,NA,NA,NA,NA,NA,NA,NA,NA,NA,NA,NA,NA,NA,NA,NA,NA,NA,NA,NA,NA,0,0.003413570431507388,0.00812742423436442,0.9834370805872196,0.9997071723153694,66,0.5,to_ad_reverse,MR-APSS,CAUSE,none,NA,NA,FALSE
ad_bellenguez__fg_manning__raw,ad_bellenguez,fg_manning,raw,MRBEE,FALSE,FALSE,per unit of GWAS beta,0.0019716704020343403,0.01344620274352028,-0.024382886975265406,0.02832622777933409,0.8834209209720301,18,NA,NA,NA,NA,NA,NA,NA,NA,0,0.004496793938997261,18,21.042795382904632,17,0.2243818821170136,0.1921225440508269,20.997076491090738,0.17862297940557015,0.8656425568793893,0.002115231233973385,487511,57.29819386443085,57.40800368648623,0.002115231233973385,3.627692818495877e-4,TRUE,1,NA,NA,NA,NA,NA,NA,NA,NA,NA,NA,NA,NA,NA,NA,NA,NA,NA,NA,NA,NA,NA,NA,NA,NA,NA,NA,NA,NA,NA,NA,NA,NA,NA,NA,NA,NA,NA,NA,NA,NA,NA,NA,NA,NA,NA,NA,NA,NA,NA,NA,NA,NA,NA,NA,NA,NA,NA,NA,NA,to_ad_reverse,MR-APSS,CAUSE,none,TRUE,,TRUE
ad_bellenguez__fg_manning__raw,ad_bellenguez,fg_manning,raw,Weighted median,FALSE,FALSE,per unit of GWAS beta,-0.0035331309726788595,0.018725885332736333,-0.04023586622484207,0.03316960427948436,0.8503465188522712,18,NA,NA,NA,NA,NA,NA,NA,NA,NA,NA,18,21.042795382904632,17,0.2243818821170136,0.1921225440508269,20.997076491090738,0.17862297940557015,0.8656425568793893,0.002115231233973385,487511,57.29819386443085,57.40800368648623,0.002115231233973385,3.627692818495877e-4,TRUE,1,NA,NA,NA,NA,NA,NA,NA,NA,NA,NA,NA,NA,NA,NA,NA,NA,NA,NA,NA,NA,NA,NA,NA,NA,NA,NA,NA,NA,NA,NA,NA,NA,NA,NA,NA,NA,NA,NA,NA,NA,NA,NA,NA,NA,NA,NA,NA,NA,NA,NA,NA,NA,NA,NA,NA,NA,NA,NA,NA,to_ad_reverse,MR-APSS,CAUSE,none,NA,NA,FALSE
ad_bellenguez__fg_manning__raw,ad_bellenguez,fg_manning,raw,Weighted mode,FALSE,FALSE,per unit of GWAS beta,-0.0011163048410895438,0.0211029269884605,-0.04247804173847212,0.04024543205629303,0.9584297386047343,18,NA,NA,NA,NA,NA,NA,NA,NA,NA,NA,18,21.042795382904632,17,0.2243818821170136,0.1921225440508269,20.997076491090738,0.17862297940557015,0.8656425568793893,0.002115231233973385,487511,57.29819386443085,57.40800368648623,0.002115231233973385,3.627692818495877e-4,TRUE,1,NA,NA,NA,NA,NA,NA,NA,NA,NA,NA,NA,NA,NA,NA,NA,NA,NA,NA,NA,NA,NA,NA,NA,NA,NA,NA,NA,NA,NA,NA,NA,NA,NA,NA,NA,NA,NA,NA,NA,NA,NA,NA,NA,NA,NA,NA,NA,NA,NA,NA,NA,NA,NA,NA,NA,NA,NA,NA,NA,to_ad_reverse,MR-APSS,CAUSE,none,NA,NA,FALSE
ad_bellenguez__glu2h_chen__raw,ad_bellenguez,glu2h_chen,raw,MR-APSS,TRUE,FALSE,SD(outcome) per SD(exposure),-0.07118787716383522,0.05519413971137959,-0.17936839099813923,0.03699263667046877,0.19713,189,NA,NA,NA,NA,NA,NA,NA,NA,NA,NA,NA,NA,NA,NA,NA,NA,NA,NA,NA,NA,NA,NA,NA,NA,NA,NA,NA,76.0297280359326,0.4023066029354312,6.727398293372409e-11,0.007798711582672065,0.014151763893689358,FALSE,5e-5,0.023617707286483235,0.12043960852005785,-0.21244392541283014,0.2596793399857966,3.4387926876746105e-9,8.121639911639791e-11,9.577679885808302e-9,1.0910882625757226,0.007798711582672065,1.013767518606844,0.007147645016601787,0.019820940449615854,NA,NA,NA,NA,NA,NA,NA,NA,NA,NA,NA,NA,NA,NA,NA,NA,NA,NA,NA,NA,NA,NA,NA,NA,NA,NA,NA,NA,NA,NA,NA,NA,NA,NA,NA,NA,NA,NA,NA,to_ad_reverse,MR-APSS,CAUSE,none,NA,NA,TRUE
ad_bellenguez__glu2h_chen__raw,ad_bellenguez,glu2h_chen,raw,CAUSE,FALSE,TRUE,SD(outcome) per SD(exposure),-0.00572377397493596,NA,-0.09385219327497445,0.08531763037300544,NA,926,NA,NA,NA,NA,NA,NA,NA,NA,NA,NA,NA,NA,NA,NA,NA,NA,NA,NA,NA,NA,NA,NA,NA,NA,NA,NA,NA,NA,NA,NA,NA,NA,NA,NA,NA,NA,NA,NA,NA,NA,NA,NA,NA,NA,NA,NA,0.5478039175002828,FALSE,0.008376019611231775,-0.025238949735944555,0.03657653193721287,0.9382099102831343,0.11812711804190902,0.999999999999999,-0.005817592423648395,-0.09296844319287599,0.0861043083916022,-0.026169383878443406,-1.4603580656812185,1.267590378294051,0.03709370308353406,0.0012574833590828938,0.261613585979259,-3.9984266116711734e-4,-0.05659640894208615,0.053103901735212684,-0.00702572586999816,-0.08364243139272722,0.07036947114943756,NA,NA,NA,0.02997191836634143,0.001019054113182487,0.21441955569422433,0.9382099102831343,0.11812711804190902,gamma + q*eta interval spans 0: fraction not reported,NA,NA,NA,NA,NA,NA,NA,to_ad_reverse,MR-APSS,CAUSE,none,NA,NA,TRUE
ad_bellenguez__glu2h_chen__raw,ad_bellenguez,glu2h_chen,raw,IVW-FE,FALSE,FALSE,per unit of GWAS beta,-0.017107082848818723,0.016347425423622667,-0.049148036679119156,0.014933870981481707,0.2953442986297979,58,NA,NA,NA,NA,NA,NA,NA,NA,NA,NA,58,54.94536679578652,57,0.5525538169635381,0,54.39619109633648,0.5357843492365184,0.9594209022479577,0.009650895028061662,487511,81.15055137898284,81.89985662981512,0.009650895028061662,8.839686220268977e-4,TRUE,1,NA,NA,NA,NA,NA,NA,NA,NA,NA,NA,NA,NA,NA,NA,NA,NA,NA,NA,NA,NA,NA,NA,NA,NA,NA,NA,NA,NA,NA,NA,NA,NA,NA,NA,NA,NA,NA,NA,NA,NA,NA,NA,NA,NA,NA,NA,NA,NA,NA,NA,NA,NA,NA,NA,NA,NA,NA,NA,NA,to_ad_reverse,MR-APSS,CAUSE,none,NA,NA,FALSE
ad_bellenguez__glu2h_chen__raw,ad_bellenguez,glu2h_chen,raw,IVW-MRE,FALSE,FALSE,per unit of GWAS beta,-0.017107082848818723,0.016347425423622667,-0.049148036679119156,0.014933870981481707,0.2953442986297979,58,0.9818114907836694,NA,NA,NA,NA,NA,NA,NA,NA,NA,58,54.94536679578652,57,0.5525538169635381,0,54.39619109633648,0.5357843492365184,0.9594209022479577,0.009650895028061662,487511,81.15055137898284,81.89985662981512,0.009650895028061662,8.839686220268977e-4,TRUE,1,NA,NA,NA,NA,NA,NA,NA,NA,NA,NA,NA,NA,NA,NA,NA,NA,NA,NA,NA,NA,NA,NA,NA,NA,NA,NA,NA,NA,NA,NA,NA,NA,NA,NA,NA,NA,NA,NA,NA,NA,NA,NA,NA,NA,NA,NA,NA,NA,NA,NA,NA,NA,NA,NA,NA,NA,NA,NA,NA,to_ad_reverse,MR-APSS,CAUSE,none,NA,NA,FALSE
ad_bellenguez__glu2h_chen__raw,ad_bellenguez,glu2h_chen,raw,MR-APSS (p<5e-8),FALSE,FALSE,SD(outcome) per SD(exposure),-0.06895718279476151,0.0626449953651211,-0.19174137371039884,0.05382700812087583,0.271,45,NA,NA,NA,NA,NA,NA,NA,NA,NA,NA,NA,NA,NA,NA,NA,NA,NA,NA,NA,NA,NA,NA,NA,NA,NA,NA,NA,36.105229862464746,0.802308094572513,5.483663172305584e-11,0.007798711582672065,0.014151763893689358,FALSE,5e-8,0.023617707286483235,0.12043960852005785,-0.21244392541283014,0.2596793399857966,3.4387926876746105e-9,8.121639911639791e-11,9.577679885808302e-9,1.0910882625757226,0.007798711582672065,1.013767518606844,0.007147645016601787,0.019820940449615854,NA,NA,NA,NA,NA,NA,NA,NA,NA,NA,NA,NA,NA,NA,NA,NA,NA,NA,NA,NA,NA,NA,NA,NA,NA,NA,NA,NA,NA,NA,NA,NA,NA,NA,NA,NA,NA,NA,NA,to_ad_reverse,MR-APSS,CAUSE,none,NA,NA,TRUE
ad_bellenguez__glu2h_chen__raw,ad_bellenguez,glu2h_chen,raw,MR-Egger,FALSE,FALSE,per unit of GWAS beta,0.0014670955087666472,0.029924116575492873,-0.05718417297919938,0.06011836399673268,0.9610720673106448,58,NA,-0.0020356726285156853,0.002746959657233452,0.4617510193476462,NA,NA,NA,NA,NA,NA,58,54.94536679578652,57,0.5525538169635381,0,54.39619109633648,0.5357843492365184,0.9594209022479577,0.009650895028061662,487511,81.15055137898284,81.89985662981512,0.009650895028061662,8.839686220268977e-4,TRUE,1,NA,NA,NA,NA,NA,NA,NA,NA,NA,NA,NA,NA,NA,NA,NA,NA,NA,NA,NA,NA,NA,NA,NA,NA,NA,NA,NA,NA,NA,NA,NA,NA,NA,NA,NA,NA,NA,NA,NA,NA,NA,NA,NA,NA,NA,NA,NA,NA,NA,NA,NA,NA,NA,NA,NA,NA,NA,NA,NA,to_ad_reverse,MR-APSS,CAUSE,none,NA,NA,FALSE
ad_bellenguez__glu2h_chen__raw,ad_bellenguez,glu2h_chen,raw,MR-PRESSO,FALSE,FALSE,per unit of GWAS beta,-0.0171070828488187,0.0160500901256418,-0.048565259495076625,0.014351093797439228,0.290982840497724,58,NA,NA,NA,NA,0.553,0,Raw,NA,NA,NA,58,54.94536679578652,57,0.5525538169635381,0,54.39619109633648,0.5357843492365184,0.9594209022479577,0.009650895028061662,487511,81.15055137898284,81.89985662981512,0.009650895028061662,8.839686220268977e-4,TRUE,1,NA,NA,NA,NA,NA,NA,NA,NA,NA,NA,NA,NA,NA,NA,NA,NA,NA,NA,NA,NA,NA,NA,NA,NA,NA,NA,NA,NA,NA,NA,NA,NA,NA,NA,NA,NA,NA,NA,NA,NA,NA,NA,NA,NA,NA,NA,NA,NA,NA,NA,NA,NA,NA,NA,NA,NA,NA,NA,NA,to_ad_reverse,MR-APSS,CAUSE,none,NA,NA,FALSE
ad_bellenguez__glu2h_chen__raw,ad_bellenguez,glu2h_chen,raw,MR-RAPS,FALSE,FALSE,per unit of GWAS beta,-0.017019636572331902,0.017295130671413552,-0.05091809268830246,0.016878819543638658,0.325080603505144,58,NA,NA,NA,NA,NA,NA,NA,NA,NA,NA,58,54.94536679578652,57,0.5525538169635381,0,54.39619109633648,0.5357843492365184,0.9594209022479577,0.009650895028061662,487511,81.15055137898284,81.89985662981512,0.009650895028061662,8.839686220268977e-4,TRUE,1,NA,NA,NA,NA,NA,NA,NA,NA,NA,NA,NA,NA,NA,NA,NA,NA,NA,NA,NA,NA,NA,NA,NA,NA,NA,NA,NA,NA,NA,NA,NA,NA,NA,NA,NA,NA,NA,NA,NA,NA,NA,NA,NA,NA,NA,NA,NA,NA,NA,NA,NA,NA,NA,NA,NA,NA,NA,NA,NA,to_ad_reverse,MR-APSS,CAUSE,none,TRUE,warnings: The estimated overdispersion parameter is very small. Consider using the simple model without overdispersion.,FALSE
ad_bellenguez__glu2h_chen__raw,ad_bellenguez,glu2h_chen,raw,MRAID,FALSE,FALSE,SD(outcome) per SD(exposure),6.411024529163909e-4,0.06300985275686309,-0.12285820895053527,0.12414041385636805,0.9918819533607969,143,NA,NA,NA,NA,NA,NA,NA,NA,NA,NA,NA,NA,NA,NA,NA,NA,NA,NA,NA,NA,NA,NA,NA,NA,NA,NA,NA,NA,NA,NA,NA,NA,NA,NA,NA,NA,NA,NA,NA,NA,NA,NA,NA,NA,NA,NA,NA,NA,NA,NA,NA,NA,NA,NA,NA,NA,NA,NA,NA,NA,NA,NA,NA,NA,NA,NA,NA,NA,NA,NA,NA,NA,NA,NA,NA,NA,NA,NA,1.598310000234219e-4,0.0030565652871950497,0.006799236135677229,0.9810562313407487,0.9983514751853426,72,0.5,to_ad_reverse,MR-APSS,CAUSE,none,NA,NA,FALSE
ad_bellenguez__glu2h_chen__raw,ad_bellenguez,glu2h_chen,raw,MRBEE,FALSE,FALSE,per unit of GWAS beta,-0.017321126438974793,0.017092275529738226,-0.050821986477261716,0.01617973359931213,0.31087432352768296,58,NA,NA,NA,NA,NA,NA,NA,NA,0,1.8449126478052873e-4,58,54.94536679578652,57,0.5525538169635381,0,54.39619109633648,0.5357843492365184,0.9594209022479577,0.009650895028061662,487511,81.15055137898284,81.89985662981512,0.009650895028061662,8.839686220268977e-4,TRUE,1,NA,NA,NA,NA,NA,NA,NA,NA,NA,NA,NA,NA,NA,NA,NA,NA,NA,NA,NA,NA,NA,NA,NA,NA,NA,NA,NA,NA,NA,NA,NA,NA,NA,NA,NA,NA,NA,NA,NA,NA,NA,NA,NA,NA,NA,NA,NA,NA,NA,NA,NA,NA,NA,NA,NA,NA,NA,NA,NA,to_ad_reverse,MR-APSS,CAUSE,none,TRUE,,TRUE
ad_bellenguez__glu2h_chen__raw,ad_bellenguez,glu2h_chen,raw,Weighted median,FALSE,FALSE,per unit of GWAS beta,-0.012101174008821406,0.026349385766018196,-0.06374597011021707,0.039543622092574254,0.6460486919761962,58,NA,NA,NA,NA,NA,NA,NA,NA,NA,NA,58,54.94536679578652,57,0.5525538169635381,0,54.39619109633648,0.5357843492365184,0.9594209022479577,0.009650895028061662,487511,81.15055137898284,81.89985662981512,0.009650895028061662,8.839686220268977e-4,TRUE,1,NA,NA,NA,NA,NA,NA,NA,NA,NA,NA,NA,NA,NA,NA,NA,NA,NA,NA,NA,NA,NA,NA,NA,NA,NA,NA,NA,NA,NA,NA,NA,NA,NA,NA,NA,NA,NA,NA,NA,NA,NA,NA,NA,NA,NA,NA,NA,NA,NA,NA,NA,NA,NA,NA,NA,NA,NA,NA,NA,to_ad_reverse,MR-APSS,CAUSE,none,NA,NA,FALSE
ad_bellenguez__glu2h_chen__raw,ad_bellenguez,glu2h_chen,raw,Weighted mode,FALSE,FALSE,per unit of GWAS beta,-0.034196296483892774,0.03395446045556627,-0.10074703897680266,0.032354446009017115,0.3181323100904102,58,NA,NA,NA,NA,NA,NA,NA,NA,NA,NA,58,54.94536679578652,57,0.5525538169635381,0,54.39619109633648,0.5357843492365184,0.9594209022479577,0.009650895028061662,487511,81.15055137898284,81.89985662981512,0.009650895028061662,8.839686220268977e-4,TRUE,1,NA,NA,NA,NA,NA,NA,NA,NA,NA,NA,NA,NA,NA,NA,NA,NA,NA,NA,NA,NA,NA,NA,NA,NA,NA,NA,NA,NA,NA,NA,NA,NA,NA,NA,NA,NA,NA,NA,NA,NA,NA,NA,NA,NA,NA,NA,NA,NA,NA,NA,NA,NA,NA,NA,NA,NA,NA,NA,NA,to_ad_reverse,MR-APSS,CAUSE,none,NA,NA,FALSE
ad_bellenguez__leanmass_pei__raw,ad_bellenguez,leanmass_pei,raw,MR-APSS,TRUE,FALSE,SD(outcome) per SD(exposure),0.025011157805874016,0.0626340751021933,-0.09775162939442486,0.14777394500617289,0.68966,192,NA,NA,NA,NA,NA,NA,NA,NA,NA,NA,NA,NA,NA,NA,NA,NA,NA,NA,NA,NA,NA,NA,NA,NA,NA,NA,NA,76.9909336889937,0.4010209032357117,1.8171964533598594e-7,-0.01593794164113299,-0.06190586433106745,FALSE,5e-5,-0.26469038670402,0.11818183192045946,-0.4963267772681206,-0.03305399613991947,3.3901642978680085e-9,-8.973438989928456e-10,6.197742088377313e-8,1.0922703030898917,-0.01593794164113299,1.637248361304573,-0.014591572796629745,-0.015183462847010437,NA,NA,NA,NA,NA,NA,NA,NA,NA,NA,NA,NA,NA,NA,NA,NA,NA,NA,NA,NA,NA,NA,NA,NA,NA,NA,NA,NA,NA,NA,NA,NA,NA,NA,NA,NA,NA,NA,NA,to_ad_reverse,MR-APSS,CAUSE,UKB,NA,NA,TRUE
ad_bellenguez__leanmass_pei__raw,ad_bellenguez,leanmass_pei,raw,CAUSE,FALSE,TRUE,SD(outcome) per SD(exposure),0.013987828565971546,NA,-0.05548004554602162,0.08053646590627674,NA,921,NA,NA,NA,NA,NA,NA,NA,NA,NA,NA,NA,NA,NA,NA,NA,NA,NA,NA,NA,NA,NA,NA,NA,NA,NA,NA,NA,NA,NA,NA,NA,NA,NA,NA,NA,NA,NA,NA,NA,NA,NA,NA,NA,NA,NA,NA,0.34666186842729957,FALSE,-0.039440242434172115,-0.007860271452685051,0.027346892336611306,0.8347006493158275,0.4028039523919432,0.9808777950089709,0.013631827598572479,-0.055861585106832944,0.08063102835691137,-0.008953690272748812,-2.1461531059472696,1.3002159754570746,0.027223811519366727,8.058628095596128e-4,0.2408365351307285,-1.1182387709194121e-4,-0.03850565032905056,0.04047594113752378,0.014255235563992639,-0.04944755040511139,0.07766686653313178,NA,NA,NA,0.023733837517081864,6.427914643446956e-4,0.212530036207001,0.8347006493158275,0.4028039523919432,gamma + q*eta interval spans 0: fraction not reported,NA,NA,NA,NA,NA,NA,NA,to_ad_reverse,MR-APSS,CAUSE,UKB,NA,NA,TRUE
ad_bellenguez__leanmass_pei__raw,ad_bellenguez,leanmass_pei,raw,IVW-FE,FALSE,FALSE,per unit of GWAS beta,0.017874894551377026,0.0032125932239291783,0.011578211832475836,0.024171577270278216,2.636477793142135e-8,59,NA,NA,NA,NA,NA,NA,NA,NA,NA,NA,59,521.6743124998951,58,8.773267661612894e-76,0.8888195208959773,514.3380205728048,7.659480057530453e-75,0.9647849032464193,0.010294068048261806,487511,85.09299007242139,85.93296871214358,0.010294068048261806,0.001227150625948188,TRUE,4,NA,NA,NA,NA,NA,NA,NA,NA,NA,NA,NA,NA,NA,NA,NA,NA,NA,NA,NA,NA,NA,NA,NA,NA,NA,NA,NA,NA,NA,NA,NA,NA,NA,NA,NA,NA,NA,NA,NA,NA,NA,NA,NA,NA,NA,NA,NA,NA,NA,NA,NA,NA,NA,NA,NA,NA,NA,NA,NA,to_ad_reverse,MR-APSS,CAUSE,UKB,NA,NA,FALSE
ad_bellenguez__leanmass_pei__raw,ad_bellenguez,leanmass_pei,raw,IVW-MRE,FALSE,FALSE,per unit of GWAS beta,0.017874894551377026,0.009634772589288625,-0.0010092597236286763,0.03675904882638273,0.06356079084303118,59,2.999063970353759,NA,NA,NA,NA,NA,NA,NA,NA,NA,59,521.6743124998951,58,8.773267661612894e-76,0.8888195208959773,514.3380205728048,7.659480057530453e-75,0.9647849032464193,0.010294068048261806,487511,85.09299007242139,85.93296871214358,0.010294068048261806,0.001227150625948188,TRUE,4,NA,NA,NA,NA,NA,NA,NA,NA,NA,NA,NA,NA,NA,NA,NA,NA,NA,NA,NA,NA,NA,NA,NA,NA,NA,NA,NA,NA,NA,NA,NA,NA,NA,NA,NA,NA,NA,NA,NA,NA,NA,NA,NA,NA,NA,NA,NA,NA,NA,NA,NA,NA,NA,NA,NA,NA,NA,NA,NA,to_ad_reverse,MR-APSS,CAUSE,UKB,NA,NA,FALSE
ad_bellenguez__leanmass_pei__raw,ad_bellenguez,leanmass_pei,raw,MR-APSS (p<5e-8),FALSE,FALSE,SD(outcome) per SD(exposure),0.09249789047243132,0.06664580599981088,-0.038127889287197986,0.22312367023206062,0.16517,44,NA,NA,NA,NA,NA,NA,NA,NA,NA,NA,NA,NA,NA,NA,NA,NA,NA,NA,NA,NA,NA,NA,NA,NA,NA,NA,NA,37.45947284576576,0.8513237869801803,1.2869530307683305e-7,-0.01593794164113299,-0.06190586433106745,FALSE,5e-8,-0.26469038670402,0.11818183192045946,-0.4963267772681206,-0.03305399613991947,3.3901642978680085e-9,-8.973438989928456e-10,6.197742088377313e-8,1.0922703030898917,-0.01593794164113299,1.637248361304573,-0.014591572796629745,-0.015183462847010437,NA,NA,NA,NA,NA,NA,NA,NA,NA,NA,NA,NA,NA,NA,NA,NA,NA,NA,NA,NA,NA,NA,NA,NA,NA,NA,NA,NA,NA,NA,NA,NA,NA,NA,NA,NA,NA,NA,NA,to_ad_reverse,MR-APSS,CAUSE,UKB,NA,NA,TRUE
ad_bellenguez__leanmass_pei__raw,ad_bellenguez,leanmass_pei,raw,MR-Egger,FALSE,FALSE,per unit of GWAS beta,0.005440614690768485,0.016831444003569822,-0.02754901555622837,0.03843024493776534,0.7476955501362008,59,NA,0.0014748479306982715,0.0016356705248256312,0.3710223591500339,NA,NA,NA,NA,NA,NA,59,521.6743124998951,58,8.773267661612894e-76,0.8888195208959773,514.3380205728048,7.659480057530453e-75,0.9647849032464193,0.010294068048261806,487511,85.09299007242139,85.93296871214358,0.010294068048261806,0.001227150625948188,TRUE,4,NA,NA,NA,NA,NA,NA,NA,NA,NA,NA,NA,NA,NA,NA,NA,NA,NA,NA,NA,NA,NA,NA,NA,NA,NA,NA,NA,NA,NA,NA,NA,NA,NA,NA,NA,NA,NA,NA,NA,NA,NA,NA,NA,NA,NA,NA,NA,NA,NA,NA,NA,NA,NA,NA,NA,NA,NA,NA,NA,to_ad_reverse,MR-APSS,CAUSE,UKB,NA,NA,FALSE
ad_bellenguez__leanmass_pei__raw,ad_bellenguez,leanmass_pei,raw,MR-PRESSO,FALSE,FALSE,per unit of GWAS beta,0.0136409149386694,0.00492923841881673,0.003979607637788608,0.02330222223955019,0.00790251581420454,51,NA,NA,NA,NA,0.001,8,Outlier-corrected,0.254,NA,NA,59,521.6743124998951,58,8.773267661612894e-76,0.8888195208959773,514.3380205728048,7.659480057530453e-75,0.9647849032464193,0.010294068048261806,487511,85.09299007242139,85.93296871214358,0.010294068048261806,0.001227150625948188,TRUE,4,NA,NA,NA,NA,NA,NA,NA,NA,NA,NA,NA,NA,NA,NA,NA,NA,NA,NA,NA,NA,NA,NA,NA,NA,NA,NA,NA,NA,NA,NA,NA,NA,NA,NA,NA,NA,NA,NA,NA,NA,NA,NA,NA,NA,NA,NA,NA,NA,NA,NA,NA,NA,NA,NA,NA,NA,NA,NA,NA,to_ad_reverse,MR-APSS,CAUSE,UKB,NA,NA,FALSE
ad_bellenguez__leanmass_pei__raw,ad_bellenguez,leanmass_pei,raw,MR-RAPS,FALSE,FALSE,per unit of GWAS beta,0.01716905023195405,0.005923031085082574,0.005559909305192207,0.028778191158715896,0.003747213041902563,59,NA,NA,NA,NA,NA,NA,NA,NA,NA,NA,59,521.6743124998951,58,8.773267661612894e-76,0.8888195208959773,514.3380205728048,7.659480057530453e-75,0.9647849032464193,0.010294068048261806,487511,85.09299007242139,85.93296871214358,0.010294068048261806,0.001227150625948188,TRUE,4,NA,NA,NA,NA,NA,NA,NA,NA,NA,NA,NA,NA,NA,NA,NA,NA,NA,NA,NA,NA,NA,NA,NA,NA,NA,NA,NA,NA,NA,NA,NA,NA,NA,NA,NA,NA,NA,NA,NA,NA,NA,NA,NA,NA,NA,NA,NA,NA,NA,NA,NA,NA,NA,NA,NA,NA,NA,NA,NA,to_ad_reverse,MR-APSS,CAUSE,UKB,TRUE,,FALSE
ad_bellenguez__leanmass_pei__raw,ad_bellenguez,leanmass_pei,raw,MRBEE,FALSE,FALSE,per unit of GWAS beta,0.017939406646089662,0.006243087822681754,0.005702954513633425,0.0301758587785459,0.004059729426804403,59,NA,NA,NA,NA,NA,NA,NA,NA,3,-0.008392890287144194,59,521.6743124998951,58,8.773267661612894e-76,0.8888195208959773,514.3380205728048,7.659480057530453e-75,0.9647849032464193,0.010294068048261806,487511,85.09299007242139,85.93296871214358,0.010294068048261806,0.001227150625948188,TRUE,4,NA,NA,NA,NA,NA,NA,NA,NA,NA,NA,NA,NA,NA,NA,NA,NA,NA,NA,NA,NA,NA,NA,NA,NA,NA,NA,NA,NA,NA,NA,NA,NA,NA,NA,NA,NA,NA,NA,NA,NA,NA,NA,NA,NA,NA,NA,NA,NA,NA,NA,NA,NA,NA,NA,NA,NA,NA,NA,NA,to_ad_reverse,MR-APSS,CAUSE,UKB,TRUE,,TRUE
ad_bellenguez__leanmass_pei__raw,ad_bellenguez,leanmass_pei,raw,Weighted median,FALSE,FALSE,per unit of GWAS beta,0.013299700582365553,0.005498297189678926,0.002523038090594858,0.02407636307413625,0.015568534886350007,59,NA,NA,NA,NA,NA,NA,NA,NA,NA,NA,59,521.6743124998951,58,8.773267661612894e-76,0.8888195208959773,514.3380205728048,7.659480057530453e-75,0.9647849032464193,0.010294068048261806,487511,85.09299007242139,85.93296871214358,0.010294068048261806,0.001227150625948188,TRUE,4,NA,NA,NA,NA,NA,NA,NA,NA,NA,NA,NA,NA,NA,NA,NA,NA,NA,NA,NA,NA,NA,NA,NA,NA,NA,NA,NA,NA,NA,NA,NA,NA,NA,NA,NA,NA,NA,NA,NA,NA,NA,NA,NA,NA,NA,NA,NA,NA,NA,NA,NA,NA,NA,NA,NA,NA,NA,NA,NA,to_ad_reverse,MR-APSS,CAUSE,UKB,NA,NA,FALSE
ad_bellenguez__leanmass_pei__raw,ad_bellenguez,leanmass_pei,raw,Weighted mode,FALSE,FALSE,per unit of GWAS beta,0.013978749840121707,0.006231396104566282,0.0017652134751717941,0.02619228620507162,0.02871349198401922,59,NA,NA,NA,NA,NA,NA,NA,NA,NA,NA,59,521.6743124998951,58,8.773267661612894e-76,0.8888195208959773,514.3380205728048,7.659480057530453e-75,0.9647849032464193,0.010294068048261806,487511,85.09299007242139,85.93296871214358,0.010294068048261806,0.001227150625948188,TRUE,4,NA,NA,NA,NA,NA,NA,NA,NA,NA,NA,NA,NA,NA,NA,NA,NA,NA,NA,NA,NA,NA,NA,NA,NA,NA,NA,NA,NA,NA,NA,NA,NA,NA,NA,NA,NA,NA,NA,NA,NA,NA,NA,NA,NA,NA,NA,NA,NA,NA,NA,NA,NA,NA,NA,NA,NA,NA,NA,NA,to_ad_reverse,MR-APSS,CAUSE,UKB,NA,NA,FALSE
ad_bellenguez__t2d_xue__raw,ad_bellenguez,t2d_xue,raw,MR-APSS,TRUE,FALSE,SD(outcome) per SD(exposure),-0.030949319232559436,0.03523860838052469,-0.10001699165838783,0.038118353193268964,0.37979,163,NA,NA,NA,NA,NA,NA,NA,NA,NA,NA,NA,NA,NA,NA,NA,NA,NA,NA,NA,NA,NA,NA,NA,NA,NA,NA,NA,63.914354297100026,0.39213349517284635,4.521144255781328e-8,-0.006391052822928518,-0.0750702928059419,FALSE,5e-5,-0.10705817429085104,0.059482410744023405,-0.22364369934913692,0.009527350767434828,3.3015149186181726e-9,-3.534541595812692e-10,6.714546878589416e-9,1.0901819367092997,-0.006391052822928518,1.164947010461979,-0.005862372699202694,-0.0050550365847527815,NA,NA,NA,NA,NA,NA,NA,NA,NA,NA,NA,NA,NA,NA,NA,NA,NA,NA,NA,NA,NA,NA,NA,NA,NA,NA,NA,NA,NA,NA,NA,NA,NA,NA,NA,NA,NA,NA,NA,to_ad_reverse,MR-APSS,CAUSE,UKB,NA,NA,TRUE
ad_bellenguez__t2d_xue__raw,ad_bellenguez,t2d_xue,raw,CAUSE,FALSE,TRUE,SD(outcome) per SD(exposure),-0.016872839855883035,NA,-0.06009990212542272,0.027332287957487576,NA,755,NA,NA,NA,NA,NA,NA,NA,NA,NA,NA,NA,NA,NA,NA,NA,NA,NA,NA,NA,NA,NA,NA,NA,NA,NA,NA,NA,NA,NA,NA,NA,NA,NA,NA,NA,NA,NA,NA,NA,NA,NA,NA,NA,NA,NA,NA,0.7726365807936243,FALSE,-0.026150984857270954,-0.0102239253227042,0.028776083881337403,0.6246619843828691,0.6639431805461606,0.8266056759421586,-0.016787243108238814,-0.06014774693575839,0.02735303562412969,-0.010410595207755379,-1.0585319351505638,0.8148949769603818,0.028661754985358757,9.908746774128078e-4,0.2415597164005655,-1.3897772229650988e-4,-0.02369404064666674,0.023776186496828146,-0.017147636074012308,-0.05774311746862679,0.02496744891895284,NA,NA,NA,0.026530120758142213,8.124324784932427e-4,0.2241854423648824,0.6246619843828691,0.6639431805461606,gamma + q*eta interval spans 0: fraction not reported,NA,NA,NA,NA,NA,NA,NA,to_ad_reverse,MR-APSS,CAUSE,UKB,NA,NA,TRUE
ad_bellenguez__t2d_xue__raw,ad_bellenguez,t2d_xue,raw,IVW-FE,FALSE,FALSE,per unit of GWAS beta,-0.01965459733975351,0.025349923925226014,-0.06934044823319649,0.030031253553689474,0.43814373529183204,24,NA,NA,NA,NA,NA,NA,NA,NA,NA,NA,24,89.26194044773005,23,9.45205123073652e-10,0.7423313913563382,78.08459191275671,3.338343356192154e-8,0.8546354296298713,0.002878299248306389,487511,58.47653258275374,58.632536458944756,0.002878299248306389,1.3705281777397533e-4,TRUE,0,NA,NA,NA,NA,NA,NA,NA,NA,NA,NA,NA,NA,NA,NA,NA,NA,NA,NA,NA,NA,NA,NA,NA,NA,NA,NA,NA,NA,NA,NA,NA,NA,NA,NA,NA,NA,NA,NA,NA,NA,NA,NA,NA,NA,NA,NA,NA,NA,NA,NA,NA,NA,NA,NA,NA,NA,NA,NA,NA,to_ad_reverse,MR-APSS,CAUSE,UKB,NA,NA,FALSE
ad_bellenguez__t2d_xue__raw,ad_bellenguez,t2d_xue,raw,IVW-MRE,FALSE,FALSE,per unit of GWAS beta,-0.01965459733975351,0.04993969713276524,-0.11753640371997338,0.07822720904046636,0.6939010364853506,24,1.970013688406759,NA,NA,NA,NA,NA,NA,NA,NA,NA,24,89.26194044773005,23,9.45205123073652e-10,0.7423313913563382,78.08459191275671,3.338343356192154e-8,0.8546354296298713,0.002878299248306389,487511,58.47653258275374,58.632536458944756,0.002878299248306389,1.3705281777397533e-4,TRUE,0,NA,NA,NA,NA,NA,NA,NA,NA,NA,NA,NA,NA,NA,NA,NA,NA,NA,NA,NA,NA,NA,NA,NA,NA,NA,NA,NA,NA,NA,NA,NA,NA,NA,NA,NA,NA,NA,NA,NA,NA,NA,NA,NA,NA,NA,NA,NA,NA,NA,NA,NA,NA,NA,NA,NA,NA,NA,NA,NA,to_ad_reverse,MR-APSS,CAUSE,UKB,NA,NA,FALSE
ad_bellenguez__t2d_xue__raw,ad_bellenguez,t2d_xue,raw,MR-APSS (p<5e-8),FALSE,FALSE,SD(outcome) per SD(exposure),-0.06650142389726364,0.03935770000213258,-0.1436425159014435,0.010639668106916217,0.091092,40,NA,NA,NA,NA,NA,NA,NA,NA,NA,NA,NA,NA,NA,NA,NA,NA,NA,NA,NA,NA,NA,NA,NA,NA,NA,NA,NA,30.86748708523576,0.7716793161884882,3.6263319923054006e-8,-0.006391052822928518,-0.0750702928059419,FALSE,5e-8,-0.10705817429085104,0.059482410744023405,-0.22364369934913692,0.009527350767434828,3.3015149186181726e-9,-3.534541595812692e-10,6.714546878589416e-9,1.0901819367092997,-0.006391052822928518,1.164947010461979,-0.005862372699202694,-0.0050550365847527815,NA,NA,NA,NA,NA,NA,NA,NA,NA,NA,NA,NA,NA,NA,NA,NA,NA,NA,NA,NA,NA,NA,NA,NA,NA,NA,NA,NA,NA,NA,NA,NA,NA,NA,NA,NA,NA,NA,NA,to_ad_reverse,MR-APSS,CAUSE,UKB,NA,NA,TRUE
ad_bellenguez__t2d_xue__raw,ad_bellenguez,t2d_xue,raw,MR-Egger,FALSE,FALSE,per unit of GWAS beta,0.21789650945002767,0.14212677486537714,-0.06067196928611154,0.4964649881861669,0.13950355276464083,24,NA,-0.01799907579805935,0.010142666394562006,0.08980618327971501,NA,NA,NA,NA,NA,NA,24,89.26194044773005,23,9.45205123073652e-10,0.7423313913563382,78.08459191275671,3.338343356192154e-8,0.8546354296298713,0.002878299248306389,487511,58.47653258275374,58.632536458944756,0.002878299248306389,1.3705281777397533e-4,TRUE,0,NA,NA,NA,NA,NA,NA,NA,NA,NA,NA,NA,NA,NA,NA,NA,NA,NA,NA,NA,NA,NA,NA,NA,NA,NA,NA,NA,NA,NA,NA,NA,NA,NA,NA,NA,NA,NA,NA,NA,NA,NA,NA,NA,NA,NA,NA,NA,NA,NA,NA,NA,NA,NA,NA,NA,NA,NA,NA,NA,to_ad_reverse,MR-APSS,CAUSE,UKB,NA,NA,FALSE
ad_bellenguez__t2d_xue__raw,ad_bellenguez,t2d_xue,raw,MR-PRESSO,FALSE,FALSE,per unit of GWAS beta,0.00969774470672434,0.0303052010087848,-0.049700449270493864,0.06909593868394254,0.752458580169836,20,NA,NA,NA,NA,0.001,4,Outlier-corrected,0.123,NA,NA,24,89.26194044773005,23,9.45205123073652e-10,0.7423313913563382,78.08459191275671,3.338343356192154e-8,0.8546354296298713,0.002878299248306389,487511,58.47653258275374,58.632536458944756,0.002878299248306389,1.3705281777397533e-4,TRUE,0,NA,NA,NA,NA,NA,NA,NA,NA,NA,NA,NA,NA,NA,NA,NA,NA,NA,NA,NA,NA,NA,NA,NA,NA,NA,NA,NA,NA,NA,NA,NA,NA,NA,NA,NA,NA,NA,NA,NA,NA,NA,NA,NA,NA,NA,NA,NA,NA,NA,NA,NA,NA,NA,NA,NA,NA,NA,NA,NA,to_ad_reverse,MR-APSS,CAUSE,UKB,NA,NA,FALSE
ad_bellenguez__t2d_xue__raw,ad_bellenguez,t2d_xue,raw,MR-RAPS,FALSE,FALSE,per unit of GWAS beta,-0.005737295091965413,0.02695913589548332,-0.05857720144711272,0.047102611263181896,0.8314716515353379,24,NA,NA,NA,NA,NA,NA,NA,NA,NA,NA,24,89.26194044773005,23,9.45205123073652e-10,0.7423313913563382,78.08459191275671,3.338343356192154e-8,0.8546354296298713,0.002878299248306389,487511,58.47653258275374,58.632536458944756,0.002878299248306389,1.3705281777397533e-4,TRUE,0,NA,NA,NA,NA,NA,NA,NA,NA,NA,NA,NA,NA,NA,NA,NA,NA,NA,NA,NA,NA,NA,NA,NA,NA,NA,NA,NA,NA,NA,NA,NA,NA,NA,NA,NA,NA,NA,NA,NA,NA,NA,NA,NA,NA,NA,NA,NA,NA,NA,NA,NA,NA,NA,NA,NA,NA,NA,NA,NA,to_ad_reverse,MR-APSS,CAUSE,UKB,FALSE,over-dispersion optimiser failed (tau2 forced to 0),FALSE
ad_bellenguez__t2d_xue__raw,ad_bellenguez,t2d_xue,raw,MRBEE,FALSE,FALSE,per unit of GWAS beta,0.0033208707848265285,0.04365460513468884,-0.0822421552791636,0.08888389684881666,0.9393622234156508,24,NA,NA,NA,NA,NA,NA,NA,NA,1,-0.01031237519088857,24,89.26194044773005,23,9.45205123073652e-10,0.7423313913563382,78.08459191275671,3.338343356192154e-8,0.8546354296298713,0.002878299248306389,487511,58.47653258275374,58.632536458944756,0.002878299248306389,1.3705281777397533e-4,TRUE,0,NA,NA,NA,NA,NA,NA,NA,NA,NA,NA,NA,NA,NA,NA,NA,NA,NA,NA,NA,NA,NA,NA,NA,NA,NA,NA,NA,NA,NA,NA,NA,NA,NA,NA,NA,NA,NA,NA,NA,NA,NA,NA,NA,NA,NA,NA,NA,NA,NA,NA,NA,NA,NA,NA,NA,NA,NA,NA,NA,to_ad_reverse,MR-APSS,CAUSE,UKB,TRUE,,TRUE
ad_bellenguez__t2d_xue__raw,ad_bellenguez,t2d_xue,raw,Weighted median,FALSE,FALSE,per unit of GWAS beta,0.005067183285104032,0.041550405661365454,-0.07637161181117226,0.08650597838138031,0.902936495109891,24,NA,NA,NA,NA,NA,NA,NA,NA,NA,NA,24,89.26194044773005,23,9.45205123073652e-10,0.7423313913563382,78.08459191275671,3.338343356192154e-8,0.8546354296298713,0.002878299248306389,487511,58.47653258275374,58.632536458944756,0.002878299248306389,1.3705281777397533e-4,TRUE,0,NA,NA,NA,NA,NA,NA,NA,NA,NA,NA,NA,NA,NA,NA,NA,NA,NA,NA,NA,NA,NA,NA,NA,NA,NA,NA,NA,NA,NA,NA,NA,NA,NA,NA,NA,NA,NA,NA,NA,NA,NA,NA,NA,NA,NA,NA,NA,NA,NA,NA,NA,NA,NA,NA,NA,NA,NA,NA,NA,to_ad_reverse,MR-APSS,CAUSE,UKB,NA,NA,FALSE
ad_bellenguez__t2d_xue__raw,ad_bellenguez,t2d_xue,raw,Weighted mode,FALSE,FALSE,per unit of GWAS beta,0.018151929123028987,0.060600507860877326,-0.10062506628429056,0.13692892453034855,0.7672225759550505,24,NA,NA,NA,NA,NA,NA,NA,NA,NA,NA,24,89.26194044773005,23,9.45205123073652e-10,0.7423313913563382,78.08459191275671,3.338343356192154e-8,0.8546354296298713,0.002878299248306389,487511,58.47653258275374,58.632536458944756,0.002878299248306389,1.3705281777397533e-4,TRUE,0,NA,NA,NA,NA,NA,NA,NA,NA,NA,NA,NA,NA,NA,NA,NA,NA,NA,NA,NA,NA,NA,NA,NA,NA,NA,NA,NA,NA,NA,NA,NA,NA,NA,NA,NA,NA,NA,NA,NA,NA,NA,NA,NA,NA,NA,NA,NA,NA,NA,NA,NA,NA,NA,NA,NA,NA,NA,NA,NA,to_ad_reverse,MR-APSS,CAUSE,UKB,NA,NA,FALSE
ad_kunkle__bmi_ukb__raw,ad_kunkle,bmi_ukb,raw,MR-APSS,TRUE,FALSE,SD(outcome) per SD(exposure),-0.04283036234346274,0.03432688142906753,-0.11011104994443509,0.024450325257509606,0.21213,64,NA,NA,NA,NA,NA,NA,NA,NA,NA,NA,NA,NA,NA,NA,NA,NA,NA,NA,NA,NA,NA,NA,NA,NA,NA,NA,NA,25.2913396474066,0.39519275264239134,1.228139623402201e-7,0.012969744617753552,-0.018715522957250205,FALSE,5e-5,-0.03585270797772266,0.06863360689798313,-0.1703745774977696,0.09866916154232427,1.0912602887904923e-8,-3.912463646169081e-10,4.0046848539591896e-8,1.0297768737580903,0.012969744617753552,1.342229521379195,0.01259471342604683,0.004721464458233719,NA,NA,NA,NA,NA,NA,NA,NA,NA,NA,NA,NA,NA,NA,NA,NA,NA,NA,NA,NA,NA,NA,NA,NA,NA,NA,NA,NA,NA,NA,NA,NA,NA,NA,NA,NA,NA,NA,NA,to_ad_reverse,MR-APSS,CAUSE,none,NA,NA,TRUE
ad_kunkle__bmi_ukb__raw,ad_kunkle,bmi_ukb,raw,CAUSE,FALSE,TRUE,SD(outcome) per SD(exposure),-0.048043805290979305,NA,-0.0815724307369507,-0.013334635625176757,NA,607,NA,NA,NA,NA,NA,NA,NA,NA,NA,NA,NA,NA,NA,NA,NA,NA,NA,NA,NA,NA,NA,NA,NA,NA,NA,NA,NA,NA,NA,NA,NA,NA,NA,NA,NA,NA,NA,NA,NA,NA,NA,NA,NA,NA,NA,NA,0.975,TRUE,0.006016908192180378,0.017480037691977885,0.03390480525924009,-2.563632717771543,2.6268624128164366,0.16454968248794535,-0.047967472642598055,-0.08208608971448064,-0.013380079099259166,0.01703849105891616,-0.5195731495798791,0.5377538077902176,0.034371394831028704,0.0012199621778122632,0.23960585652243788,3.33944809755216e-4,-0.01725060762052316,0.021985564337776868,-0.046781145425446355,-0.08203650698346432,-0.010546988636940887,-0.00647189183719084,-0.8987028071815213,0.39249173212785177,0.061946505889600705,0.0017535843757672633,0.3601410637639645,-2.563632717771543,2.6268624128164366,,NA,NA,NA,NA,NA,NA,NA,to_ad_reverse,MR-APSS,CAUSE,none,NA,NA,TRUE
ad_kunkle__bmi_ukb__raw,ad_kunkle,bmi_ukb,raw,IVW-FE,FALSE,FALSE,per unit of GWAS beta,-0.021783169059533623,0.004258518410131955,-0.030129865143392255,-0.013436472975674992,3.1341037914135873e-7,14,NA,NA,NA,NA,NA,NA,NA,NA,NA,NA,14,107.92208429309123,13,4.763812860828275e-17,0.879542726725931,107.66732666148116,1.7293736764904534e-17,0.9388871372167751,0.014884366716836848,63926,68.06538442185904,68.97484410531152,0.014884366716836848,2.947419753368017e-4,TRUE,0,NA,NA,NA,NA,NA,NA,NA,NA,NA,NA,NA,NA,NA,NA,NA,NA,NA,NA,NA,NA,NA,NA,NA,NA,NA,NA,NA,NA,NA,NA,NA,NA,NA,NA,NA,NA,NA,NA,NA,NA,NA,NA,NA,NA,NA,NA,NA,NA,NA,NA,NA,NA,NA,NA,NA,NA,NA,NA,NA,to_ad_reverse,MR-APSS,CAUSE,none,NA,NA,FALSE
ad_kunkle__bmi_ukb__raw,ad_kunkle,bmi_ukb,raw,IVW-MRE,FALSE,FALSE,per unit of GWAS beta,-0.021783169059533623,0.012269928021938993,-0.04583222798253405,0.002265889863466805,0.07584344502747643,14,2.881266872710032,NA,NA,NA,NA,NA,NA,NA,NA,NA,14,107.92208429309123,13,4.763812860828275e-17,0.879542726725931,107.66732666148116,1.7293736764904534e-17,0.9388871372167751,0.014884366716836848,63926,68.06538442185904,68.97484410531152,0.014884366716836848,2.947419753368017e-4,TRUE,0,NA,NA,NA,NA,NA,NA,NA,NA,NA,NA,NA,NA,NA,NA,NA,NA,NA,NA,NA,NA,NA,NA,NA,NA,NA,NA,NA,NA,NA,NA,NA,NA,NA,NA,NA,NA,NA,NA,NA,NA,NA,NA,NA,NA,NA,NA,NA,NA,NA,NA,NA,NA,NA,NA,NA,NA,NA,NA,NA,to_ad_reverse,MR-APSS,CAUSE,none,NA,NA,FALSE
ad_kunkle__bmi_ukb__raw,ad_kunkle,bmi_ukb,raw,MR-APSS (p<5e-8),FALSE,FALSE,SD(outcome) per SD(exposure),-0.06100553987066748,0.033529992112179656,-0.1267243244105396,0.0047132446692046415,0.068846,13,NA,NA,NA,NA,NA,NA,NA,NA,NA,NA,NA,NA,NA,NA,NA,NA,NA,NA,NA,NA,NA,NA,NA,NA,NA,NA,NA,10.989534617783809,0.8453482563821042,3.8687580423518095e-8,0.012969744617753552,-0.018715522957250205,FALSE,5e-8,-0.03585270797772266,0.06863360689798313,-0.1703745774977696,0.09866916154232427,1.0912602887904923e-8,-3.912463646169081e-10,4.0046848539591896e-8,1.0297768737580903,0.012969744617753552,1.342229521379195,0.01259471342604683,0.004721464458233719,NA,NA,NA,NA,NA,NA,NA,NA,NA,NA,NA,NA,NA,NA,NA,NA,NA,NA,NA,NA,NA,NA,NA,NA,NA,NA,NA,NA,NA,NA,NA,NA,NA,NA,NA,NA,NA,NA,NA,to_ad_reverse,MR-APSS,CAUSE,none,NA,NA,TRUE
ad_kunkle__bmi_ukb__raw,ad_kunkle,bmi_ukb,raw,MR-Egger,FALSE,FALSE,per unit of GWAS beta,-0.025856434841305186,0.027332138953285973,-0.07942742718974569,0.027714557507135317,0.3628045213912928,14,NA,6.848898967827382e-4,0.004064512843578811,0.8689929848029312,NA,NA,NA,NA,NA,NA,14,107.92208429309123,13,4.763812860828275e-17,0.879542726725931,107.66732666148116,1.7293736764904534e-17,0.9388871372167751,0.014884366716836848,63926,68.06538442185904,68.97484410531152,0.014884366716836848,2.947419753368017e-4,TRUE,0,NA,NA,NA,NA,NA,NA,NA,NA,NA,NA,NA,NA,NA,NA,NA,NA,NA,NA,NA,NA,NA,NA,NA,NA,NA,NA,NA,NA,NA,NA,NA,NA,NA,NA,NA,NA,NA,NA,NA,NA,NA,NA,NA,NA,NA,NA,NA,NA,NA,NA,NA,NA,NA,NA,NA,NA,NA,NA,NA,to_ad_reverse,MR-APSS,CAUSE,none,NA,NA,FALSE
ad_kunkle__bmi_ukb__raw,ad_kunkle,bmi_ukb,raw,MR-PRESSO,FALSE,FALSE,per unit of GWAS beta,-0.0136092745246383,0.0076421306230878,-0.028587850545890386,0.0013693014966137881,0.108635092775636,10,NA,NA,NA,NA,0.001,4,Outlier-corrected,0.015,NA,NA,14,107.92208429309123,13,4.763812860828275e-17,0.879542726725931,107.66732666148116,1.7293736764904534e-17,0.9388871372167751,0.014884366716836848,63926,68.06538442185904,68.97484410531152,0.014884366716836848,2.947419753368017e-4,TRUE,0,NA,NA,NA,NA,NA,NA,NA,NA,NA,NA,NA,NA,NA,NA,NA,NA,NA,NA,NA,NA,NA,NA,NA,NA,NA,NA,NA,NA,NA,NA,NA,NA,NA,NA,NA,NA,NA,NA,NA,NA,NA,NA,NA,NA,NA,NA,NA,NA,NA,NA,NA,NA,NA,NA,NA,NA,NA,NA,NA,to_ad_reverse,MR-APSS,CAUSE,none,NA,NA,FALSE
ad_kunkle__bmi_ukb__raw,ad_kunkle,bmi_ukb,raw,MR-RAPS,FALSE,FALSE,per unit of GWAS beta,-0.03134692455259866,0.008776712848360816,-0.04854928173538586,-0.01414456736981146,3.5480440828723997e-4,14,NA,NA,NA,NA,NA,NA,NA,NA,NA,NA,14,107.92208429309123,13,4.763812860828275e-17,0.879542726725931,107.66732666148116,1.7293736764904534e-17,0.9388871372167751,0.014884366716836848,63926,68.06538442185904,68.97484410531152,0.014884366716836848,2.947419753368017e-4,TRUE,0,NA,NA,NA,NA,NA,NA,NA,NA,NA,NA,NA,NA,NA,NA,NA,NA,NA,NA,NA,NA,NA,NA,NA,NA,NA,NA,NA,NA,NA,NA,NA,NA,NA,NA,NA,NA,NA,NA,NA,NA,NA,NA,NA,NA,NA,NA,NA,NA,NA,NA,NA,NA,NA,NA,NA,NA,NA,NA,NA,to_ad_reverse,MR-APSS,CAUSE,none,TRUE,,FALSE
ad_kunkle__bmi_ukb__raw,ad_kunkle,bmi_ukb,raw,MRAID,FALSE,FALSE,SD(outcome) per SD(exposure),-0.05913289025776089,0.018029028248688673,-0.09446978562519068,-0.023795994890331094,0.0010385449328972473,65,NA,NA,NA,NA,NA,NA,NA,NA,NA,NA,NA,NA,NA,NA,NA,NA,NA,NA,NA,NA,NA,NA,NA,NA,NA,NA,NA,NA,NA,NA,NA,NA,NA,NA,NA,NA,NA,NA,NA,NA,NA,NA,NA,NA,NA,NA,NA,NA,NA,NA,NA,NA,NA,NA,NA,NA,NA,NA,NA,NA,NA,NA,NA,NA,NA,NA,NA,NA,NA,NA,NA,NA,NA,NA,NA,NA,NA,NA,0.10724438112849524,0.00865391537225245,0.009640878918157016,0.9307696782385477,0.9983068717070624,33,0.5,to_ad_reverse,MR-APSS,CAUSE,none,NA,NA,FALSE
ad_kunkle__bmi_ukb__raw,ad_kunkle,bmi_ukb,raw,MRBEE,FALSE,FALSE,per unit of GWAS beta,-0.015211759496684213,0.011966515923236987,-0.03866613070622871,0.008242611712860282,0.20365975192073102,14,NA,NA,NA,NA,NA,NA,NA,NA,1,0.004766775980464663,14,107.92208429309123,13,4.763812860828275e-17,0.879542726725931,107.66732666148116,1.7293736764904534e-17,0.9388871372167751,0.014884366716836848,63926,68.06538442185904,68.97484410531152,0.014884366716836848,2.947419753368017e-4,TRUE,0,NA,NA,NA,NA,NA,NA,NA,NA,NA,NA,NA,NA,NA,NA,NA,NA,NA,NA,NA,NA,NA,NA,NA,NA,NA,NA,NA,NA,NA,NA,NA,NA,NA,NA,NA,NA,NA,NA,NA,NA,NA,NA,NA,NA,NA,NA,NA,NA,NA,NA,NA,NA,NA,NA,NA,NA,NA,NA,NA,to_ad_reverse,MR-APSS,CAUSE,none,TRUE,,TRUE
ad_kunkle__bmi_ukb__raw,ad_kunkle,bmi_ukb,raw,Weighted median,FALSE,FALSE,per unit of GWAS beta,-0.01810395939911112,0.007990312671024341,-0.03376497223431883,-0.002442946563903408,0.023467396105241674,14,NA,NA,NA,NA,NA,NA,NA,NA,NA,NA,14,107.92208429309123,13,4.763812860828275e-17,0.879542726725931,107.66732666148116,1.7293736764904534e-17,0.9388871372167751,0.014884366716836848,63926,68.06538442185904,68.97484410531152,0.014884366716836848,2.947419753368017e-4,TRUE,0,NA,NA,NA,NA,NA,NA,NA,NA,NA,NA,NA,NA,NA,NA,NA,NA,NA,NA,NA,NA,NA,NA,NA,NA,NA,NA,NA,NA,NA,NA,NA,NA,NA,NA,NA,NA,NA,NA,NA,NA,NA,NA,NA,NA,NA,NA,NA,NA,NA,NA,NA,NA,NA,NA,NA,NA,NA,NA,NA,to_ad_reverse,MR-APSS,CAUSE,none,NA,NA,FALSE
ad_kunkle__bmi_ukb__raw,ad_kunkle,bmi_ukb,raw,Weighted mode,FALSE,FALSE,per unit of GWAS beta,-0.019442873844524866,0.01264464978226585,-0.04422638741776593,0.0053406397287162,0.14811465969266108,14,NA,NA,NA,NA,NA,NA,NA,NA,NA,NA,14,107.92208429309123,13,4.763812860828275e-17,0.879542726725931,107.66732666148116,1.7293736764904534e-17,0.9388871372167751,0.014884366716836848,63926,68.06538442185904,68.97484410531152,0.014884366716836848,2.947419753368017e-4,TRUE,0,NA,NA,NA,NA,NA,NA,NA,NA,NA,NA,NA,NA,NA,NA,NA,NA,NA,NA,NA,NA,NA,NA,NA,NA,NA,NA,NA,NA,NA,NA,NA,NA,NA,NA,NA,NA,NA,NA,NA,NA,NA,NA,NA,NA,NA,NA,NA,NA,NA,NA,NA,NA,NA,NA,NA,NA,NA,NA,NA,to_ad_reverse,MR-APSS,CAUSE,none,NA,NA,FALSE
ad_kunkle__fatmass_ukb__raw,ad_kunkle,fatmass_ukb,raw,MR-APSS,TRUE,FALSE,SD(outcome) per SD(exposure),-0.04338245489764191,0.029226136969818052,-0.1006656833584853,0.01390077356320147,0.13771,64,NA,NA,NA,NA,NA,NA,NA,NA,NA,NA,NA,NA,NA,NA,NA,NA,NA,NA,NA,NA,NA,NA,NA,NA,NA,NA,NA,24.296611647672478,0.37963608256493664,5.0745844221836863e-08,0.008493719629600695,-0.04955909722114121,FALSE,5e-5,-0.09330317799822714,0.06965929649121994,-0.2298353991210182,0.04322904312456392,1.0831453659599837e-8,-1.0106090487811924e-9,3.8391302428109576e-8,1.030357613373138,0.008493719629600695,1.3434875984298578,0.008243467626540208,0.0030928243690887744,NA,NA,NA,NA,NA,NA,NA,NA,NA,NA,NA,NA,NA,NA,NA,NA,NA,NA,NA,NA,NA,NA,NA,NA,NA,NA,NA,NA,NA,NA,NA,NA,NA,NA,NA,NA,NA,NA,NA,to_ad_reverse,MR-APSS,CAUSE,none,NA,NA,TRUE
ad_kunkle__fatmass_ukb__raw,ad_kunkle,fatmass_ukb,raw,CAUSE,FALSE,TRUE,SD(outcome) per SD(exposure),-0.0454375099932261,NA,-0.07748930124603141,-0.012351305354407479,NA,607,NA,NA,NA,NA,NA,NA,NA,NA,NA,NA,NA,NA,NA,NA,NA,NA,NA,NA,NA,NA,NA,NA,NA,NA,NA,NA,NA,NA,NA,NA,NA,NA,NA,NA,NA,NA,NA,NA,NA,NA,NA,NA,NA,NA,NA,NA,0.975,TRUE,-0.005787707680985901,0.01568399946961366,0.03525828355096613,-2.5401590186258463,2.647506776597484,0.1686652265591602,-0.045668176500530525,-0.07746566895206379,-0.011942674334073968,0.01642878644004762,-0.49325052383139584,0.5119391708140067,0.03549720304359616,0.001199490630427714,0.24218538974492868,3.108718975469967e-4,-0.016750714018502116,0.021419779763479953,-0.04453851697822195,-0.0769306597821996,-0.01119219320552994,-0.005847887884687224,-0.8352696504736432,0.4295892155507297,0.069469398228602125,0.0019620947113734126,0.36915986635763365,-2.5401590186258463,2.647506776597484,,NA,NA,NA,NA,NA,NA,NA,to_ad_reverse,MR-APSS,CAUSE,none,NA,NA,TRUE
ad_kunkle__fatmass_ukb__raw,ad_kunkle,fatmass_ukb,raw,IVW-FE,FALSE,FALSE,per unit of GWAS beta,-0.023345634106694862,0.004177579793632142,-0.03153369050221386,-0.015157577711175865,2.2928274029281902e-8,14,NA,NA,NA,NA,NA,NA,NA,NA,NA,NA,14,101.12261183998038,13,1.0050296745676604e-15,0.8714431939260864,99.60155531167479,6.663711520120879e-16,0.9388871372167751,0.014884366716836848,63926,68.06538442185904,68.97484410531152,0.014884366716836848,2.91411355787933e-4,TRUE,0,NA,NA,NA,NA,NA,NA,NA,NA,NA,NA,NA,NA,NA,NA,NA,NA,NA,NA,NA,NA,NA,NA,NA,NA,NA,NA,NA,NA,NA,NA,NA,NA,NA,NA,NA,NA,NA,NA,NA,NA,NA,NA,NA,NA,NA,NA,NA,NA,NA,NA,NA,NA,NA,NA,NA,NA,NA,NA,NA,to_ad_reverse,MR-APSS,CAUSE,none,NA,NA,FALSE
ad_kunkle__fatmass_ukb__raw,ad_kunkle,fatmass_ukb,raw,IVW-MRE,FALSE,FALSE,per unit of GWAS beta,-0.023345634106694862,0.011651375980753347,-0.04618233102897142,-5.08937184418301e-4,0.04510430327923371,14,2.789025358297995,NA,NA,NA,NA,NA,NA,NA,NA,NA,14,101.12261183998038,13,1.0050296745676604e-15,0.8714431939260864,99.60155531167479,6.663711520120879e-16,0.9388871372167751,0.014884366716836848,63926,68.06538442185904,68.97484410531152,0.014884366716836848,2.91411355787933e-4,TRUE,0,NA,NA,NA,NA,NA,NA,NA,NA,NA,NA,NA,NA,NA,NA,NA,NA,NA,NA,NA,NA,NA,NA,NA,NA,NA,NA,NA,NA,NA,NA,NA,NA,NA,NA,NA,NA,NA,NA,NA,NA,NA,NA,NA,NA,NA,NA,NA,NA,NA,NA,NA,NA,NA,NA,NA,NA,NA,NA,NA,to_ad_reverse,MR-APSS,CAUSE,none,NA,NA,FALSE
ad_kunkle__fatmass_ukb__raw,ad_kunkle,fatmass_ukb,raw,MR-APSS (p<5e-8),FALSE,FALSE,SD(outcome) per SD(exposure),-0.06087496486150975,0.03260458014349072,-0.12477994194275155,0.0030300122197320575,0.061892,13,NA,NA,NA,NA,NA,NA,NA,NA,NA,NA,NA,NA,NA,NA,NA,NA,NA,NA,NA,NA,NA,NA,NA,NA,NA,NA,NA,10.423948793069965,0.8018521915176537,2.3329793920507892e-8,0.008493719629600695,-0.04955909722114121,FALSE,5e-8,-0.09330317799822714,0.06965929649121994,-0.2298353991210182,0.04322904312456392,1.0831453659599837e-8,-1.0106090487811924e-9,3.8391302428109576e-8,1.030357613373138,0.008493719629600695,1.3434875984298578,0.008243467626540208,0.0030928243690887744,NA,NA,NA,NA,NA,NA,NA,NA,NA,NA,NA,NA,NA,NA,NA,NA,NA,NA,NA,NA,NA,NA,NA,NA,NA,NA,NA,NA,NA,NA,NA,NA,NA,NA,NA,NA,NA,NA,NA,to_ad_reverse,MR-APSS,CAUSE,none,NA,NA,TRUE
ad_kunkle__fatmass_ukb__raw,ad_kunkle,fatmass_ukb,raw,MR-Egger,FALSE,FALSE,per unit of GWAS beta,-0.03311026435241501,0.025790542093739516,-0.08365972685614445,0.017439198151314443,0.22344248270089614,14,NA,0.001641722767747377,0.0038350371997746694,0.6761716731805323,NA,NA,NA,NA,NA,NA,14,101.12261183998038,13,1.0050296745676604e-15,0.8714431939260864,99.60155531167479,6.663711520120879e-16,0.9388871372167751,0.014884366716836848,63926,68.06538442185904,68.97484410531152,0.014884366716836848,2.91411355787933e-4,TRUE,0,NA,NA,NA,NA,NA,NA,NA,NA,NA,NA,NA,NA,NA,NA,NA,NA,NA,NA,NA,NA,NA,NA,NA,NA,NA,NA,NA,NA,NA,NA,NA,NA,NA,NA,NA,NA,NA,NA,NA,NA,NA,NA,NA,NA,NA,NA,NA,NA,NA,NA,NA,NA,NA,NA,NA,NA,NA,NA,NA,to_ad_reverse,MR-APSS,CAUSE,none,NA,NA,FALSE
ad_kunkle__fatmass_ukb__raw,ad_kunkle,fatmass_ukb,raw,MR-PRESSO,FALSE,FALSE,per unit of GWAS beta,-0.0122370792317445,0.00619643113050546,-0.024382084247535202,-9.207421595379753e-5,0.0837119957691525,9,NA,NA,NA,NA,0.001,5,Outlier-corrected,0.001,NA,NA,14,101.12261183998038,13,1.0050296745676604e-15,0.8714431939260864,99.60155531167479,6.663711520120879e-16,0.9388871372167751,0.014884366716836848,63926,68.06538442185904,68.97484410531152,0.014884366716836848,2.91411355787933e-4,TRUE,0,NA,NA,NA,NA,NA,NA,NA,NA,NA,NA,NA,NA,NA,NA,NA,NA,NA,NA,NA,NA,NA,NA,NA,NA,NA,NA,NA,NA,NA,NA,NA,NA,NA,NA,NA,NA,NA,NA,NA,NA,NA,NA,NA,NA,NA,NA,NA,NA,NA,NA,NA,NA,NA,NA,NA,NA,NA,NA,NA,to_ad_reverse,MR-APSS,CAUSE,none,NA,NA,FALSE
ad_kunkle__fatmass_ukb__raw,ad_kunkle,fatmass_ukb,raw,MR-RAPS,FALSE,FALSE,per unit of GWAS beta,-0.03263791164805026,0.008628868548556245,-0.049550494003220494,-0.01572532929288002,1.5531776729464016e-4,14,NA,NA,NA,NA,NA,NA,NA,NA,NA,NA,14,101.12261183998038,13,1.0050296745676604e-15,0.8714431939260864,99.60155531167479,6.663711520120879e-16,0.9388871372167751,0.014884366716836848,63926,68.06538442185904,68.97484410531152,0.014884366716836848,2.91411355787933e-4,TRUE,0,NA,NA,NA,NA,NA,NA,NA,NA,NA,NA,NA,NA,NA,NA,NA,NA,NA,NA,NA,NA,NA,NA,NA,NA,NA,NA,NA,NA,NA,NA,NA,NA,NA,NA,NA,NA,NA,NA,NA,NA,NA,NA,NA,NA,NA,NA,NA,NA,NA,NA,NA,NA,NA,NA,NA,NA,NA,NA,NA,to_ad_reverse,MR-APSS,CAUSE,none,TRUE,,FALSE
ad_kunkle__fatmass_ukb__raw,ad_kunkle,fatmass_ukb,raw,MRAID,FALSE,FALSE,SD(outcome) per SD(exposure),-0.02249688316686827,0.015544031262281882,-0.05296318444094076,0.007969418107204217,0.14781279808948955,65,NA,NA,NA,NA,NA,NA,NA,NA,NA,NA,NA,NA,NA,NA,NA,NA,NA,NA,NA,NA,NA,NA,NA,NA,NA,NA,NA,NA,NA,NA,NA,NA,NA,NA,NA,NA,NA,NA,NA,NA,NA,NA,NA,NA,NA,NA,NA,NA,NA,NA,NA,NA,NA,NA,NA,NA,NA,NA,NA,NA,NA,NA,NA,NA,NA,NA,NA,NA,NA,NA,NA,NA,NA,NA,NA,NA,NA,NA,-0.08261991137916798,0.008581997264001731,0.008913490595632583,0.9299390820577949,0.9981104631836433,33,0.5,to_ad_reverse,MR-APSS,CAUSE,none,NA,NA,FALSE
ad_kunkle__fatmass_ukb__raw,ad_kunkle,fatmass_ukb,raw,MRBEE,FALSE,FALSE,per unit of GWAS beta,-0.017565909624350895,0.011855830755987617,-0.040803337906086624,0.0056715186573848345,0.13843978026138823,14,NA,NA,NA,NA,NA,NA,NA,NA,1,0.002157681013389881,14,101.12261183998038,13,1.0050296745676604e-15,0.8714431939260864,99.60155531167479,6.663711520120879e-16,0.9388871372167751,0.014884366716836848,63926,68.06538442185904,68.97484410531152,0.014884366716836848,2.91411355787933e-4,TRUE,0,NA,NA,NA,NA,NA,NA,NA,NA,NA,NA,NA,NA,NA,NA,NA,NA,NA,NA,NA,NA,NA,NA,NA,NA,NA,NA,NA,NA,NA,NA,NA,NA,NA,NA,NA,NA,NA,NA,NA,NA,NA,NA,NA,NA,NA,NA,NA,NA,NA,NA,NA,NA,NA,NA,NA,NA,NA,NA,NA,to_ad_reverse,MR-APSS,CAUSE,none,TRUE,,TRUE
ad_kunkle__fatmass_ukb__raw,ad_kunkle,fatmass_ukb,raw,Weighted median,FALSE,FALSE,per unit of GWAS beta,-0.01804596651815303,0.00817382407568617,-0.03406666170649793,-0.0020252713298081378,0.027259943967426422,14,NA,NA,NA,NA,NA,NA,NA,NA,NA,NA,14,101.12261183998038,13,1.0050296745676604e-15,0.8714431939260864,99.60155531167479,6.663711520120879e-16,0.9388871372167751,0.014884366716836848,63926,68.06538442185904,68.97484410531152,0.014884366716836848,2.91411355787933e-4,TRUE,0,NA,NA,NA,NA,NA,NA,NA,NA,NA,NA,NA,NA,NA,NA,NA,NA,NA,NA,NA,NA,NA,NA,NA,NA,NA,NA,NA,NA,NA,NA,NA,NA,NA,NA,NA,NA,NA,NA,NA,NA,NA,NA,NA,NA,NA,NA,NA,NA,NA,NA,NA,NA,NA,NA,NA,NA,NA,NA,NA,to_ad_reverse,MR-APSS,CAUSE,none,NA,NA,FALSE
ad_kunkle__fatmass_ukb__raw,ad_kunkle,fatmass_ukb,raw,Weighted mode,FALSE,FALSE,per unit of GWAS beta,-0.02298640644296865,0.012028994086468226,-0.04656323485244637,5.904219665090749e-4,0.07831763735076472,14,NA,NA,NA,NA,NA,NA,NA,NA,NA,NA,14,101.12261183998038,13,1.0050296745676604e-15,0.8714431939260864,99.60155531167479,6.663711520120879e-16,0.9388871372167751,0.014884366716836848,63926,68.06538442185904,68.97484410531152,0.014884366716836848,2.91411355787933e-4,TRUE,0,NA,NA,NA,NA,NA,NA,NA,NA,NA,NA,NA,NA,NA,NA,NA,NA,NA,NA,NA,NA,NA,NA,NA,NA,NA,NA,NA,NA,NA,NA,NA,NA,NA,NA,NA,NA,NA,NA,NA,NA,NA,NA,NA,NA,NA,NA,NA,NA,NA,NA,NA,NA,NA,NA,NA,NA,NA,NA,NA,to_ad_reverse,MR-APSS,CAUSE,none,NA,NA,FALSE
ad_kunkle__ffm_ukb__raw,ad_kunkle,ffm_ukb,raw,MR-APSS,TRUE,FALSE,SD(outcome) per SD(exposure),-0.014091793816286183,0.030723481009818428,-0.07430981659553029,0.046126228962957934,0.64647,64,NA,NA,NA,NA,NA,NA,NA,NA,NA,NA,NA,NA,NA,NA,NA,NA,NA,NA,NA,NA,NA,NA,NA,NA,NA,NA,NA,25.157283153535793,0.39306326802285585,6.612198072068534e-8,-0.006348229015494242,-0.08375430134310816,FALSE,5e-5,-0.17895972118931566,0.0791822054543375,-0.33415684387981714,-0.023762598498814153,1.0978587388741443e-8,-1.9647249381417056e-9,5.012366419185511e-8,1.0293046664482954,-0.006348229015494242,1.4853520533244429,-0.006167492699124112,-0.0023121356487975342,NA,NA,NA,NA,NA,NA,NA,NA,NA,NA,NA,NA,NA,NA,NA,NA,NA,NA,NA,NA,NA,NA,NA,NA,NA,NA,NA,NA,NA,NA,NA,NA,NA,NA,NA,NA,NA,NA,NA,to_ad_reverse,MR-APSS,CAUSE,none,NA,NA,TRUE
ad_kunkle__ffm_ukb__raw,ad_kunkle,ffm_ukb,raw,CAUSE,FALSE,TRUE,SD(outcome) per SD(exposure),-0.01995146027023134,NA,-0.046549415258925,0.008619707762195613,NA,607,NA,NA,NA,NA,NA,NA,NA,NA,NA,NA,NA,NA,NA,NA,NA,NA,NA,NA,NA,NA,NA,NA,NA,NA,NA,NA,NA,NA,NA,NA,NA,NA,NA,NA,NA,NA,NA,NA,NA,NA,NA,NA,NA,NA,NA,NA,0.9243182699222452,FALSE,-0.022284127093196396,0.01747216775134114,0.022777753753831793,6.499497254512931e-4,1.094729395576007,0.500236855255219,-0.020019371238721412,-0.046432476594428736,0.008581228986188436,0.015528826380795306,-1.0633453044836256,1.082835876460519,0.022600996910487788,7.492492180035422e-4,0.21876957456421314,2.617583948430036e-4,-0.017572077039630426,0.020376063560123385,-0.019122605452038637,-0.04919443562701154,0.010891927581989097,NA,NA,NA,0.023630642387796483,7.111802210941951e-4,0.22080759255079113,6.499497254512931e-4,1.094729395576007,gamma + q*eta interval spans 0: fraction not reported,NA,NA,NA,NA,NA,NA,NA,to_ad_reverse,MR-APSS,CAUSE,none,NA,NA,TRUE
ad_kunkle__ffm_ukb__raw,ad_kunkle,ffm_ukb,raw,IVW-FE,FALSE,FALSE,per unit of GWAS beta,-0.007990207778265064,0.002655582647229117,-0.013195149766834134,-0.0027852657896959947,0.002622522273379383,14,NA,NA,NA,NA,NA,NA,NA,NA,NA,NA,14,39.80022583321884,13,1.488493949399242e-4,0.6733686875427303,38.470971645183226,1.285705002938453e-4,0.9388871372167751,0.014884366716836848,63926,68.06538442185904,68.97484410531152,0.014884366716836848,1.0740088015553088e-4,TRUE,0,NA,NA,NA,NA,NA,NA,NA,NA,NA,NA,NA,NA,NA,NA,NA,NA,NA,NA,NA,NA,NA,NA,NA,NA,NA,NA,NA,NA,NA,NA,NA,NA,NA,NA,NA,NA,NA,NA,NA,NA,NA,NA,NA,NA,NA,NA,NA,NA,NA,NA,NA,NA,NA,NA,NA,NA,NA,NA,NA,to_ad_reverse,MR-APSS,CAUSE,none,NA,NA,FALSE
ad_kunkle__ffm_ukb__raw,ad_kunkle,ffm_ukb,raw,IVW-MRE,FALSE,FALSE,per unit of GWAS beta,-0.007990207778265064,0.004646553202388106,-0.017097452054945752,0.001117036498415623,0.08550537616728306,14,1.7497302172976628,NA,NA,NA,NA,NA,NA,NA,NA,NA,14,39.80022583321884,13,1.488493949399242e-4,0.6733686875427303,38.470971645183226,1.285705002938453e-4,0.9388871372167751,0.014884366716836848,63926,68.06538442185904,68.97484410531152,0.014884366716836848,1.0740088015553088e-4,TRUE,0,NA,NA,NA,NA,NA,NA,NA,NA,NA,NA,NA,NA,NA,NA,NA,NA,NA,NA,NA,NA,NA,NA,NA,NA,NA,NA,NA,NA,NA,NA,NA,NA,NA,NA,NA,NA,NA,NA,NA,NA,NA,NA,NA,NA,NA,NA,NA,NA,NA,NA,NA,NA,NA,NA,NA,NA,NA,NA,NA,to_ad_reverse,MR-APSS,CAUSE,none,NA,NA,FALSE
ad_kunkle__ffm_ukb__raw,ad_kunkle,ffm_ukb,raw,MR-APSS (p<5e-8),FALSE,FALSE,SD(outcome) per SD(exposure),-0.03209475186661846,0.02987658460335036,-0.09065285768918517,0.026463353955948246,0.28271,13,NA,NA,NA,NA,NA,NA,NA,NA,NA,NA,NA,NA,NA,NA,NA,NA,NA,NA,NA,NA,NA,NA,NA,NA,NA,NA,NA,9.697658949304566,0.7459951159903182,6.495618695141315e-11,-0.006348229015494242,-0.08375430134310816,FALSE,5e-8,-0.17895972118931566,0.0791822054543375,-0.33415684387981714,-0.023762598498814153,1.0978587388741443e-8,-1.9647249381417056e-9,5.012366419185511e-8,1.0293046664482954,-0.006348229015494242,1.4853520533244429,-0.006167492699124112,-0.0023121356487975342,NA,NA,NA,NA,NA,NA,NA,NA,NA,NA,NA,NA,NA,NA,NA,NA,NA,NA,NA,NA,NA,NA,NA,NA,NA,NA,NA,NA,NA,NA,NA,NA,NA,NA,NA,NA,NA,NA,NA,to_ad_reverse,MR-APSS,CAUSE,none,NA,NA,TRUE
ad_kunkle__ffm_ukb__raw,ad_kunkle,ffm_ukb,raw,MR-Egger,FALSE,FALSE,per unit of GWAS beta,-0.013793841473920772,0.01019036878152771,-0.03376696428571509,0.00617928133787354,0.2008059857741558,14,NA,9.757404679304976e-4,0.0015153266222442986,0.5317455594347108,NA,NA,NA,NA,NA,NA,14,39.80022583321884,13,1.488493949399242e-4,0.6733686875427303,38.470971645183226,1.285705002938453e-4,0.9388871372167751,0.014884366716836848,63926,68.06538442185904,68.97484410531152,0.014884366716836848,1.0740088015553088e-4,TRUE,0,NA,NA,NA,NA,NA,NA,NA,NA,NA,NA,NA,NA,NA,NA,NA,NA,NA,NA,NA,NA,NA,NA,NA,NA,NA,NA,NA,NA,NA,NA,NA,NA,NA,NA,NA,NA,NA,NA,NA,NA,NA,NA,NA,NA,NA,NA,NA,NA,NA,NA,NA,NA,NA,NA,NA,NA,NA,NA,NA,to_ad_reverse,MR-APSS,CAUSE,none,NA,NA,FALSE
ad_kunkle__ffm_ukb__raw,ad_kunkle,ffm_ukb,raw,MR-PRESSO,FALSE,FALSE,per unit of GWAS beta,-0.00447188359111442,0.00273654127698631,-0.009835504494007587,8.917373117787479e-4,0.130497178392104,12,NA,NA,NA,NA,0.001,2,Outlier-corrected,0.048,NA,NA,14,39.80022583321884,13,1.488493949399242e-4,0.6733686875427303,38.470971645183226,1.285705002938453e-4,0.9388871372167751,0.014884366716836848,63926,68.06538442185904,68.97484410531152,0.014884366716836848,1.0740088015553088e-4,TRUE,0,NA,NA,NA,NA,NA,NA,NA,NA,NA,NA,NA,NA,NA,NA,NA,NA,NA,NA,NA,NA,NA,NA,NA,NA,NA,NA,NA,NA,NA,NA,NA,NA,NA,NA,NA,NA,NA,NA,NA,NA,NA,NA,NA,NA,NA,NA,NA,NA,NA,NA,NA,NA,NA,NA,NA,NA,NA,NA,NA,to_ad_reverse,MR-APSS,CAUSE,none,NA,NA,FALSE
ad_kunkle__ffm_ukb__raw,ad_kunkle,ffm_ukb,raw,MR-RAPS,FALSE,FALSE,per unit of GWAS beta,-0.006510973274871778,0.0038562566824898734,-0.014069236372551929,0.0010472898228083742,0.09133101361438137,14,NA,NA,NA,NA,NA,NA,NA,NA,NA,NA,14,39.80022583321884,13,1.488493949399242e-4,0.6733686875427303,38.470971645183226,1.285705002938453e-4,0.9388871372167751,0.014884366716836848,63926,68.06538442185904,68.97484410531152,0.014884366716836848,1.0740088015553088e-4,TRUE,0,NA,NA,NA,NA,NA,NA,NA,NA,NA,NA,NA,NA,NA,NA,NA,NA,NA,NA,NA,NA,NA,NA,NA,NA,NA,NA,NA,NA,NA,NA,NA,NA,NA,NA,NA,NA,NA,NA,NA,NA,NA,NA,NA,NA,NA,NA,NA,NA,NA,NA,NA,NA,NA,NA,NA,NA,NA,NA,NA,to_ad_reverse,MR-APSS,CAUSE,none,TRUE,,FALSE
ad_kunkle__ffm_ukb__raw,ad_kunkle,ffm_ukb,raw,MRAID,FALSE,FALSE,SD(outcome) per SD(exposure),0.018968138904857875,0.013504703664118557,-0.007501080276814495,0.045437358086530245,0.16015276787998778,65,NA,NA,NA,NA,NA,NA,NA,NA,NA,NA,NA,NA,NA,NA,NA,NA,NA,NA,NA,NA,NA,NA,NA,NA,NA,NA,NA,NA,NA,NA,NA,NA,NA,NA,NA,NA,NA,NA,NA,NA,NA,NA,NA,NA,NA,NA,NA,NA,NA,NA,NA,NA,NA,NA,NA,NA,NA,NA,NA,NA,NA,NA,NA,NA,NA,NA,NA,NA,NA,NA,NA,NA,NA,NA,NA,NA,NA,NA,-0.09147004575413051,0.008653161480764577,0.01105025352894436,0.9299839366322566,0.9996013235055428,33,0.5,to_ad_reverse,MR-APSS,CAUSE,none,NA,NA,FALSE
ad_kunkle__ffm_ukb__raw,ad_kunkle,ffm_ukb,raw,MRBEE,FALSE,FALSE,per unit of GWAS beta,-0.002973238107249039,0.003897013533889768,-0.010611384633672984,0.0046649084191749055,0.4454914353632656,14,NA,NA,NA,NA,NA,NA,NA,NA,1,-0.003322577361192534,14,39.80022583321884,13,1.488493949399242e-4,0.6733686875427303,38.470971645183226,1.285705002938453e-4,0.9388871372167751,0.014884366716836848,63926,68.06538442185904,68.97484410531152,0.014884366716836848,1.0740088015553088e-4,TRUE,0,NA,NA,NA,NA,NA,NA,NA,NA,NA,NA,NA,NA,NA,NA,NA,NA,NA,NA,NA,NA,NA,NA,NA,NA,NA,NA,NA,NA,NA,NA,NA,NA,NA,NA,NA,NA,NA,NA,NA,NA,NA,NA,NA,NA,NA,NA,NA,NA,NA,NA,NA,NA,NA,NA,NA,NA,NA,NA,NA,to_ad_reverse,MR-APSS,CAUSE,none,TRUE,,TRUE
ad_kunkle__ffm_ukb__raw,ad_kunkle,ffm_ukb,raw,Weighted median,FALSE,FALSE,per unit of GWAS beta,-0.006314870631099001,0.004222424641367977,-0.014590822928180236,0.001961081665982233,0.13476951229753573,14,NA,NA,NA,NA,NA,NA,NA,NA,NA,NA,14,39.80022583321884,13,1.488493949399242e-4,0.6733686875427303,38.470971645183226,1.285705002938453e-4,0.9388871372167751,0.014884366716836848,63926,68.06538442185904,68.97484410531152,0.014884366716836848,1.0740088015553088e-4,TRUE,0,NA,NA,NA,NA,NA,NA,NA,NA,NA,NA,NA,NA,NA,NA,NA,NA,NA,NA,NA,NA,NA,NA,NA,NA,NA,NA,NA,NA,NA,NA,NA,NA,NA,NA,NA,NA,NA,NA,NA,NA,NA,NA,NA,NA,NA,NA,NA,NA,NA,NA,NA,NA,NA,NA,NA,NA,NA,NA,NA,to_ad_reverse,MR-APSS,CAUSE,none,NA,NA,FALSE
ad_kunkle__ffm_ukb__raw,ad_kunkle,ffm_ukb,raw,Weighted mode,FALSE,FALSE,per unit of GWAS beta,-4.813859083866376e-4,0.005035762940461804,-0.010351481271691772,0.009388709454918497,0.9253013387934104,14,NA,NA,NA,NA,NA,NA,NA,NA,NA,NA,14,39.80022583321884,13,1.488493949399242e-4,0.6733686875427303,38.470971645183226,1.285705002938453e-4,0.9388871372167751,0.014884366716836848,63926,68.06538442185904,68.97484410531152,0.014884366716836848,1.0740088015553088e-4,TRUE,0,NA,NA,NA,NA,NA,NA,NA,NA,NA,NA,NA,NA,NA,NA,NA,NA,NA,NA,NA,NA,NA,NA,NA,NA,NA,NA,NA,NA,NA,NA,NA,NA,NA,NA,NA,NA,NA,NA,NA,NA,NA,NA,NA,NA,NA,NA,NA,NA,NA,NA,NA,NA,NA,NA,NA,NA,NA,NA,NA,to_ad_reverse,MR-APSS,CAUSE,none,NA,NA,FALSE
ad_kunkle__fg_dupuis__raw,ad_kunkle,fg_dupuis,raw,MR-APSS,TRUE,FALSE,SD(outcome) per SD(exposure),0.010765036537425724,0.05294072382435674,-0.09299878215831349,0.11452885523316493,0.83887,71,NA,NA,NA,NA,NA,NA,NA,NA,NA,NA,NA,NA,NA,NA,NA,NA,NA,NA,NA,NA,NA,NA,NA,NA,NA,NA,NA,22.16154447404736,0.31209429430265373,5.728550522237731e-8,0.014076837293808778,-0.2695628744430991,FALSE,5e-5,-0.24983828700729213,0.10814346286771084,-0.4617994742280054,-0.03787709978657888,1.0155066697195933e-8,-2.5371244680722315e-9,8.723296008626294e-9,1.0304267345112876,0.014076837293808778,1.0081443828968413,0.013661172427251862,0.01607206064679891,NA,NA,NA,NA,NA,NA,NA,NA,NA,NA,NA,NA,NA,NA,NA,NA,NA,NA,NA,NA,NA,NA,NA,NA,NA,NA,NA,NA,NA,NA,NA,NA,NA,NA,NA,NA,NA,NA,NA,to_ad_reverse,MR-APSS,CAUSE,none,NA,NA,TRUE
ad_kunkle__fg_dupuis__raw,ad_kunkle,fg_dupuis,raw,CAUSE,FALSE,TRUE,SD(outcome) per SD(exposure),-0.010293286282366788,NA,-0.04940528569972293,0.02728689004596293,NA,577,NA,NA,NA,NA,NA,NA,NA,NA,NA,NA,NA,NA,NA,NA,NA,NA,NA,NA,NA,NA,NA,NA,NA,NA,NA,NA,NA,NA,NA,NA,NA,NA,NA,NA,NA,NA,NA,NA,NA,NA,NA,NA,NA,NA,NA,NA,0.6952981119510641,FALSE,-0.003638479191580501,0.05329420525213867,0.03911649168744046,0.622454815350681,0.45292958829966956,0.9153235524890685,-0.010466511819822888,-0.049761622456153884,0.027258339277366494,0.055068013190658446,-0.6668961072811318,0.7784275737641028,0.038621526077446164,0.0014481351529765463,0.2322029175093947,0.0012643413502261922,-0.02717243077787395,0.04442318094648194,-0.006907512128265923,-0.051802613877436225,0.04121133125040076,NA,NA,NA,0.036720683788394666,0.0012983065827589747,0.21626247456908745,0.622454815350681,0.45292958829966956,gamma + q*eta interval spans 0: fraction not reported,NA,NA,NA,NA,NA,NA,NA,to_ad_reverse,MR-APSS,CAUSE,none,NA,NA,TRUE
ad_kunkle__fg_dupuis__raw,ad_kunkle,fg_dupuis,raw,IVW-FE,FALSE,FALSE,per unit of GWAS beta,0.01805044285337766,0.018956200247975202,-0.01910370963265374,0.05520459533940906,0.34098622637026366,3,NA,NA,NA,NA,NA,NA,NA,NA,NA,NA,3,0.0976425315906223,2,0.9523513322454966,0,0.08942852435330353,0.7649049294429608,0,0.002591165450229318,63926,55.26456961114273,55.35425801073332,0.002591165450229318,2.1661372002261774e-5,TRUE,0,NA,NA,NA,NA,NA,NA,NA,NA,NA,NA,NA,NA,NA,NA,NA,NA,NA,NA,NA,NA,NA,NA,NA,NA,NA,NA,NA,NA,NA,NA,NA,NA,NA,NA,NA,NA,NA,NA,NA,NA,NA,NA,NA,NA,NA,NA,NA,NA,NA,NA,NA,NA,NA,NA,NA,NA,NA,NA,NA,to_ad_reverse,MR-APSS,CAUSE,none,NA,NA,FALSE
ad_kunkle__fg_dupuis__raw,ad_kunkle,fg_dupuis,raw,IVW-MRE,FALSE,FALSE,per unit of GWAS beta,0.01805044285337766,0.018956200247975202,-0.01910370963265374,0.05520459533940906,0.34098622637026366,3,0.22095534796721072,NA,NA,NA,NA,NA,NA,NA,NA,NA,3,0.0976425315906223,2,0.9523513322454966,0,0.08942852435330353,0.7649049294429608,0,0.002591165450229318,63926,55.26456961114273,55.35425801073332,0.002591165450229318,2.1661372002261774e-5,TRUE,0,NA,NA,NA,NA,NA,NA,NA,NA,NA,NA,NA,NA,NA,NA,NA,NA,NA,NA,NA,NA,NA,NA,NA,NA,NA,NA,NA,NA,NA,NA,NA,NA,NA,NA,NA,NA,NA,NA,NA,NA,NA,NA,NA,NA,NA,NA,NA,NA,NA,NA,NA,NA,NA,NA,NA,NA,NA,NA,NA,to_ad_reverse,MR-APSS,CAUSE,none,NA,NA,FALSE
ad_kunkle__fg_dupuis__raw,ad_kunkle,fg_dupuis,raw,MR-APSS (p<5e-8),FALSE,FALSE,SD(outcome) per SD(exposure),-0.01958026529692387,0.052543556135622296,-0.12256563532274357,0.08340510472889583,0.70941,12,NA,NA,NA,NA,NA,NA,NA,NA,NA,NA,NA,NA,NA,NA,NA,NA,NA,NA,NA,NA,NA,NA,NA,NA,NA,NA,NA,9.366198566321827,0.7805215934726074,2.802961405662857e-10,0.014076837293808778,-0.2695628744430991,FALSE,5e-8,-0.24983828700729213,0.10814346286771084,-0.4617994742280054,-0.03787709978657888,1.0155066697195933e-8,-2.5371244680722315e-9,8.723296008626294e-9,1.0304267345112876,0.014076837293808778,1.0081443828968413,0.013661172427251862,0.01607206064679891,NA,NA,NA,NA,NA,NA,NA,NA,NA,NA,NA,NA,NA,NA,NA,NA,NA,NA,NA,NA,NA,NA,NA,NA,NA,NA,NA,NA,NA,NA,NA,NA,NA,NA,NA,NA,NA,NA,NA,to_ad_reverse,MR-APSS,CAUSE,none,NA,NA,TRUE
ad_kunkle__fg_dupuis__raw,ad_kunkle,fg_dupuis,raw,MR-Egger,FALSE,FALSE,per unit of GWAS beta,-0.008124477658897851,0.2894285148069904,-0.575404366680599,0.5591554113628032,0.9821342922829114,3,NA,0.003090812835444557,0.03410320271142694,0.9424596133959784,NA,NA,NA,NA,NA,NA,3,0.0976425315906223,2,0.9523513322454966,0,0.08942852435330353,0.7649049294429608,0,0.002591165450229318,63926,55.26456961114273,55.35425801073332,0.002591165450229318,2.1661372002261774e-5,TRUE,0,NA,NA,NA,NA,NA,NA,NA,NA,NA,NA,NA,NA,NA,NA,NA,NA,NA,NA,NA,NA,NA,NA,NA,NA,NA,NA,NA,NA,NA,NA,NA,NA,NA,NA,NA,NA,NA,NA,NA,NA,NA,NA,NA,NA,NA,NA,NA,NA,NA,NA,NA,NA,NA,NA,NA,NA,NA,NA,NA,to_ad_reverse,MR-APSS,CAUSE,none,NA,NA,FALSE
ad_kunkle__fg_dupuis__raw,ad_kunkle,fg_dupuis,raw,MR-PRESSO,FALSE,FALSE,per unit of GWAS beta,NA,NA,NA,NA,NA,NA,NA,NA,NA,NA,NA,NA,NA,NA,NA,NA,3,0.0976425315906223,2,0.9523513322454966,0,0.08942852435330353,0.7649049294429608,0,0.002591165450229318,63926,55.26456961114273,55.35425801073332,0.002591165450229318,2.1661372002261774e-5,TRUE,0,failed: fewer than 4 SNPs,NA,NA,NA,NA,NA,NA,NA,NA,NA,NA,NA,NA,NA,NA,NA,NA,NA,NA,NA,NA,NA,NA,NA,NA,NA,NA,NA,NA,NA,NA,NA,NA,NA,NA,NA,NA,NA,NA,NA,NA,NA,NA,NA,NA,NA,NA,NA,NA,NA,NA,NA,NA,NA,NA,NA,NA,NA,NA,to_ad_reverse,MR-APSS,CAUSE,none,NA,NA,FALSE
ad_kunkle__fg_dupuis__raw,ad_kunkle,fg_dupuis,raw,MR-RAPS,FALSE,FALSE,per unit of GWAS beta,0.01806104079310583,0.01951715304350659,-0.02019257917216708,0.056314660758378744,0.35476141244937254,3,NA,NA,NA,NA,NA,NA,NA,NA,NA,NA,3,0.0976425315906223,2,0.9523513322454966,0,0.08942852435330353,0.7649049294429608,0,0.002591165450229318,63926,55.26456961114273,55.35425801073332,0.002591165450229318,2.1661372002261774e-5,TRUE,0,NA,NA,NA,NA,NA,NA,NA,NA,NA,NA,NA,NA,NA,NA,NA,NA,NA,NA,NA,NA,NA,NA,NA,NA,NA,NA,NA,NA,NA,NA,NA,NA,NA,NA,NA,NA,NA,NA,NA,NA,NA,NA,NA,NA,NA,NA,NA,NA,NA,NA,NA,NA,NA,NA,NA,NA,NA,NA,NA,to_ad_reverse,MR-APSS,CAUSE,none,FALSE,over-dispersion optimiser failed (tau2 forced to 0),FALSE
ad_kunkle__fg_dupuis__raw,ad_kunkle,fg_dupuis,raw,MRAID,FALSE,FALSE,SD(outcome) per SD(exposure),-0.014942318230460279,0.021435991364196907,-0.05695686130428622,0.02707222484336566,0.48576098064772194,44,NA,NA,NA,NA,NA,NA,NA,NA,NA,NA,NA,NA,NA,NA,NA,NA,NA,NA,NA,NA,NA,NA,NA,NA,NA,NA,NA,NA,NA,NA,NA,NA,NA,NA,NA,NA,NA,NA,NA,NA,NA,NA,NA,NA,NA,NA,NA,NA,NA,NA,NA,NA,NA,NA,NA,NA,NA,NA,NA,NA,NA,NA,NA,NA,NA,NA,NA,NA,NA,NA,NA,NA,NA,NA,NA,NA,NA,NA,5.125510787545121e-4,0.012036226082331706,0.02292908930731289,0.9436751302317,1.000210891134837,25,0.5,to_ad_reverse,MR-APSS,CAUSE,none,NA,NA,FALSE
ad_kunkle__fg_dupuis__raw,ad_kunkle,fg_dupuis,raw,MRBEE,FALSE,FALSE,per unit of GWAS beta,0.018387777822201704,0.009011201779455202,7.258223344695086e-4,0.0360497333099339,0.0412959072319108,3,NA,NA,NA,NA,NA,NA,NA,NA,0,-0.0034195663181275085,3,0.0976425315906223,2,0.9523513322454966,0,0.08942852435330353,0.7649049294429608,0,0.002591165450229318,63926,55.26456961114273,55.35425801073332,0.002591165450229318,2.1661372002261774e-5,TRUE,0,NA,NA,NA,NA,NA,NA,NA,NA,NA,NA,NA,NA,NA,NA,NA,NA,NA,NA,NA,NA,NA,NA,NA,NA,NA,NA,NA,NA,NA,NA,NA,NA,NA,NA,NA,NA,NA,NA,NA,NA,NA,NA,NA,NA,NA,NA,NA,NA,NA,NA,NA,NA,NA,NA,NA,NA,NA,NA,NA,to_ad_reverse,MR-APSS,CAUSE,none,TRUE,,TRUE
ad_kunkle__fg_dupuis__raw,ad_kunkle,fg_dupuis,raw,Weighted median,FALSE,FALSE,per unit of GWAS beta,0.019409270854978893,0.021214462017338207,-0.022171074699003993,0.06098961640896178,0.36024018134875774,3,NA,NA,NA,NA,NA,NA,NA,NA,NA,NA,3,0.0976425315906223,2,0.9523513322454966,0,0.08942852435330353,0.7649049294429608,0,0.002591165450229318,63926,55.26456961114273,55.35425801073332,0.002591165450229318,2.1661372002261774e-5,TRUE,0,NA,NA,NA,NA,NA,NA,NA,NA,NA,NA,NA,NA,NA,NA,NA,NA,NA,NA,NA,NA,NA,NA,NA,NA,NA,NA,NA,NA,NA,NA,NA,NA,NA,NA,NA,NA,NA,NA,NA,NA,NA,NA,NA,NA,NA,NA,NA,NA,NA,NA,NA,NA,NA,NA,NA,NA,NA,NA,NA,to_ad_reverse,MR-APSS,CAUSE,none,NA,NA,FALSE
ad_kunkle__fg_dupuis__raw,ad_kunkle,fg_dupuis,raw,Weighted mode,FALSE,FALSE,per unit of GWAS beta,0.02247816009419268,0.02311125453900906,-0.02281989880226508,0.06777621899065044,0.4333387144823002,3,NA,NA,NA,NA,NA,NA,NA,NA,NA,NA,3,0.0976425315906223,2,0.9523513322454966,0,0.08942852435330353,0.7649049294429608,0,0.002591165450229318,63926,55.26456961114273,55.35425801073332,0.002591165450229318,2.1661372002261774e-5,TRUE,0,NA,NA,NA,NA,NA,NA,NA,NA,NA,NA,NA,NA,NA,NA,NA,NA,NA,NA,NA,NA,NA,NA,NA,NA,NA,NA,NA,NA,NA,NA,NA,NA,NA,NA,NA,NA,NA,NA,NA,NA,NA,NA,NA,NA,NA,NA,NA,NA,NA,NA,NA,NA,NA,NA,NA,NA,NA,NA,NA,to_ad_reverse,MR-APSS,CAUSE,none,NA,NA,FALSE
ad_kunkle__fg_manning__raw,ad_kunkle,fg_manning,raw,MR-APSS,TRUE,FALSE,SD(outcome) per SD(exposure),-0.007404418087981738,0.04045155172404165,-0.08668945946710337,0.07188062329113988,0.85476,66,NA,NA,NA,NA,NA,NA,NA,NA,NA,NA,NA,NA,NA,NA,NA,NA,NA,NA,NA,NA,NA,NA,NA,NA,NA,NA,NA,23.911664904002826,0.36233506134155724,8.91427010444495e-11,0.006022026083061011,0.0773737194827373,FALSE,5e-5,0.08265999839670521,0.08354258534987558,-0.08108346888905091,0.24640346568246133,1.1293135476866667e-8,9.334905604115735e-10,1.2888974781573957e-8,1.0250931085773296,0.006022026083061011,1.0169041942819947,0.005874613762079281,0.006163497348036357,NA,NA,NA,NA,NA,NA,NA,NA,NA,NA,NA,NA,NA,NA,NA,NA,NA,NA,NA,NA,NA,NA,NA,NA,NA,NA,NA,NA,NA,NA,NA,NA,NA,NA,NA,NA,NA,NA,NA,to_ad_reverse,MR-APSS,CAUSE,none,NA,NA,TRUE
ad_kunkle__fg_manning__raw,ad_kunkle,fg_manning,raw,CAUSE,FALSE,TRUE,SD(outcome) per SD(exposure),-0.028449246350265134,NA,-0.06295947085478971,0.007242855152276599,NA,582,NA,NA,NA,NA,NA,NA,NA,NA,NA,NA,NA,NA,NA,NA,NA,NA,NA,NA,NA,NA,NA,NA,NA,NA,NA,NA,NA,NA,NA,NA,NA,NA,NA,NA,NA,NA,NA,NA,NA,NA,NA,NA,NA,NA,NA,NA,0.9480070114509669,FALSE,0.0131846899127053,-0.004301453242079329,0.03482597804205042,-0.52778066286629155,0.9510512076511063,0.289466302055307,-0.028376057960269645,-0.06299677955577174,0.00602166311812382,-0.0033748408845086625,-0.7643320011792647,0.625233050126866,0.03492459257467265,0.0012791922970938339,0.2280655873673049,-5.067010792046569e-5,-0.02910687537259059,0.025798327396329576,-0.028830683932370794,-0.06891242960421629,0.010215890736464278,NA,NA,NA,0.03543100937783894,0.0011778354511309342,0.23965466467956445,-0.52778066286629155,0.9510512076511063,gamma + q*eta interval spans 0: fraction not reported,NA,NA,NA,NA,NA,NA,NA,to_ad_reverse,MR-APSS,CAUSE,none,NA,NA,TRUE
ad_kunkle__fg_manning__raw,ad_kunkle,fg_manning,raw,IVW-FE,FALSE,FALSE,per unit of GWAS beta,0.014962499599618073,0.0204033843710057,-0.02502813376755309,0.05495313296678924,0.4633546194727093,3,NA,NA,NA,NA,NA,NA,NA,NA,NA,NA,3,2.3577134438470915,2,0.3076302445425654,0.15172049206429805,1.4987517463882454,0.2208635260524352,0.6777567664107821,0.0020512156054153055,63926,43.741948349450006,43.79576920837044,0.0020512156054153055,4.985903233180494e-5,TRUE,0,NA,NA,NA,NA,NA,NA,NA,NA,NA,NA,NA,NA,NA,NA,NA,NA,NA,NA,NA,NA,NA,NA,NA,NA,NA,NA,NA,NA,NA,NA,NA,NA,NA,NA,NA,NA,NA,NA,NA,NA,NA,NA,NA,NA,NA,NA,NA,NA,NA,NA,NA,NA,NA,NA,NA,NA,NA,NA,NA,to_ad_reverse,MR-APSS,CAUSE,none,NA,NA,FALSE
ad_kunkle__fg_manning__raw,ad_kunkle,fg_manning,raw,IVW-MRE,FALSE,FALSE,per unit of GWAS beta,0.014962499599618073,0.022153008964686458,-0.028457397971167378,0.05838239717040353,0.4994114199046847,3,1.0857516852041011,NA,NA,NA,NA,NA,NA,NA,NA,NA,3,2.3577134438470915,2,0.3076302445425654,0.15172049206429805,1.4987517463882454,0.2208635260524352,0.6777567664107821,0.0020512156054153055,63926,43.741948349450006,43.79576920837044,0.0020512156054153055,4.985903233180494e-5,TRUE,0,NA,NA,NA,NA,NA,NA,NA,NA,NA,NA,NA,NA,NA,NA,NA,NA,NA,NA,NA,NA,NA,NA,NA,NA,NA,NA,NA,NA,NA,NA,NA,NA,NA,NA,NA,NA,NA,NA,NA,NA,NA,NA,NA,NA,NA,NA,NA,NA,NA,NA,NA,NA,NA,NA,NA,NA,NA,NA,NA,to_ad_reverse,MR-APSS,CAUSE,none,NA,NA,FALSE
ad_kunkle__fg_manning__raw,ad_kunkle,fg_manning,raw,MR-APSS (p<5e-8),FALSE,FALSE,SD(outcome) per SD(exposure),-0.031611708646013925,0.048226123870987576,-0.1261349114331496,0.06291149414112172,0.51215,13,NA,NA,NA,NA,NA,NA,NA,NA,NA,NA,NA,NA,NA,NA,NA,NA,NA,NA,NA,NA,NA,NA,NA,NA,NA,NA,NA,9.94002965383689,0.764617693142886,1.9627300012058144e-10,0.006022026083061011,0.0773737194827373,FALSE,5e-8,0.08265999839670521,0.08354258534987558,-0.08108346888905091,0.24640346568246133,1.1293135476866667e-8,9.334905604115735e-10,1.2888974781573957e-8,1.0250931085773296,0.006022026083061011,1.0169041942819947,0.005874613762079281,0.006163497348036357,NA,NA,NA,NA,NA,NA,NA,NA,NA,NA,NA,NA,NA,NA,NA,NA,NA,NA,NA,NA,NA,NA,NA,NA,NA,NA,NA,NA,NA,NA,NA,NA,NA,NA,NA,NA,NA,NA,NA,to_ad_reverse,MR-APSS,CAUSE,none,NA,NA,TRUE
ad_kunkle__fg_manning__raw,ad_kunkle,fg_manning,raw,MR-Egger,FALSE,FALSE,per unit of GWAS beta,-0.08889028350330591,0.1394372209629547,-0.36218723659069707,0.18440666958408525,0.6386973938236873,3,NA,0.012934008263733561,0.01708484668854953,0.5874735236598008,NA,NA,NA,NA,NA,NA,3,2.3577134438470915,2,0.3076302445425654,0.15172049206429805,1.4987517463882454,0.2208635260524352,0.6777567664107821,0.0020512156054153055,63926,43.741948349450006,43.79576920837044,0.0020512156054153055,4.985903233180494e-5,TRUE,0,NA,NA,NA,NA,NA,NA,NA,NA,NA,NA,NA,NA,NA,NA,NA,NA,NA,NA,NA,NA,NA,NA,NA,NA,NA,NA,NA,NA,NA,NA,NA,NA,NA,NA,NA,NA,NA,NA,NA,NA,NA,NA,NA,NA,NA,NA,NA,NA,NA,NA,NA,NA,NA,NA,NA,NA,NA,NA,NA,to_ad_reverse,MR-APSS,CAUSE,none,NA,NA,FALSE
ad_kunkle__fg_manning__raw,ad_kunkle,fg_manning,raw,MR-PRESSO,FALSE,FALSE,per unit of GWAS beta,NA,NA,NA,NA,NA,NA,NA,NA,NA,NA,NA,NA,NA,NA,NA,NA,3,2.3577134438470915,2,0.3076302445425654,0.15172049206429805,1.4987517463882454,0.2208635260524352,0.6777567664107821,0.0020512156054153055,63926,43.741948349450006,43.79576920837044,0.0020512156054153055,4.985903233180494e-5,TRUE,0,failed: fewer than 4 SNPs,NA,NA,NA,NA,NA,NA,NA,NA,NA,NA,NA,NA,NA,NA,NA,NA,NA,NA,NA,NA,NA,NA,NA,NA,NA,NA,NA,NA,NA,NA,NA,NA,NA,NA,NA,NA,NA,NA,NA,NA,NA,NA,NA,NA,NA,NA,NA,NA,NA,NA,NA,NA,NA,NA,NA,NA,NA,NA,to_ad_reverse,MR-APSS,CAUSE,none,NA,NA,FALSE
ad_kunkle__fg_manning__raw,ad_kunkle,fg_manning,raw,MR-RAPS,FALSE,FALSE,per unit of GWAS beta,0.015147862985752178,0.021386312334920773,-0.026769309190692536,0.057065035162196895,0.47876077823260943,3,NA,NA,NA,NA,NA,NA,NA,NA,NA,NA,3,2.3577134438470915,2,0.3076302445425654,0.15172049206429805,1.4987517463882454,0.2208635260524352,0.6777567664107821,0.0020512156054153055,63926,43.741948349450006,43.79576920837044,0.0020512156054153055,4.985903233180494e-5,TRUE,0,NA,NA,NA,NA,NA,NA,NA,NA,NA,NA,NA,NA,NA,NA,NA,NA,NA,NA,NA,NA,NA,NA,NA,NA,NA,NA,NA,NA,NA,NA,NA,NA,NA,NA,NA,NA,NA,NA,NA,NA,NA,NA,NA,NA,NA,NA,NA,NA,NA,NA,NA,NA,NA,NA,NA,NA,NA,NA,NA,to_ad_reverse,MR-APSS,CAUSE,none,FALSE,over-dispersion optimiser failed (tau2 forced to 0),FALSE
ad_kunkle__fg_manning__raw,ad_kunkle,fg_manning,raw,MRAID,FALSE,FALSE,SD(outcome) per SD(exposure),-0.002780711040927419,0.015791819588171798,-0.03373267743374414,0.028171255351889305,0.8602267427677562,49,NA,NA,NA,NA,NA,NA,NA,NA,NA,NA,NA,NA,NA,NA,NA,NA,NA,NA,NA,NA,NA,NA,NA,NA,NA,NA,NA,NA,NA,NA,NA,NA,NA,NA,NA,NA,NA,NA,NA,NA,NA,NA,NA,NA,NA,NA,NA,NA,NA,NA,NA,NA,NA,NA,NA,NA,NA,NA,NA,NA,NA,NA,NA,NA,NA,NA,NA,NA,NA,NA,NA,NA,NA,NA,NA,NA,NA,NA,4.28632904569636e-4,0.01094668548432171,0.01855364329957793,0.922217035118902,0.9989870997079946,30,0.5,to_ad_reverse,MR-APSS,CAUSE,none,NA,NA,FALSE
ad_kunkle__fg_manning__raw,ad_kunkle,fg_manning,raw,MRBEE,FALSE,FALSE,per unit of GWAS beta,0.027083985418716386,0.027102395838443715,-0.02603671042463329,0.08020468126206606,0.31763935669782445,3,NA,NA,NA,NA,NA,NA,NA,NA,1,0.00595249170653364,3,2.3577134438470915,2,0.3076302445425654,0.15172049206429805,1.4987517463882454,0.2208635260524352,0.6777567664107821,0.0020512156054153055,63926,43.741948349450006,43.79576920837044,0.0020512156054153055,4.985903233180494e-5,TRUE,0,NA,NA,NA,NA,NA,NA,NA,NA,NA,NA,NA,NA,NA,NA,NA,NA,NA,NA,NA,NA,NA,NA,NA,NA,NA,NA,NA,NA,NA,NA,NA,NA,NA,NA,NA,NA,NA,NA,NA,NA,NA,NA,NA,NA,NA,NA,NA,NA,NA,NA,NA,NA,NA,NA,NA,NA,NA,NA,NA,to_ad_reverse,MR-APSS,CAUSE,none,TRUE,,TRUE
ad_kunkle__fg_manning__raw,ad_kunkle,fg_manning,raw,Weighted median,FALSE,FALSE,per unit of GWAS beta,0.020912634893190323,0.022305189034910914,-0.02280553561523507,0.06463080540161571,0.3484663839936449,3,NA,NA,NA,NA,NA,NA,NA,NA,NA,NA,3,2.3577134438470915,2,0.3076302445425654,0.15172049206429805,1.4987517463882454,0.2208635260524352,0.6777567664107821,0.0020512156054153055,63926,43.741948349450006,43.79576920837044,0.0020512156054153055,4.985903233180494e-5,TRUE,0,NA,NA,NA,NA,NA,NA,NA,NA,NA,NA,NA,NA,NA,NA,NA,NA,NA,NA,NA,NA,NA,NA,NA,NA,NA,NA,NA,NA,NA,NA,NA,NA,NA,NA,NA,NA,NA,NA,NA,NA,NA,NA,NA,NA,NA,NA,NA,NA,NA,NA,NA,NA,NA,NA,NA,NA,NA,NA,NA,to_ad_reverse,MR-APSS,CAUSE,none,NA,NA,FALSE
ad_kunkle__fg_manning__raw,ad_kunkle,fg_manning,raw,Weighted mode,FALSE,FALSE,per unit of GWAS beta,0.027052130240199285,0.025400477020571435,-0.02273280472012073,0.0768370652005193,0.398423452756399,3,NA,NA,NA,NA,NA,NA,NA,NA,NA,NA,3,2.3577134438470915,2,0.3076302445425654,0.15172049206429805,1.4987517463882454,0.2208635260524352,0.6777567664107821,0.0020512156054153055,63926,43.741948349450006,43.79576920837044,0.0020512156054153055,4.985903233180494e-5,TRUE,0,NA,NA,NA,NA,NA,NA,NA,NA,NA,NA,NA,NA,NA,NA,NA,NA,NA,NA,NA,NA,NA,NA,NA,NA,NA,NA,NA,NA,NA,NA,NA,NA,NA,NA,NA,NA,NA,NA,NA,NA,NA,NA,NA,NA,NA,NA,NA,NA,NA,NA,NA,NA,NA,NA,NA,NA,NA,NA,NA,to_ad_reverse,MR-APSS,CAUSE,none,NA,NA,FALSE
ad_kunkle__glu2h_chen__raw,ad_kunkle,glu2h_chen,raw,MR-APSS,TRUE,FALSE,SD(outcome) per SD(exposure),-0.04591964801609317,0.03737863935173788,-0.1191817811454994,0.027342485113313074,0.21926,63,NA,NA,NA,NA,NA,NA,NA,NA,NA,NA,NA,NA,NA,NA,NA,NA,NA,NA,NA,NA,NA,NA,NA,NA,NA,NA,NA,23.92415588330316,0.37977445456524794,8.69705729552923e-11,-0.0019153283151856822,0.18386441963440567,FALSE,5e-5,0.1709594130908881,0.08454739282715044,0.005246523149673249,0.33667230303210294,1.1133422255567601e-8,1.9033633345048687e-9,9.625411975450911e-9,1.0279761735000807,-0.0019153283151856822,1.0129365186701476,-0.0018632030241171069,-0.0018709751412735445,NA,NA,NA,NA,NA,NA,NA,NA,NA,NA,NA,NA,NA,NA,NA,NA,NA,NA,NA,NA,NA,NA,NA,NA,NA,NA,NA,NA,NA,NA,NA,NA,NA,NA,NA,NA,NA,NA,NA,to_ad_reverse,MR-APSS,CAUSE,none,NA,NA,TRUE
ad_kunkle__glu2h_chen__raw,ad_kunkle,glu2h_chen,raw,CAUSE,FALSE,TRUE,SD(outcome) per SD(exposure),-0.013996502327378302,NA,-0.04634483586748691,0.01766186957390413,NA,610,NA,NA,NA,NA,NA,NA,NA,NA,NA,NA,NA,NA,NA,NA,NA,NA,NA,NA,NA,NA,NA,NA,NA,NA,NA,NA,NA,NA,NA,NA,NA,NA,NA,NA,NA,NA,NA,NA,NA,NA,NA,NA,NA,NA,NA,NA,0.797022920158991,FALSE,0.011970304195166419,-0.027220877568304786,0.03629241998636736,0.5115587003060904,0.6673539972839496,0.7783247722144103,-0.014202027994261344,-0.046182845998801035,0.017808646476457125,-0.027616919695386623,-0.6341115788279503,0.6200785273719656,0.03670691869884843,0.0013992068042033212,0.2393498706400883,-5.647629785751924e-4,-0.028975709699652547,0.021704388547485347,-0.015747946347161763,-0.051502215238961147,0.01979215799581268,NA,NA,NA,0.03659102329333636,0.001263865899539205,0.23290223984331132,0.5115587003060904,0.6673539972839496,gamma + q*eta interval spans 0: fraction not reported,NA,NA,NA,NA,NA,NA,NA,to_ad_reverse,MR-APSS,CAUSE,none,NA,NA,TRUE
ad_kunkle__glu2h_chen__raw,ad_kunkle,glu2h_chen,raw,IVW-FE,FALSE,FALSE,per unit of GWAS beta,-0.019983309597556665,0.019617992786083015,-0.058434575458279375,0.01846795626316604,0.30838268448421324,15,NA,NA,NA,NA,NA,NA,NA,NA,NA,NA,15,13.603163266029805,14,0.47967434945820536,0,11.431259233540493,0.5747378105758992,0.9352984667309413,0.015414936294892718,63926,65.78996773552636,66.70617670482024,0.015414936294892718,2.3094202297635399e-4,TRUE,0,NA,NA,NA,NA,NA,NA,NA,NA,NA,NA,NA,NA,NA,NA,NA,NA,NA,NA,NA,NA,NA,NA,NA,NA,NA,NA,NA,NA,NA,NA,NA,NA,NA,NA,NA,NA,NA,NA,NA,NA,NA,NA,NA,NA,NA,NA,NA,NA,NA,NA,NA,NA,NA,NA,NA,NA,NA,NA,NA,to_ad_reverse,MR-APSS,CAUSE,none,NA,NA,FALSE
ad_kunkle__glu2h_chen__raw,ad_kunkle,glu2h_chen,raw,IVW-MRE,FALSE,FALSE,per unit of GWAS beta,-0.019983309597556665,0.019617992786083015,-0.058434575458279375,0.01846795626316604,0.30838268448421324,15,0.9857253770711846,NA,NA,NA,NA,NA,NA,NA,NA,NA,15,13.603163266029805,14,0.47967434945820536,0,11.431259233540493,0.5747378105758992,0.9352984667309413,0.015414936294892718,63926,65.78996773552636,66.70617670482024,0.015414936294892718,2.3094202297635399e-4,TRUE,0,NA,NA,NA,NA,NA,NA,NA,NA,NA,NA,NA,NA,NA,NA,NA,NA,NA,NA,NA,NA,NA,NA,NA,NA,NA,NA,NA,NA,NA,NA,NA,NA,NA,NA,NA,NA,NA,NA,NA,NA,NA,NA,NA,NA,NA,NA,NA,NA,NA,NA,NA,NA,NA,NA,NA,NA,NA,NA,NA,to_ad_reverse,MR-APSS,CAUSE,none,NA,NA,FALSE
ad_kunkle__glu2h_chen__raw,ad_kunkle,glu2h_chen,raw,MR-APSS (p<5e-8),FALSE,FALSE,SD(outcome) per SD(exposure),-0.04260469199030247,0.044624237419737395,-0.13006819733298777,0.04485881335238282,0.33971,13,NA,NA,NA,NA,NA,NA,NA,NA,NA,NA,NA,NA,NA,NA,NA,NA,NA,NA,NA,NA,NA,NA,NA,NA,NA,NA,NA,10.256135877630534,0.7889333961096671,4.316802351600689e-10,-0.0019153283151856822,0.18386441963440567,FALSE,5e-8,0.1709594130908881,0.08454739282715044,0.005246523149673249,0.33667230303210294,1.1133422255567601e-8,1.9033633345048687e-9,9.625411975450911e-9,1.0279761735000807,-0.0019153283151856822,1.0129365186701476,-0.0018632030241171069,-0.0018709751412735445,NA,NA,NA,NA,NA,NA,NA,NA,NA,NA,NA,NA,NA,NA,NA,NA,NA,NA,NA,NA,NA,NA,NA,NA,NA,NA,NA,NA,NA,NA,NA,NA,NA,NA,NA,NA,NA,NA,NA,to_ad_reverse,MR-APSS,CAUSE,none,NA,NA,TRUE
ad_kunkle__glu2h_chen__raw,ad_kunkle,glu2h_chen,raw,MR-Egger,FALSE,FALSE,per unit of GWAS beta,0.039895757042309334,0.04511898135044197,-0.04853744640455692,0.12832896048917558,0.3926299294167753,15,NA,-0.009412911636152986,0.006387099267113693,0.16435098114060767,NA,NA,NA,NA,NA,NA,15,13.603163266029805,14,0.47967434945820536,0,11.431259233540493,0.5747378105758992,0.9352984667309413,0.015414936294892718,63926,65.78996773552636,66.70617670482024,0.015414936294892718,2.3094202297635399e-4,TRUE,0,NA,NA,NA,NA,NA,NA,NA,NA,NA,NA,NA,NA,NA,NA,NA,NA,NA,NA,NA,NA,NA,NA,NA,NA,NA,NA,NA,NA,NA,NA,NA,NA,NA,NA,NA,NA,NA,NA,NA,NA,NA,NA,NA,NA,NA,NA,NA,NA,NA,NA,NA,NA,NA,NA,NA,NA,NA,NA,NA,to_ad_reverse,MR-APSS,CAUSE,none,NA,NA,FALSE
ad_kunkle__glu2h_chen__raw,ad_kunkle,glu2h_chen,raw,MR-PRESSO,FALSE,FALSE,per unit of GWAS beta,-0.0199833095975567,0.0193379533364415,-0.057885698136982036,0.01791907894186864,0.318951293373554,15,NA,NA,NA,NA,0.439,0,Raw,NA,NA,NA,15,13.603163266029805,14,0.47967434945820536,0,11.431259233540493,0.5747378105758992,0.9352984667309413,0.015414936294892718,63926,65.78996773552636,66.70617670482024,0.015414936294892718,2.3094202297635399e-4,TRUE,0,NA,NA,NA,NA,NA,NA,NA,NA,NA,NA,NA,NA,NA,NA,NA,NA,NA,NA,NA,NA,NA,NA,NA,NA,NA,NA,NA,NA,NA,NA,NA,NA,NA,NA,NA,NA,NA,NA,NA,NA,NA,NA,NA,NA,NA,NA,NA,NA,NA,NA,NA,NA,NA,NA,NA,NA,NA,NA,NA,to_ad_reverse,MR-APSS,CAUSE,none,NA,NA,FALSE
ad_kunkle__glu2h_chen__raw,ad_kunkle,glu2h_chen,raw,MR-RAPS,FALSE,FALSE,per unit of GWAS beta,-0.023838225522576886,0.020445497923114425,-0.06391140145188116,0.01623495040672739,0.24363867191493832,15,NA,NA,NA,NA,NA,NA,NA,NA,NA,NA,15,13.603163266029805,14,0.47967434945820536,0,11.431259233540493,0.5747378105758992,0.9352984667309413,0.015414936294892718,63926,65.78996773552636,66.70617670482024,0.015414936294892718,2.3094202297635399e-4,TRUE,0,NA,NA,NA,NA,NA,NA,NA,NA,NA,NA,NA,NA,NA,NA,NA,NA,NA,NA,NA,NA,NA,NA,NA,NA,NA,NA,NA,NA,NA,NA,NA,NA,NA,NA,NA,NA,NA,NA,NA,NA,NA,NA,NA,NA,NA,NA,NA,NA,NA,NA,NA,NA,NA,NA,NA,NA,NA,NA,NA,to_ad_reverse,MR-APSS,CAUSE,none,TRUE,warnings: The estimated overdispersion parameter is very small. Consider using the simple model without overdispersion.; Estimated overdispersion is negative. Using tau2 = 0.,FALSE
ad_kunkle__glu2h_chen__raw,ad_kunkle,glu2h_chen,raw,MRAID,FALSE,FALSE,SD(outcome) per SD(exposure),-0.014554399016813985,0.015391755809337451,-0.04472224040311539,0.01561344236948742,0.3443541451810517,65,NA,NA,NA,NA,NA,NA,NA,NA,NA,NA,NA,NA,NA,NA,NA,NA,NA,NA,NA,NA,NA,NA,NA,NA,NA,NA,NA,NA,NA,NA,NA,NA,NA,NA,NA,NA,NA,NA,NA,NA,NA,NA,NA,NA,NA,NA,NA,NA,NA,NA,NA,NA,NA,NA,NA,NA,NA,NA,NA,NA,NA,NA,NA,NA,NA,NA,NA,NA,NA,NA,NA,NA,NA,NA,NA,NA,NA,NA,2.3975662472464304e-4,0.008640507194852971,0.01525929265257164,0.9331583365709791,0.9999679559973736,33,0.5,to_ad_reverse,MR-APSS,CAUSE,none,NA,NA,FALSE
ad_kunkle__glu2h_chen__raw,ad_kunkle,glu2h_chen,raw,MRBEE,FALSE,FALSE,per unit of GWAS beta,-0.020330436962581442,0.02428434669355859,-0.06792775648195627,0.027266882556793392,0.402489833277452,15,NA,NA,NA,NA,NA,NA,NA,NA,0,0.003524460855842998,15,13.603163266029805,14,0.47967434945820536,0,11.431259233540493,0.5747378105758992,0.9352984667309413,0.015414936294892718,63926,65.78996773552636,66.70617670482024,0.015414936294892718,2.3094202297635399e-4,TRUE,0,NA,NA,NA,NA,NA,NA,NA,NA,NA,NA,NA,NA,NA,NA,NA,NA,NA,NA,NA,NA,NA,NA,NA,NA,NA,NA,NA,NA,NA,NA,NA,NA,NA,NA,NA,NA,NA,NA,NA,NA,NA,NA,NA,NA,NA,NA,NA,NA,NA,NA,NA,NA,NA,NA,NA,NA,NA,NA,NA,to_ad_reverse,MR-APSS,CAUSE,none,TRUE,,TRUE
ad_kunkle__glu2h_chen__raw,ad_kunkle,glu2h_chen,raw,Weighted median,FALSE,FALSE,per unit of GWAS beta,0.005654186867368729,0.02862248286960283,-0.05044587955705281,0.061754253291790275,0.8434022050718649,15,NA,NA,NA,NA,NA,NA,NA,NA,NA,NA,15,13.603163266029805,14,0.47967434945820536,0,11.431259233540493,0.5747378105758992,0.9352984667309413,0.015414936294892718,63926,65.78996773552636,66.70617670482024,0.015414936294892718,2.3094202297635399e-4,TRUE,0,NA,NA,NA,NA,NA,NA,NA,NA,NA,NA,NA,NA,NA,NA,NA,NA,NA,NA,NA,NA,NA,NA,NA,NA,NA,NA,NA,NA,NA,NA,NA,NA,NA,NA,NA,NA,NA,NA,NA,NA,NA,NA,NA,NA,NA,NA,NA,NA,NA,NA,NA,NA,NA,NA,NA,NA,NA,NA,NA,to_ad_reverse,MR-APSS,CAUSE,none,NA,NA,FALSE
ad_kunkle__glu2h_chen__raw,ad_kunkle,glu2h_chen,raw,Weighted mode,FALSE,FALSE,per unit of GWAS beta,0.024597983368998766,0.04349950945231655,-0.060661055157541666,0.1098570218955392,0.5806993499225694,15,NA,NA,NA,NA,NA,NA,NA,NA,NA,NA,15,13.603163266029805,14,0.47967434945820536,0,11.431259233540493,0.5747378105758992,0.9352984667309413,0.015414936294892718,63926,65.78996773552636,66.70617670482024,0.015414936294892718,2.3094202297635399e-4,TRUE,0,NA,NA,NA,NA,NA,NA,NA,NA,NA,NA,NA,NA,NA,NA,NA,NA,NA,NA,NA,NA,NA,NA,NA,NA,NA,NA,NA,NA,NA,NA,NA,NA,NA,NA,NA,NA,NA,NA,NA,NA,NA,NA,NA,NA,NA,NA,NA,NA,NA,NA,NA,NA,NA,NA,NA,NA,NA,NA,NA,to_ad_reverse,MR-APSS,CAUSE,none,NA,NA,FALSE
ad_kunkle__leanmass_pei__raw,ad_kunkle,leanmass_pei,raw,MR-APSS,TRUE,FALSE,SD(outcome) per SD(exposure),0.019053962981462596,0.028227790534756624,-0.03627250646666039,0.07438043242958557,0.49967,63,NA,NA,NA,NA,NA,NA,NA,NA,NA,NA,NA,NA,NA,NA,NA,NA,NA,NA,NA,NA,NA,NA,NA,NA,NA,NA,NA,22.822483562066974,0.36226128809771174,9.521249360534629e-9,-0.00849032175541014,-0.06383269591804087,FALSE,5e-5,-0.15294095705956262,0.08159645394444867,-0.312870006790682,0.006988092671556784,1.0790393076380778e-8,-1.6502930441505543e-9,6.194389341483838e-8,1.0300682408749182,-0.00849032175541014,1.640950597356683,-0.008242484738873844,-0.0031057996179166152,NA,NA,NA,NA,NA,NA,NA,NA,NA,NA,NA,NA,NA,NA,NA,NA,NA,NA,NA,NA,NA,NA,NA,NA,NA,NA,NA,NA,NA,NA,NA,NA,NA,NA,NA,NA,NA,NA,NA,to_ad_reverse,MR-APSS,CAUSE,none,NA,NA,TRUE
ad_kunkle__leanmass_pei__raw,ad_kunkle,leanmass_pei,raw,CAUSE,FALSE,TRUE,SD(outcome) per SD(exposure),0.0060286550137882465,NA,-0.016536390965909434,0.028607809940550257,NA,599,NA,NA,NA,NA,NA,NA,NA,NA,NA,NA,NA,NA,NA,NA,NA,NA,NA,NA,NA,NA,NA,NA,NA,NA,NA,NA,NA,NA,NA,NA,NA,NA,NA,NA,NA,NA,NA,NA,NA,NA,NA,NA,NA,NA,NA,NA,0.30156370650362235,FALSE,-0.019981224714280238,0.01682864530607103,0.02102398799776639,0.8154822242069191,0.6415080847705837,0.8981704557803405,0.006045097408382037,-0.016544690779588346,0.02910256746276217,0.01674805421213737,-1.1610125732538001,1.025950525198541,0.021004662725930212,6.595540536185007e-4,0.19849370749663758,2.464993848757434e-4,-0.0186002170358974,0.022164430474731458,0.006633653600072412,-0.021430299379903445,0.03494969745460303,NA,NA,NA,0.020538522062669526,6.417755583169485e-4,0.19212288223248147,0.8154822242069191,0.6415080847705837,gamma + q*eta interval spans 0: fraction not reported,NA,NA,NA,NA,NA,NA,NA,to_ad_reverse,MR-APSS,CAUSE,none,NA,NA,TRUE
ad_kunkle__leanmass_pei__raw,ad_kunkle,leanmass_pei,raw,IVW-FE,FALSE,FALSE,per unit of GWAS beta,0.007018809181665419,0.003968459498622101,-7.593714356338988e-4,0.014796989798964736,0.0769525835307919,15,NA,NA,NA,NA,NA,NA,NA,NA,NA,NA,15,63.67924138571463,14,2.629177534764776e-8,0.7801481346927499,63.29548952444931,1.3425593433312343e-8,0.9352984667309413,0.015414936294892718,63926,65.78996773552636,66.70617670482024,0.015414936294892718,1.4837878838687887e-4,TRUE,0,NA,NA,NA,NA,NA,NA,NA,NA,NA,NA,NA,NA,NA,NA,NA,NA,NA,NA,NA,NA,NA,NA,NA,NA,NA,NA,NA,NA,NA,NA,NA,NA,NA,NA,NA,NA,NA,NA,NA,NA,NA,NA,NA,NA,NA,NA,NA,NA,NA,NA,NA,NA,NA,NA,NA,NA,NA,NA,NA,to_ad_reverse,MR-APSS,CAUSE,none,NA,NA,FALSE
ad_kunkle__leanmass_pei__raw,ad_kunkle,leanmass_pei,raw,IVW-MRE,FALSE,FALSE,per unit of GWAS beta,0.007018809181665419,0.008463634008766612,-0.009569913475517139,0.023607531838847978,0.4069401854148119,15,2.1327253085751012,NA,NA,NA,NA,NA,NA,NA,NA,NA,15,63.67924138571463,14,2.629177534764776e-8,0.7801481346927499,63.29548952444931,1.3425593433312343e-8,0.9352984667309413,0.015414936294892718,63926,65.78996773552636,66.70617670482024,0.015414936294892718,1.4837878838687887e-4,TRUE,0,NA,NA,NA,NA,NA,NA,NA,NA,NA,NA,NA,NA,NA,NA,NA,NA,NA,NA,NA,NA,NA,NA,NA,NA,NA,NA,NA,NA,NA,NA,NA,NA,NA,NA,NA,NA,NA,NA,NA,NA,NA,NA,NA,NA,NA,NA,NA,NA,NA,NA,NA,NA,NA,NA,NA,NA,NA,NA,NA,to_ad_reverse,MR-APSS,CAUSE,none,NA,NA,FALSE
ad_kunkle__leanmass_pei__raw,ad_kunkle,leanmass_pei,raw,MR-APSS (p<5e-8),FALSE,FALSE,SD(outcome) per SD(exposure),0.015901093028021906,0.03466463380474006,-0.0520415892292686,0.08384377528531242,0.64644,13,NA,NA,NA,NA,NA,NA,NA,NA,NA,NA,NA,NA,NA,NA,NA,NA,NA,NA,NA,NA,NA,NA,NA,NA,NA,NA,NA,10.593594252149142,0.8148885291420641,1.2900819943864119e-8,-0.00849032175541014,-0.06383269591804087,FALSE,5e-8,-0.15294095705956262,0.08159645394444867,-0.312870006790682,0.006988092671556784,1.0790393076380778e-8,-1.6502930441505543e-9,6.194389341483838e-8,1.0300682408749182,-0.00849032175541014,1.640950597356683,-0.008242484738873844,-0.0031057996179166152,NA,NA,NA,NA,NA,NA,NA,NA,NA,NA,NA,NA,NA,NA,NA,NA,NA,NA,NA,NA,NA,NA,NA,NA,NA,NA,NA,NA,NA,NA,NA,NA,NA,NA,NA,NA,NA,NA,NA,to_ad_reverse,MR-APSS,CAUSE,none,NA,NA,TRUE
ad_kunkle__leanmass_pei__raw,ad_kunkle,leanmass_pei,raw,MR-Egger,FALSE,FALSE,per unit of GWAS beta,0.002303553467482459,0.018941213497209747,-0.03482122498704865,0.03942833192201356,0.9050629750142594,15,NA,7.700182132827686e-4,0.0027427767261311567,0.7833250143895336,NA,NA,NA,NA,NA,NA,15,63.67924138571463,14,2.629177534764776e-8,0.7801481346927499,63.29548952444931,1.3425593433312343e-8,0.9352984667309413,0.015414936294892718,63926,65.78996773552636,66.70617670482024,0.015414936294892718,1.4837878838687887e-4,TRUE,0,NA,NA,NA,NA,NA,NA,NA,NA,NA,NA,NA,NA,NA,NA,NA,NA,NA,NA,NA,NA,NA,NA,NA,NA,NA,NA,NA,NA,NA,NA,NA,NA,NA,NA,NA,NA,NA,NA,NA,NA,NA,NA,NA,NA,NA,NA,NA,NA,NA,NA,NA,NA,NA,NA,NA,NA,NA,NA,NA,to_ad_reverse,MR-APSS,CAUSE,none,NA,NA,FALSE
ad_kunkle__leanmass_pei__raw,ad_kunkle,leanmass_pei,raw,MR-PRESSO,FALSE,FALSE,per unit of GWAS beta,0.0169373208758455,0.00643849312863237,0.004317874343726054,0.029556767407964944,0.0233807524680608,12,NA,NA,NA,NA,0.001,3,Outlier-corrected,0.465,NA,NA,15,63.67924138571463,14,2.629177534764776e-8,0.7801481346927499,63.29548952444931,1.3425593433312343e-8,0.9352984667309413,0.015414936294892718,63926,65.78996773552636,66.70617670482024,0.015414936294892718,1.4837878838687887e-4,TRUE,0,NA,NA,NA,NA,NA,NA,NA,NA,NA,NA,NA,NA,NA,NA,NA,NA,NA,NA,NA,NA,NA,NA,NA,NA,NA,NA,NA,NA,NA,NA,NA,NA,NA,NA,NA,NA,NA,NA,NA,NA,NA,NA,NA,NA,NA,NA,NA,NA,NA,NA,NA,NA,NA,NA,NA,NA,NA,NA,NA,to_ad_reverse,MR-APSS,CAUSE,none,NA,NA,FALSE
ad_kunkle__leanmass_pei__raw,ad_kunkle,leanmass_pei,raw,MR-RAPS,FALSE,FALSE,per unit of GWAS beta,0.014854554829279689,0.006965467134832205,0.001202239245008568,0.02850687041355081,0.032957557837981356,15,NA,NA,NA,NA,NA,NA,NA,NA,NA,NA,15,63.67924138571463,14,2.629177534764776e-8,0.7801481346927499,63.29548952444931,1.3425593433312343e-8,0.9352984667309413,0.015414936294892718,63926,65.78996773552636,66.70617670482024,0.015414936294892718,1.4837878838687887e-4,TRUE,0,NA,NA,NA,NA,NA,NA,NA,NA,NA,NA,NA,NA,NA,NA,NA,NA,NA,NA,NA,NA,NA,NA,NA,NA,NA,NA,NA,NA,NA,NA,NA,NA,NA,NA,NA,NA,NA,NA,NA,NA,NA,NA,NA,NA,NA,NA,NA,NA,NA,NA,NA,NA,NA,NA,NA,NA,NA,NA,NA,to_ad_reverse,MR-APSS,CAUSE,none,TRUE,,FALSE
ad_kunkle__leanmass_pei__raw,ad_kunkle,leanmass_pei,raw,MRAID,FALSE,FALSE,SD(outcome) per SD(exposure),0.02122841881163921,0.011615700122410005,-0.0015383534282844002,0.04399519105156282,0.06761522705545717,65,NA,NA,NA,NA,NA,NA,NA,NA,NA,NA,NA,NA,NA,NA,NA,NA,NA,NA,NA,NA,NA,NA,NA,NA,NA,NA,NA,NA,NA,NA,NA,NA,NA,NA,NA,NA,NA,NA,NA,NA,NA,NA,NA,NA,NA,NA,NA,NA,NA,NA,NA,NA,NA,NA,NA,NA,NA,NA,NA,NA,NA,NA,NA,NA,NA,NA,NA,NA,NA,NA,NA,NA,NA,NA,NA,NA,NA,NA,0.1207073449072847,0.008570665251916307,0.01028956404859268,0.9297216791895102,0.9992447090373227,33,0.5,to_ad_reverse,MR-APSS,CAUSE,none,NA,NA,FALSE
ad_kunkle__leanmass_pei__raw,ad_kunkle,leanmass_pei,raw,MRBEE,FALSE,FALSE,per unit of GWAS beta,0.014645391203454998,0.008018238083856976,-0.0010703554409046741,0.03036113784781467,0.06777349209703273,15,NA,NA,NA,NA,NA,NA,NA,NA,1,-0.006500878167672043,15,63.67924138571463,14,2.629177534764776e-8,0.7801481346927499,63.29548952444931,1.3425593433312343e-8,0.9352984667309413,0.015414936294892718,63926,65.78996773552636,66.70617670482024,0.015414936294892718,1.4837878838687887e-4,TRUE,0,NA,NA,NA,NA,NA,NA,NA,NA,NA,NA,NA,NA,NA,NA,NA,NA,NA,NA,NA,NA,NA,NA,NA,NA,NA,NA,NA,NA,NA,NA,NA,NA,NA,NA,NA,NA,NA,NA,NA,NA,NA,NA,NA,NA,NA,NA,NA,NA,NA,NA,NA,NA,NA,NA,NA,NA,NA,NA,NA,to_ad_reverse,MR-APSS,CAUSE,none,TRUE,warnings: 'rlm' failed to converge in 20 steps,TRUE
ad_kunkle__leanmass_pei__raw,ad_kunkle,leanmass_pei,raw,Weighted median,FALSE,FALSE,per unit of GWAS beta,0.0151167427205132,0.006388673587104429,0.002594942489788518,0.027638542951237882,0.017972771847401422,15,NA,NA,NA,NA,NA,NA,NA,NA,NA,NA,15,63.67924138571463,14,2.629177534764776e-8,0.7801481346927499,63.29548952444931,1.3425593433312343e-8,0.9352984667309413,0.015414936294892718,63926,65.78996773552636,66.70617670482024,0.015414936294892718,1.4837878838687887e-4,TRUE,0,NA,NA,NA,NA,NA,NA,NA,NA,NA,NA,NA,NA,NA,NA,NA,NA,NA,NA,NA,NA,NA,NA,NA,NA,NA,NA,NA,NA,NA,NA,NA,NA,NA,NA,NA,NA,NA,NA,NA,NA,NA,NA,NA,NA,NA,NA,NA,NA,NA,NA,NA,NA,NA,NA,NA,NA,NA,NA,NA,to_ad_reverse,MR-APSS,CAUSE,none,NA,NA,FALSE
ad_kunkle__leanmass_pei__raw,ad_kunkle,leanmass_pei,raw,Weighted mode,FALSE,FALSE,per unit of GWAS beta,0.01912914260513371,0.006872768878229833,0.005658515603803236,0.032599769606464185,0.014653285205219243,15,NA,NA,NA,NA,NA,NA,NA,NA,NA,NA,15,63.67924138571463,14,2.629177534764776e-8,0.7801481346927499,63.29548952444931,1.3425593433312343e-8,0.9352984667309413,0.015414936294892718,63926,65.78996773552636,66.70617670482024,0.015414936294892718,1.4837878838687887e-4,TRUE,0,NA,NA,NA,NA,NA,NA,NA,NA,NA,NA,NA,NA,NA,NA,NA,NA,NA,NA,NA,NA,NA,NA,NA,NA,NA,NA,NA,NA,NA,NA,NA,NA,NA,NA,NA,NA,NA,NA,NA,NA,NA,NA,NA,NA,NA,NA,NA,NA,NA,NA,NA,NA,NA,NA,NA,NA,NA,NA,NA,to_ad_reverse,MR-APSS,CAUSE,none,NA,NA,FALSE
ad_kunkle__t2d_xue__raw,ad_kunkle,t2d_xue,raw,MR-APSS,TRUE,FALSE,SD(outcome) per SD(exposure),-0.020558773586728755,0.01663767339505832,-0.05316861344104307,0.012051066267585554,0.21658,54,NA,NA,NA,NA,NA,NA,NA,NA,NA,NA,NA,NA,NA,NA,NA,NA,NA,NA,NA,NA,NA,NA,NA,NA,NA,NA,NA,20.09105492636546,0.3720593856530404,5.5334129446757675e-9,0.016181285539340957,-0.014512499025587674,FALSE,5e-5,-0.012041161875956071,0.049078416737413935,-0.10823485868128738,0.08415253492937524,9.756873561717984e-9,-1.1748409395988232e-10,6.716809940940682e-9,1.0357265226191497,0.016181285539340957,1.164536589123344,0.015623125589582908,0.004878264648862365,NA,NA,NA,NA,NA,NA,NA,NA,NA,NA,NA,NA,NA,NA,NA,NA,NA,NA,NA,NA,NA,NA,NA,NA,NA,NA,NA,NA,NA,NA,NA,NA,NA,NA,NA,NA,NA,NA,NA,to_ad_reverse,MR-APSS,CAUSE,none,NA,NA,TRUE
ad_kunkle__t2d_xue__raw,ad_kunkle,t2d_xue,raw,CAUSE,FALSE,TRUE,SD(outcome) per SD(exposure),-0.014834065852182936,NA,-0.0404431291500781,0.011761980649048716,NA,486,NA,NA,NA,NA,NA,NA,NA,NA,NA,NA,NA,NA,NA,NA,NA,NA,NA,NA,NA,NA,NA,NA,NA,NA,NA,NA,NA,NA,NA,NA,NA,NA,NA,NA,NA,NA,NA,NA,NA,NA,NA,NA,NA,NA,NA,NA,0.8580933760764871,FALSE,0.010090600307878356,0.017680735322173527,0.04001623378146828,0.2874939167036725,0.7090016995905735,0.6574417399329323,-0.015053782328930985,-0.04001964322202565,0.012226323695643514,0.017803236276901974,-0.28362510039426686,0.31073159702304637,0.03997989659164704,0.0015796017295074173,0.25079304546004877,4.0765985393508084e-4,-0.011830948715366937,0.01771168537166051,-0.013680985381865497,-0.03952783264438395,0.013572867474916274,NA,NA,NA,0.037689744022922585,0.0012598558670452325,0.23935022570288036,0.2874939167036725,0.7090016995905735,gamma + q*eta interval spans 0: fraction not reported,NA,NA,NA,NA,NA,NA,NA,to_ad_reverse,MR-APSS,CAUSE,none,NA,NA,TRUE
ad_kunkle__t2d_xue__raw,ad_kunkle,t2d_xue,raw,IVW-FE,FALSE,FALSE,per unit of GWAS beta,0.05869386599588019,0.026479076096442407,0.006794876846853072,0.1105928551449073,0.026649544081658597,8,NA,NA,NA,NA,NA,NA,NA,NA,NA,NA,8,22.63128366284889,7,0.001975691078401164,0.6906936387576161,19.475414087792046,0.003431714355871717,0.5759597307842353,0.0064283296216795386,63926,51.41149049398018,51.69223779705308,0.0064283296216795386,4.2009856843126444e-5,TRUE,0,NA,NA,NA,NA,NA,NA,NA,NA,NA,NA,NA,NA,NA,NA,NA,NA,NA,NA,NA,NA,NA,NA,NA,NA,NA,NA,NA,NA,NA,NA,NA,NA,NA,NA,NA,NA,NA,NA,NA,NA,NA,NA,NA,NA,NA,NA,NA,NA,NA,NA,NA,NA,NA,NA,NA,NA,NA,NA,NA,to_ad_reverse,MR-APSS,CAUSE,none,NA,NA,FALSE
ad_kunkle__t2d_xue__raw,ad_kunkle,t2d_xue,raw,IVW-MRE,FALSE,FALSE,per unit of GWAS beta,0.05869386599588019,0.04761112042400617,-0.0346239300351719,0.15201166202693228,0.21765919575631684,8,1.7980657727858924,NA,NA,NA,NA,NA,NA,NA,NA,NA,8,22.63128366284889,7,0.001975691078401164,0.6906936387576161,19.475414087792046,0.003431714355871717,0.5759597307842353,0.0064283296216795386,63926,51.41149049398018,51.69223779705308,0.0064283296216795386,4.2009856843126444e-5,TRUE,0,NA,NA,NA,NA,NA,NA,NA,NA,NA,NA,NA,NA,NA,NA,NA,NA,NA,NA,NA,NA,NA,NA,NA,NA,NA,NA,NA,NA,NA,NA,NA,NA,NA,NA,NA,NA,NA,NA,NA,NA,NA,NA,NA,NA,NA,NA,NA,NA,NA,NA,NA,NA,NA,NA,NA,NA,NA,NA,NA,to_ad_reverse,MR-APSS,CAUSE,none,NA,NA,FALSE
ad_kunkle__t2d_xue__raw,ad_kunkle,t2d_xue,raw,MR-APSS (p<5e-8),FALSE,FALSE,SD(outcome) per SD(exposure),-0.01841367478136454,0.0186386324271112,-0.05494539433850249,0.01811804477577341,0.32319,11,NA,NA,NA,NA,NA,NA,NA,NA,NA,NA,NA,NA,NA,NA,NA,NA,NA,NA,NA,NA,NA,NA,NA,NA,NA,NA,NA,9.693591951803779,0.8812370538516852,6.761381034564504e-9,0.016181285539340957,-0.014512499025587674,FALSE,5e-8,-0.012041161875956071,0.049078416737413935,-0.10823485868128738,0.08415253492937524,9.756873561717984e-9,-1.1748409395988232e-10,6.716809940940682e-9,1.0357265226191497,0.016181285539340957,1.164536589123344,0.015623125589582908,0.004878264648862365,NA,NA,NA,NA,NA,NA,NA,NA,NA,NA,NA,NA,NA,NA,NA,NA,NA,NA,NA,NA,NA,NA,NA,NA,NA,NA,NA,NA,NA,NA,NA,NA,NA,NA,NA,NA,NA,NA,NA,to_ad_reverse,MR-APSS,CAUSE,none,NA,NA,TRUE
ad_kunkle__t2d_xue__raw,ad_kunkle,t2d_xue,raw,MR-Egger,FALSE,FALSE,per unit of GWAS beta,0.2923306437098689,0.24170074664261676,-0.18140281970965993,0.7660641071293977,0.27196985290032477,8,NA,-0.028500972500449268,0.02890466104307142,0.36219416918089725,NA,NA,NA,NA,NA,NA,8,22.63128366284889,7,0.001975691078401164,0.6906936387576161,19.475414087792046,0.003431714355871717,0.5759597307842353,0.0064283296216795386,63926,51.41149049398018,51.69223779705308,0.0064283296216795386,4.2009856843126444e-5,TRUE,0,NA,NA,NA,NA,NA,NA,NA,NA,NA,NA,NA,NA,NA,NA,NA,NA,NA,NA,NA,NA,NA,NA,NA,NA,NA,NA,NA,NA,NA,NA,NA,NA,NA,NA,NA,NA,NA,NA,NA,NA,NA,NA,NA,NA,NA,NA,NA,NA,NA,NA,NA,NA,NA,NA,NA,NA,NA,NA,NA,to_ad_reverse,MR-APSS,CAUSE,none,NA,NA,FALSE
ad_kunkle__t2d_xue__raw,ad_kunkle,t2d_xue,raw,MR-PRESSO,FALSE,FALSE,per unit of GWAS beta,0.0614577273152681,0.0332046899054796,-0.0036234648994719135,0.12653891953000812,0.123409838256002,6,NA,NA,NA,NA,0.008,2,Outlier-corrected,0.896,NA,NA,8,22.63128366284889,7,0.001975691078401164,0.6906936387576161,19.475414087792046,0.003431714355871717,0.5759597307842353,0.0064283296216795386,63926,51.41149049398018,51.69223779705308,0.0064283296216795386,4.2009856843126444e-5,TRUE,0,NA,NA,NA,NA,NA,NA,NA,NA,NA,NA,NA,NA,NA,NA,NA,NA,NA,NA,NA,NA,NA,NA,NA,NA,NA,NA,NA,NA,NA,NA,NA,NA,NA,NA,NA,NA,NA,NA,NA,NA,NA,NA,NA,NA,NA,NA,NA,NA,NA,NA,NA,NA,NA,NA,NA,NA,NA,NA,NA,to_ad_reverse,MR-APSS,CAUSE,none,NA,NA,FALSE
ad_kunkle__t2d_xue__raw,ad_kunkle,t2d_xue,raw,MR-RAPS,FALSE,FALSE,per unit of GWAS beta,0.07195771308969029,0.028465241157345285,0.016165840421293536,0.12774958575808704,0.011474209331882188,8,NA,NA,NA,NA,NA,NA,NA,NA,NA,NA,8,22.63128366284889,7,0.001975691078401164,0.6906936387576161,19.475414087792046,0.003431714355871717,0.5759597307842353,0.0064283296216795386,63926,51.41149049398018,51.69223779705308,0.0064283296216795386,4.2009856843126444e-5,TRUE,0,NA,NA,NA,NA,NA,NA,NA,NA,NA,NA,NA,NA,NA,NA,NA,NA,NA,NA,NA,NA,NA,NA,NA,NA,NA,NA,NA,NA,NA,NA,NA,NA,NA,NA,NA,NA,NA,NA,NA,NA,NA,NA,NA,NA,NA,NA,NA,NA,NA,NA,NA,NA,NA,NA,NA,NA,NA,NA,NA,to_ad_reverse,MR-APSS,CAUSE,none,FALSE,over-dispersion optimiser failed (tau2 forced to 0),FALSE
ad_kunkle__t2d_xue__raw,ad_kunkle,t2d_xue,raw,MRAID,FALSE,FALSE,SD(outcome) per SD(exposure),-0.02484132900542052,0.0072956901436733255,-0.039140881687020235,-0.010541776323820803,6.618052544829286e-4,32,NA,NA,NA,NA,NA,NA,NA,NA,NA,NA,NA,NA,NA,NA,NA,NA,NA,NA,NA,NA,NA,NA,NA,NA,NA,NA,NA,NA,NA,NA,NA,NA,NA,NA,NA,NA,NA,NA,NA,NA,NA,NA,NA,NA,NA,NA,NA,NA,NA,NA,NA,NA,NA,NA,NA,NA,NA,NA,NA,NA,NA,NA,NA,NA,NA,NA,NA,NA,NA,NA,NA,NA,NA,NA,NA,NA,NA,NA,-0.0476591454809685,0.013907667208676925,0.03159037261519817,0.9545269232780933,0.999958108443722,18,0.5,to_ad_reverse,MR-APSS,CAUSE,none,NA,NA,FALSE
ad_kunkle__t2d_xue__raw,ad_kunkle,t2d_xue,raw,MRBEE,FALSE,FALSE,per unit of GWAS beta,0.05988346777007779,0.052160047243371775,-0.04235022482693089,0.16211716036708645,0.25093901602823093,8,NA,NA,NA,NA,NA,NA,NA,NA,0,-0.002599647944325742,8,22.63128366284889,7,0.001975691078401164,0.6906936387576161,19.475414087792046,0.003431714355871717,0.5759597307842353,0.0064283296216795386,63926,51.41149049398018,51.69223779705308,0.0064283296216795386,4.2009856843126444e-5,TRUE,0,NA,NA,NA,NA,NA,NA,NA,NA,NA,NA,NA,NA,NA,NA,NA,NA,NA,NA,NA,NA,NA,NA,NA,NA,NA,NA,NA,NA,NA,NA,NA,NA,NA,NA,NA,NA,NA,NA,NA,NA,NA,NA,NA,NA,NA,NA,NA,NA,NA,NA,NA,NA,NA,NA,NA,NA,NA,NA,NA,to_ad_reverse,MR-APSS,CAUSE,none,TRUE,,TRUE
ad_kunkle__t2d_xue__raw,ad_kunkle,t2d_xue,raw,Weighted median,FALSE,FALSE,per unit of GWAS beta,0.06894007075541073,0.041216914363556116,-0.011845081397159257,0.1497252229079807,0.09440291353283706,8,NA,NA,NA,NA,NA,NA,NA,NA,NA,NA,8,22.63128366284889,7,0.001975691078401164,0.6906936387576161,19.475414087792046,0.003431714355871717,0.5759597307842353,0.0064283296216795386,63926,51.41149049398018,51.69223779705308,0.0064283296216795386,4.2009856843126444e-5,TRUE,0,NA,NA,NA,NA,NA,NA,NA,NA,NA,NA,NA,NA,NA,NA,NA,NA,NA,NA,NA,NA,NA,NA,NA,NA,NA,NA,NA,NA,NA,NA,NA,NA,NA,NA,NA,NA,NA,NA,NA,NA,NA,NA,NA,NA,NA,NA,NA,NA,NA,NA,NA,NA,NA,NA,NA,NA,NA,NA,NA,to_ad_reverse,MR-APSS,CAUSE,none,NA,NA,FALSE
ad_kunkle__t2d_xue__raw,ad_kunkle,t2d_xue,raw,Weighted mode,FALSE,FALSE,per unit of GWAS beta,0.10618582987248443,0.05568471369178394,-0.002956208963412088,0.21532786870838094,0.09820268682263611,8,NA,NA,NA,NA,NA,NA,NA,NA,NA,NA,8,22.63128366284889,7,0.001975691078401164,0.6906936387576161,19.475414087792046,0.003431714355871717,0.5759597307842353,0.0064283296216795386,63926,51.41149049398018,51.69223779705308,0.0064283296216795386,4.2009856843126444e-5,TRUE,0,NA,NA,NA,NA,NA,NA,NA,NA,NA,NA,NA,NA,NA,NA,NA,NA,NA,NA,NA,NA,NA,NA,NA,NA,NA,NA,NA,NA,NA,NA,NA,NA,NA,NA,NA,NA,NA,NA,NA,NA,NA,NA,NA,NA,NA,NA,NA,NA,NA,NA,NA,NA,NA,NA,NA,NA,NA,NA,NA,to_ad_reverse,MR-APSS,CAUSE,none,NA,NA,FALSE
bmi_ukb__lifespan__raw,bmi_ukb,lifespan,raw,IVW-FE,FALSE,FALSE,per unit of GWAS beta,0.13924384102390747,0.006889729034500171,0.12573997211628712,0.1527477099315278,7.938172836128123e-91,419,NA,NA,NA,NA,NA,NA,NA,NA,NA,NA,419,1086.3417632135952,418,6.27088281061282e-61,0.6152223783024962,1075.289622940956,1.174036238227971e-59,0.8861690107409969,0.05851452122599363,454884,63.54805296985716,67.41173325451695,0.05851452122599363,0.0038402583916346063,TRUE,1,NA,NA,NA,NA,NA,NA,NA,NA,NA,NA,NA,NA,NA,NA,NA,NA,NA,NA,NA,NA,NA,NA,NA,NA,NA,NA,NA,NA,NA,NA,NA,NA,NA,NA,NA,NA,NA,NA,NA,NA,NA,NA,NA,NA,NA,NA,NA,NA,NA,NA,NA,NA,NA,NA,NA,NA,NA,NA,NA,to_lifespan,none,none,UKB,NA,NA,FALSE
bmi_ukb__lifespan__raw,bmi_ukb,lifespan,raw,IVW-MRE,FALSE,FALSE,per unit of GWAS beta,0.13924384102390747,0.011107011945423954,0.11747409761087652,0.16101358443693842,4.7093711728019677e-36,419,1.6121115779453488,NA,NA,NA,NA,NA,NA,NA,NA,NA,419,1086.3417632135952,418,6.27088281061282e-61,0.6152223783024962,1075.289622940956,1.174036238227971e-59,0.8861690107409969,0.05851452122599363,454884,63.54805296985716,67.41173325451695,0.05851452122599363,0.0038402583916346063,TRUE,1,NA,NA,NA,NA,NA,NA,NA,NA,NA,NA,NA,NA,NA,NA,NA,NA,NA,NA,NA,NA,NA,NA,NA,NA,NA,NA,NA,NA,NA,NA,NA,NA,NA,NA,NA,NA,NA,NA,NA,NA,NA,NA,NA,NA,NA,NA,NA,NA,NA,NA,NA,NA,NA,NA,NA,NA,NA,NA,NA,to_lifespan,none,none,UKB,NA,NA,FALSE
bmi_ukb__lifespan__raw,bmi_ukb,lifespan,raw,MR-Egger,FALSE,FALSE,per unit of GWAS beta,0.081953165321824,0.02980261045043033,0.023540048838980566,0.14036628180466745,0.006221337914031139,419,NA,0.0011268483794200357,5.442983153592723e-4,0.03904139864763397,NA,NA,NA,NA,NA,NA,419,1086.3417632135952,418,6.27088281061282e-61,0.6152223783024962,1075.289622940956,1.174036238227971e-59,0.8861690107409969,0.05851452122599363,454884,63.54805296985716,67.41173325451695,0.05851452122599363,0.0038402583916346063,TRUE,1,NA,NA,NA,NA,NA,NA,NA,NA,NA,NA,NA,NA,NA,NA,NA,NA,NA,NA,NA,NA,NA,NA,NA,NA,NA,NA,NA,NA,NA,NA,NA,NA,NA,NA,NA,NA,NA,NA,NA,NA,NA,NA,NA,NA,NA,NA,NA,NA,NA,NA,NA,NA,NA,NA,NA,NA,NA,NA,NA,to_lifespan,none,none,UKB,NA,NA,FALSE
bmi_ukb__lifespan__raw,bmi_ukb,lifespan,raw,MR-PRESSO,FALSE,FALSE,per unit of GWAS beta,0.145881516630359,0.00868713210603641,0.12885473770252764,0.16290829555819036,1.2941766422435e-48,414,NA,NA,NA,NA,0.001,5,Outlier-corrected,0.518,NA,NA,419,1086.3417632135952,418,6.27088281061282e-61,0.6152223783024962,1075.289622940956,1.174036238227971e-59,0.8861690107409969,0.05851452122599363,454884,63.54805296985716,67.41173325451695,0.05851452122599363,0.0038402583916346063,TRUE,1,NA,NA,NA,NA,NA,NA,NA,NA,NA,NA,NA,NA,NA,NA,NA,NA,NA,NA,NA,NA,NA,NA,NA,NA,NA,NA,NA,NA,NA,NA,NA,NA,NA,NA,NA,NA,NA,NA,NA,NA,NA,NA,NA,NA,NA,NA,NA,NA,NA,NA,NA,NA,NA,NA,NA,NA,NA,NA,NA,to_lifespan,none,none,UKB,NA,NA,FALSE
bmi_ukb__lifespan__raw,bmi_ukb,lifespan,raw,MR-RAPS,FALSE,FALSE,per unit of GWAS beta,0.15018055548924403,0.009397339596654305,0.1317617698798016,0.16859934109868646,1.7284872124688043e-57,419,NA,NA,NA,NA,NA,NA,NA,NA,NA,NA,419,1086.3417632135952,418,6.27088281061282e-61,0.6152223783024962,1075.289622940956,1.174036238227971e-59,0.8861690107409969,0.05851452122599363,454884,63.54805296985716,67.41173325451695,0.05851452122599363,0.0038402583916346063,TRUE,1,NA,NA,NA,NA,NA,NA,NA,NA,NA,NA,NA,NA,NA,NA,NA,NA,NA,NA,NA,NA,NA,NA,NA,NA,NA,NA,NA,NA,NA,NA,NA,NA,NA,NA,NA,NA,NA,NA,NA,NA,NA,NA,NA,NA,NA,NA,NA,NA,NA,NA,NA,NA,NA,NA,NA,NA,NA,NA,NA,to_lifespan,none,none,UKB,TRUE,,FALSE
bmi_ukb__lifespan__raw,bmi_ukb,lifespan,raw,MRBEE,FALSE,FALSE,per unit of GWAS beta,0.14825342697487828,0.01042943624620196,0.12781173193232245,0.1686951220174341,7.405373798639273e-46,419,NA,NA,NA,NA,NA,NA,NA,NA,1,0.07423040720009784,419,1086.3417632135952,418,6.27088281061282e-61,0.6152223783024962,1075.289622940956,1.174036238227971e-59,0.8861690107409969,0.05851452122599363,454884,63.54805296985716,67.41173325451695,0.05851452122599363,0.0038402583916346063,TRUE,1,NA,NA,NA,NA,NA,NA,NA,NA,NA,NA,NA,NA,NA,NA,NA,NA,NA,NA,NA,NA,NA,NA,NA,NA,NA,NA,NA,NA,NA,NA,NA,NA,NA,NA,NA,NA,NA,NA,NA,NA,NA,NA,NA,NA,NA,NA,NA,NA,NA,NA,NA,NA,NA,NA,NA,NA,NA,NA,NA,to_lifespan,none,none,UKB,TRUE,,TRUE
bmi_ukb__lifespan__raw,bmi_ukb,lifespan,raw,Weighted median,FALSE,FALSE,per unit of GWAS beta,0.1387776611961802,0.012011815577992541,0.11523450266331482,0.16232081972904558,7.093256049263367e-31,419,NA,NA,NA,NA,NA,NA,NA,NA,NA,NA,419,1086.3417632135952,418,6.27088281061282e-61,0.6152223783024962,1075.289622940956,1.174036238227971e-59,0.8861690107409969,0.05851452122599363,454884,63.54805296985716,67.41173325451695,0.05851452122599363,0.0038402583916346063,TRUE,1,NA,NA,NA,NA,NA,NA,NA,NA,NA,NA,NA,NA,NA,NA,NA,NA,NA,NA,NA,NA,NA,NA,NA,NA,NA,NA,NA,NA,NA,NA,NA,NA,NA,NA,NA,NA,NA,NA,NA,NA,NA,NA,NA,NA,NA,NA,NA,NA,NA,NA,NA,NA,NA,NA,NA,NA,NA,NA,NA,to_lifespan,none,none,UKB,NA,NA,FALSE
bmi_ukb__lifespan__raw,bmi_ukb,lifespan,raw,Weighted mode,FALSE,FALSE,per unit of GWAS beta,0.15692007235821492,0.039977134888070726,0.07856488797759631,0.23527525673883354,1.0129853601801549e-4,419,NA,NA,NA,NA,NA,NA,NA,NA,NA,NA,419,1086.3417632135952,418,6.27088281061282e-61,0.6152223783024962,1075.289622940956,1.174036238227971e-59,0.8861690107409969,0.05851452122599363,454884,63.54805296985716,67.41173325451695,0.05851452122599363,0.0038402583916346063,TRUE,1,NA,NA,NA,NA,NA,NA,NA,NA,NA,NA,NA,NA,NA,NA,NA,NA,NA,NA,NA,NA,NA,NA,NA,NA,NA,NA,NA,NA,NA,NA,NA,NA,NA,NA,NA,NA,NA,NA,NA,NA,NA,NA,NA,NA,NA,NA,NA,NA,NA,NA,NA,NA,NA,NA,NA,NA,NA,NA,NA,to_lifespan,none,none,UKB,NA,NA,FALSE
fatmass_ukb__lifespan__raw,fatmass_ukb,lifespan,raw,IVW-FE,FALSE,FALSE,per unit of GWAS beta,0.12861811573827817,0.007217309578155068,0.11447218896509423,0.1427640425114621,4.874841305026828e-71,400,NA,NA,NA,NA,NA,NA,NA,NA,NA,NA,400,1086.8836611933618,399,4.619824862874901e-65,0.6328953923532981,1084.7027181124022,5.583903433162771e-65,0.8789108159573168,0.055510625517379675,454137,63.04145732544152,66.66874678593129,0.055510625517379675,0.003608137892286121,TRUE,1,NA,NA,NA,NA,NA,NA,NA,NA,NA,NA,NA,NA,NA,NA,NA,NA,NA,NA,NA,NA,NA,NA,NA,NA,NA,NA,NA,NA,NA,NA,NA,NA,NA,NA,NA,NA,NA,NA,NA,NA,NA,NA,NA,NA,NA,NA,NA,NA,NA,NA,NA,NA,NA,NA,NA,NA,NA,NA,NA,to_lifespan,none,none,UKB,NA,NA,FALSE
fatmass_ukb__lifespan__raw,fatmass_ukb,lifespan,raw,IVW-MRE,FALSE,FALSE,per unit of GWAS beta,0.12861811573827817,0.01191188292960826,0.10527082519624598,0.15196540628031036,3.5384543764332214e-27,400,1.6504602997303113,NA,NA,NA,NA,NA,NA,NA,NA,NA,400,1086.8836611933618,399,4.619824862874901e-65,0.6328953923532981,1084.7027181124022,5.583903433162771e-65,0.8789108159573168,0.055510625517379675,454137,63.04145732544152,66.66874678593129,0.055510625517379675,0.003608137892286121,TRUE,1,NA,NA,NA,NA,NA,NA,NA,NA,NA,NA,NA,NA,NA,NA,NA,NA,NA,NA,NA,NA,NA,NA,NA,NA,NA,NA,NA,NA,NA,NA,NA,NA,NA,NA,NA,NA,NA,NA,NA,NA,NA,NA,NA,NA,NA,NA,NA,NA,NA,NA,NA,NA,NA,NA,NA,NA,NA,NA,NA,to_lifespan,none,none,UKB,NA,NA,FALSE
fatmass_ukb__lifespan__raw,fatmass_ukb,lifespan,raw,MR-Egger,FALSE,FALSE,per unit of GWAS beta,0.10112198950945865,0.03296565773154577,0.03650930035562894,0.16573467866328837,0.002306139498711712,400,NA,5.245730598793161e-4,5.864049742249406e-4,0.37156424287992207,NA,NA,NA,NA,NA,NA,400,1086.8836611933618,399,4.619824862874901e-65,0.6328953923532981,1084.7027181124022,5.583903433162771e-65,0.8789108159573168,0.055510625517379675,454137,63.04145732544152,66.66874678593129,0.055510625517379675,0.003608137892286121,TRUE,1,NA,NA,NA,NA,NA,NA,NA,NA,NA,NA,NA,NA,NA,NA,NA,NA,NA,NA,NA,NA,NA,NA,NA,NA,NA,NA,NA,NA,NA,NA,NA,NA,NA,NA,NA,NA,NA,NA,NA,NA,NA,NA,NA,NA,NA,NA,NA,NA,NA,NA,NA,NA,NA,NA,NA,NA,NA,NA,NA,to_lifespan,none,none,UKB,NA,NA,FALSE
fatmass_ukb__lifespan__raw,fatmass_ukb,lifespan,raw,MR-PRESSO,FALSE,FALSE,per unit of GWAS beta,0.136585851110372,0.00928072763551833,0.11839562494475607,0.1547760772759879,2.31615250366707e-39,394,NA,NA,NA,NA,0.001,6,Outlier-corrected,0.466,NA,NA,400,1086.8836611933618,399,4.619824862874901e-65,0.6328953923532981,1084.7027181124022,5.583903433162771e-65,0.8789108159573168,0.055510625517379675,454137,63.04145732544152,66.66874678593129,0.055510625517379675,0.003608137892286121,TRUE,1,NA,NA,NA,NA,NA,NA,NA,NA,NA,NA,NA,NA,NA,NA,NA,NA,NA,NA,NA,NA,NA,NA,NA,NA,NA,NA,NA,NA,NA,NA,NA,NA,NA,NA,NA,NA,NA,NA,NA,NA,NA,NA,NA,NA,NA,NA,NA,NA,NA,NA,NA,NA,NA,NA,NA,NA,NA,NA,NA,to_lifespan,none,none,UKB,NA,NA,FALSE
fatmass_ukb__lifespan__raw,fatmass_ukb,lifespan,raw,MR-RAPS,FALSE,FALSE,per unit of GWAS beta,0.14436996459016072,0.010119192484649918,0.12453634732024688,0.16420358186007455,3.516481885421589e-46,400,NA,NA,NA,NA,NA,NA,NA,NA,NA,NA,400,1086.8836611933618,399,4.619824862874901e-65,0.6328953923532981,1084.7027181124022,5.583903433162771e-65,0.8789108159573168,0.055510625517379675,454137,63.04145732544152,66.66874678593129,0.055510625517379675,0.003608137892286121,TRUE,1,NA,NA,NA,NA,NA,NA,NA,NA,NA,NA,NA,NA,NA,NA,NA,NA,NA,NA,NA,NA,NA,NA,NA,NA,NA,NA,NA,NA,NA,NA,NA,NA,NA,NA,NA,NA,NA,NA,NA,NA,NA,NA,NA,NA,NA,NA,NA,NA,NA,NA,NA,NA,NA,NA,NA,NA,NA,NA,NA,to_lifespan,none,none,UKB,TRUE,,FALSE
fatmass_ukb__lifespan__raw,fatmass_ukb,lifespan,raw,MRBEE,FALSE,FALSE,per unit of GWAS beta,0.13811769475362096,0.0106669498552954,0.11721047303724197,0.15902491646999994,2.4055877491553785e-38,400,NA,NA,NA,NA,NA,NA,NA,NA,1,0.07253633617275473,400,1086.8836611933618,399,4.619824862874901e-65,0.6328953923532981,1084.7027181124022,5.583903433162771e-65,0.8789108159573168,0.055510625517379675,454137,63.04145732544152,66.66874678593129,0.055510625517379675,0.003608137892286121,TRUE,1,NA,NA,NA,NA,NA,NA,NA,NA,NA,NA,NA,NA,NA,NA,NA,NA,NA,NA,NA,NA,NA,NA,NA,NA,NA,NA,NA,NA,NA,NA,NA,NA,NA,NA,NA,NA,NA,NA,NA,NA,NA,NA,NA,NA,NA,NA,NA,NA,NA,NA,NA,NA,NA,NA,NA,NA,NA,NA,NA,to_lifespan,none,none,UKB,TRUE,,TRUE
fatmass_ukb__lifespan__raw,fatmass_ukb,lifespan,raw,Weighted median,FALSE,FALSE,per unit of GWAS beta,0.13832864358732233,0.012326766765711082,0.11416818072652861,0.16248910644811604,3.1867762780225227e-29,400,NA,NA,NA,NA,NA,NA,NA,NA,NA,NA,400,1086.8836611933618,399,4.619824862874901e-65,0.6328953923532981,1084.7027181124022,5.583903433162771e-65,0.8789108159573168,0.055510625517379675,454137,63.04145732544152,66.66874678593129,0.055510625517379675,0.003608137892286121,TRUE,1,NA,NA,NA,NA,NA,NA,NA,NA,NA,NA,NA,NA,NA,NA,NA,NA,NA,NA,NA,NA,NA,NA,NA,NA,NA,NA,NA,NA,NA,NA,NA,NA,NA,NA,NA,NA,NA,NA,NA,NA,NA,NA,NA,NA,NA,NA,NA,NA,NA,NA,NA,NA,NA,NA,NA,NA,NA,NA,NA,to_lifespan,none,none,UKB,NA,NA,FALSE
fatmass_ukb__lifespan__raw,fatmass_ukb,lifespan,raw,Weighted mode,FALSE,FALSE,per unit of GWAS beta,0.1394269945278377,0.0403866699524596,0.06026912142101688,0.2185848676346585,6.152762493200917e-4,400,NA,NA,NA,NA,NA,NA,NA,NA,NA,NA,400,1086.8836611933618,399,4.619824862874901e-65,0.6328953923532981,1084.7027181124022,5.583903433162771e-65,0.8789108159573168,0.055510625517379675,454137,63.04145732544152,66.66874678593129,0.055510625517379675,0.003608137892286121,TRUE,1,NA,NA,NA,NA,NA,NA,NA,NA,NA,NA,NA,NA,NA,NA,NA,NA,NA,NA,NA,NA,NA,NA,NA,NA,NA,NA,NA,NA,NA,NA,NA,NA,NA,NA,NA,NA,NA,NA,NA,NA,NA,NA,NA,NA,NA,NA,NA,NA,NA,NA,NA,NA,NA,NA,NA,NA,NA,NA,NA,to_lifespan,none,none,UKB,NA,NA,FALSE
ffm_ukb__lifespan__raw,ffm_ukb,lifespan,raw,IVW-FE,FALSE,FALSE,per unit of GWAS beta,0.060291613266136614,0.00860495656679077,0.0434258983952267,0.07715732813704652,2.4415380293197817e-12,521,NA,NA,NA,NA,NA,NA,NA,NA,NA,NA,521,1018.6636391201702,520,1.1263796587845944e-34,0.4895272786519315,1014.1932619675482,2.4160567982799036e-34,0.9333259626337855,0.09651845313082458,454850,84.29743959614166,93.15857697383072,0.09651845313082458,0.0027436600778474253,TRUE,0,NA,NA,NA,NA,NA,NA,NA,NA,NA,NA,NA,NA,NA,NA,NA,NA,NA,NA,NA,NA,NA,NA,NA,NA,NA,NA,NA,NA,NA,NA,NA,NA,NA,NA,NA,NA,NA,NA,NA,NA,NA,NA,NA,NA,NA,NA,NA,NA,NA,NA,NA,NA,NA,NA,NA,NA,NA,NA,NA,to_lifespan,none,none,UKB,NA,NA,FALSE
ffm_ukb__lifespan__raw,ffm_ukb,lifespan,raw,IVW-MRE,FALSE,FALSE,per unit of GWAS beta,0.060291613266136614,0.01204376888481803,0.036685826251893275,0.08389740028037995,5.556062954630893e-7,521,1.399631571796506,NA,NA,NA,NA,NA,NA,NA,NA,NA,521,1018.6636391201702,520,1.1263796587845944e-34,0.4895272786519315,1014.1932619675482,2.4160567982799036e-34,0.9333259626337855,0.09651845313082458,454850,84.29743959614166,93.15857697383072,0.09651845313082458,0.0027436600778474253,TRUE,0,NA,NA,NA,NA,NA,NA,NA,NA,NA,NA,NA,NA,NA,NA,NA,NA,NA,NA,NA,NA,NA,NA,NA,NA,NA,NA,NA,NA,NA,NA,NA,NA,NA,NA,NA,NA,NA,NA,NA,NA,NA,NA,NA,NA,NA,NA,NA,NA,NA,NA,NA,NA,NA,NA,NA,NA,NA,NA,NA,to_lifespan,none,none,UKB,NA,NA,FALSE
ffm_ukb__lifespan__raw,ffm_ukb,lifespan,raw,MR-Egger,FALSE,FALSE,per unit of GWAS beta,0.02116363218028986,0.028529588837924752,-0.03475436194204265,0.07708162630262237,0.458535934181587,521,NA,5.781568574983236e-4,3.822524523000356e-4,0.13101535767723113,NA,NA,NA,NA,NA,NA,521,1018.6636391201702,520,1.1263796587845944e-34,0.4895272786519315,1014.1932619675482,2.4160567982799036e-34,0.9333259626337855,0.09651845313082458,454850,84.29743959614166,93.15857697383072,0.09651845313082458,0.0027436600778474253,TRUE,0,NA,NA,NA,NA,NA,NA,NA,NA,NA,NA,NA,NA,NA,NA,NA,NA,NA,NA,NA,NA,NA,NA,NA,NA,NA,NA,NA,NA,NA,NA,NA,NA,NA,NA,NA,NA,NA,NA,NA,NA,NA,NA,NA,NA,NA,NA,NA,NA,NA,NA,NA,NA,NA,NA,NA,NA,NA,NA,NA,to_lifespan,none,none,UKB,NA,NA,FALSE
ffm_ukb__lifespan__raw,ffm_ukb,lifespan,raw,MR-PRESSO,FALSE,FALSE,per unit of GWAS beta,0.0694432485432118,0.0111191647989932,0.04764968553718512,0.09123681154923846,8.91727286969069e-10,511,NA,NA,NA,NA,0.001,10,Outlier-corrected,0.525,NA,NA,521,1018.6636391201702,520,1.1263796587845944e-34,0.4895272786519315,1014.1932619675482,2.4160567982799036e-34,0.9333259626337855,0.09651845313082458,454850,84.29743959614166,93.15857697383072,0.09651845313082458,0.0027436600778474253,TRUE,0,NA,NA,NA,NA,NA,NA,NA,NA,NA,NA,NA,NA,NA,NA,NA,NA,NA,NA,NA,NA,NA,NA,NA,NA,NA,NA,NA,NA,NA,NA,NA,NA,NA,NA,NA,NA,NA,NA,NA,NA,NA,NA,NA,NA,NA,NA,NA,NA,NA,NA,NA,NA,NA,NA,NA,NA,NA,NA,NA,to_lifespan,none,none,UKB,NA,NA,FALSE
ffm_ukb__lifespan__raw,ffm_ukb,lifespan,raw,MR-RAPS,FALSE,FALSE,per unit of GWAS beta,0.06240350458275816,0.011916503599776392,0.03904715752719643,0.0857598516383199,1.634470687456859e-7,521,NA,NA,NA,NA,NA,NA,NA,NA,NA,NA,521,1018.6636391201702,520,1.1263796587845944e-34,0.4895272786519315,1014.1932619675482,2.4160567982799036e-34,0.9333259626337855,0.09651845313082458,454850,84.29743959614166,93.15857697383072,0.09651845313082458,0.0027436600778474253,TRUE,0,NA,NA,NA,NA,NA,NA,NA,NA,NA,NA,NA,NA,NA,NA,NA,NA,NA,NA,NA,NA,NA,NA,NA,NA,NA,NA,NA,NA,NA,NA,NA,NA,NA,NA,NA,NA,NA,NA,NA,NA,NA,NA,NA,NA,NA,NA,NA,NA,NA,NA,NA,NA,NA,NA,NA,NA,NA,NA,NA,to_lifespan,none,none,UKB,TRUE,,FALSE
ffm_ukb__lifespan__raw,ffm_ukb,lifespan,raw,MRBEE,FALSE,FALSE,per unit of GWAS beta,0.06371734144873216,0.013104719709312615,0.038032090818479435,0.08940259207898488,1.1610734343444866e-6,521,NA,NA,NA,NA,NA,NA,NA,NA,1,0.028073525670130287,521,1018.6636391201702,520,1.1263796587845944e-34,0.4895272786519315,1014.1932619675482,2.4160567982799036e-34,0.9333259626337855,0.09651845313082458,454850,84.29743959614166,93.15857697383072,0.09651845313082458,0.0027436600778474253,TRUE,0,NA,NA,NA,NA,NA,NA,NA,NA,NA,NA,NA,NA,NA,NA,NA,NA,NA,NA,NA,NA,NA,NA,NA,NA,NA,NA,NA,NA,NA,NA,NA,NA,NA,NA,NA,NA,NA,NA,NA,NA,NA,NA,NA,NA,NA,NA,NA,NA,NA,NA,NA,NA,NA,NA,NA,NA,NA,NA,NA,to_lifespan,none,none,UKB,TRUE,,TRUE
ffm_ukb__lifespan__raw,ffm_ukb,lifespan,raw,Weighted median,FALSE,FALSE,per unit of GWAS beta,0.03219628664242586,0.01589153790676565,0.0010488723451651874,0.06334370093968653,0.042764585752809635,521,NA,NA,NA,NA,NA,NA,NA,NA,NA,NA,521,1018.6636391201702,520,1.1263796587845944e-34,0.4895272786519315,1014.1932619675482,2.4160567982799036e-34,0.9333259626337855,0.09651845313082458,454850,84.29743959614166,93.15857697383072,0.09651845313082458,0.0027436600778474253,TRUE,0,NA,NA,NA,NA,NA,NA,NA,NA,NA,NA,NA,NA,NA,NA,NA,NA,NA,NA,NA,NA,NA,NA,NA,NA,NA,NA,NA,NA,NA,NA,NA,NA,NA,NA,NA,NA,NA,NA,NA,NA,NA,NA,NA,NA,NA,NA,NA,NA,NA,NA,NA,NA,NA,NA,NA,NA,NA,NA,NA,to_lifespan,none,none,UKB,NA,NA,FALSE
ffm_ukb__lifespan__raw,ffm_ukb,lifespan,raw,Weighted mode,FALSE,FALSE,per unit of GWAS beta,0.00876013157813027,0.08125605752211866,-0.1505017411652223,0.16802200432148284,0.9141888136448021,521,NA,NA,NA,NA,NA,NA,NA,NA,NA,NA,521,1018.6636391201702,520,1.1263796587845944e-34,0.4895272786519315,1014.1932619675482,2.4160567982799036e-34,0.9333259626337855,0.09651845313082458,454850,84.29743959614166,93.15857697383072,0.09651845313082458,0.0027436600778474253,TRUE,0,NA,NA,NA,NA,NA,NA,NA,NA,NA,NA,NA,NA,NA,NA,NA,NA,NA,NA,NA,NA,NA,NA,NA,NA,NA,NA,NA,NA,NA,NA,NA,NA,NA,NA,NA,NA,NA,NA,NA,NA,NA,NA,NA,NA,NA,NA,NA,NA,NA,NA,NA,NA,NA,NA,NA,NA,NA,NA,NA,to_lifespan,none,none,UKB,NA,NA,FALSE
fg_dupuis__lifespan__raw,fg_dupuis,lifespan,raw,IVW-FE,FALSE,FALSE,per unit of GWAS beta,-0.01579232095996074,0.02172727569812334,-0.05837778132828249,0.026793139408361005,0.4673220617981637,11,NA,NA,NA,NA,NA,NA,NA,NA,NA,NA,11,31.80401541434842,10,4.316836762881896e-4,0.6855742940091619,30.746533961255636,3.271708657667139e-4,0.9281825093002221,0.018365084978997047,46368,77.61328807558341,78.84174250892193,0.018365084978997047,8.307980464971663e-5,TRUE,0,NA,NA,NA,NA,NA,NA,NA,NA,NA,NA,NA,NA,NA,NA,NA,NA,NA,NA,NA,NA,NA,NA,NA,NA,NA,NA,NA,NA,NA,NA,NA,NA,NA,NA,NA,NA,NA,NA,NA,NA,NA,NA,NA,NA,NA,NA,NA,NA,NA,NA,NA,NA,NA,NA,NA,NA,NA,NA,NA,to_lifespan,none,none,none,NA,NA,FALSE
fg_dupuis__lifespan__raw,fg_dupuis,lifespan,raw,IVW-MRE,FALSE,FALSE,per unit of GWAS beta,-0.01579232095996074,0.03874772892609051,-0.09173786965509814,0.060153227735176666,0.6835911159042782,11,1.7833680330865083,NA,NA,NA,NA,NA,NA,NA,NA,NA,11,31.80401541434842,10,4.316836762881896e-4,0.6855742940091619,30.746533961255636,3.271708657667139e-4,0.9281825093002221,0.018365084978997047,46368,77.61328807558341,78.84174250892193,0.018365084978997047,8.307980464971663e-5,TRUE,0,NA,NA,NA,NA,NA,NA,NA,NA,NA,NA,NA,NA,NA,NA,NA,NA,NA,NA,NA,NA,NA,NA,NA,NA,NA,NA,NA,NA,NA,NA,NA,NA,NA,NA,NA,NA,NA,NA,NA,NA,NA,NA,NA,NA,NA,NA,NA,NA,NA,NA,NA,NA,NA,NA,NA,NA,NA,NA,NA,to_lifespan,none,none,none,NA,NA,FALSE
fg_dupuis__lifespan__raw,fg_dupuis,lifespan,raw,MR-Egger,FALSE,FALSE,per unit of GWAS beta,-0.06252560607555017,0.09310387959775845,-0.24500921008715676,0.1199579979360564,0.5187228389812468,11,NA,0.002010968651548132,0.003614479357579568,0.5915238547854829,NA,NA,NA,NA,NA,NA,11,31.80401541434842,10,4.316836762881896e-4,0.6855742940091619,30.746533961255636,3.271708657667139e-4,0.9281825093002221,0.018365084978997047,46368,77.61328807558341,78.84174250892193,0.018365084978997047,8.307980464971663e-5,TRUE,0,NA,NA,NA,NA,NA,NA,NA,NA,NA,NA,NA,NA,NA,NA,NA,NA,NA,NA,NA,NA,NA,NA,NA,NA,NA,NA,NA,NA,NA,NA,NA,NA,NA,NA,NA,NA,NA,NA,NA,NA,NA,NA,NA,NA,NA,NA,NA,NA,NA,NA,NA,NA,NA,NA,NA,NA,NA,NA,NA,to_lifespan,none,none,none,NA,NA,FALSE
fg_dupuis__lifespan__raw,fg_dupuis,lifespan,raw,MR-PRESSO,FALSE,FALSE,per unit of GWAS beta,0.0120484695674588,0.0329694484646277,-0.0525716494232115,0.0766685885581291,0.723221570521265,10,NA,NA,NA,NA,0.001,1,Outlier-corrected,0.215,NA,NA,11,31.80401541434842,10,4.316836762881896e-4,0.6855742940091619,30.746533961255636,3.271708657667139e-4,0.9281825093002221,0.018365084978997047,46368,77.61328807558341,78.84174250892193,0.018365084978997047,8.307980464971663e-5,TRUE,0,NA,NA,NA,NA,NA,NA,NA,NA,NA,NA,NA,NA,NA,NA,NA,NA,NA,NA,NA,NA,NA,NA,NA,NA,NA,NA,NA,NA,NA,NA,NA,NA,NA,NA,NA,NA,NA,NA,NA,NA,NA,NA,NA,NA,NA,NA,NA,NA,NA,NA,NA,NA,NA,NA,NA,NA,NA,NA,NA,to_lifespan,none,none,none,NA,NA,FALSE
fg_dupuis__lifespan__raw,fg_dupuis,lifespan,raw,MR-RAPS,FALSE,FALSE,per unit of GWAS beta,-0.015598344631973543,0.037037801464410325,-0.08819243550221778,0.056995746238270695,0.6736480258341222,11,NA,NA,NA,NA,NA,NA,NA,NA,NA,NA,11,31.80401541434842,10,4.316836762881896e-4,0.6855742940091619,30.746533961255636,3.271708657667139e-4,0.9281825093002221,0.018365084978997047,46368,77.61328807558341,78.84174250892193,0.018365084978997047,8.307980464971663e-5,TRUE,0,NA,NA,NA,NA,NA,NA,NA,NA,NA,NA,NA,NA,NA,NA,NA,NA,NA,NA,NA,NA,NA,NA,NA,NA,NA,NA,NA,NA,NA,NA,NA,NA,NA,NA,NA,NA,NA,NA,NA,NA,NA,NA,NA,NA,NA,NA,NA,NA,NA,NA,NA,NA,NA,NA,NA,NA,NA,NA,NA,to_lifespan,none,none,none,TRUE,,FALSE
fg_dupuis__lifespan__raw,fg_dupuis,lifespan,raw,MRBEE,FALSE,FALSE,per unit of GWAS beta,-0.016145761411387384,0.04482716600647257,-0.10400700678407362,0.07171548396129884,0.7187139853936926,11,NA,NA,NA,NA,NA,NA,NA,NA,0,0.0180159960054375,11,31.80401541434842,10,4.316836762881896e-4,0.6855742940091619,30.746533961255636,3.271708657667139e-4,0.9281825093002221,0.018365084978997047,46368,77.61328807558341,78.84174250892193,0.018365084978997047,8.307980464971663e-5,TRUE,0,NA,NA,NA,NA,NA,NA,NA,NA,NA,NA,NA,NA,NA,NA,NA,NA,NA,NA,NA,NA,NA,NA,NA,NA,NA,NA,NA,NA,NA,NA,NA,NA,NA,NA,NA,NA,NA,NA,NA,NA,NA,NA,NA,NA,NA,NA,NA,NA,NA,NA,NA,NA,NA,NA,NA,NA,NA,NA,NA,to_lifespan,none,none,none,TRUE,,TRUE
fg_dupuis__lifespan__raw,fg_dupuis,lifespan,raw,Weighted median,FALSE,FALSE,per unit of GWAS beta,0.015144445069554917,0.03174373243388624,-0.047073270500862116,0.07736216063997195,0.6333018987540011,11,NA,NA,NA,NA,NA,NA,NA,NA,NA,NA,11,31.80401541434842,10,4.316836762881896e-4,0.6855742940091619,30.746533961255636,3.271708657667139e-4,0.9281825093002221,0.018365084978997047,46368,77.61328807558341,78.84174250892193,0.018365084978997047,8.307980464971663e-5,TRUE,0,NA,NA,NA,NA,NA,NA,NA,NA,NA,NA,NA,NA,NA,NA,NA,NA,NA,NA,NA,NA,NA,NA,NA,NA,NA,NA,NA,NA,NA,NA,NA,NA,NA,NA,NA,NA,NA,NA,NA,NA,NA,NA,NA,NA,NA,NA,NA,NA,NA,NA,NA,NA,NA,NA,NA,NA,NA,NA,NA,to_lifespan,none,none,none,NA,NA,FALSE
fg_dupuis__lifespan__raw,fg_dupuis,lifespan,raw,Weighted mode,FALSE,FALSE,per unit of GWAS beta,0.027022699410140186,0.12721262242872577,-0.22231404055016232,0.2763594393704427,0.8360456020996729,11,NA,NA,NA,NA,NA,NA,NA,NA,NA,NA,11,31.80401541434842,10,4.316836762881896e-4,0.6855742940091619,30.746533961255636,3.271708657667139e-4,0.9281825093002221,0.018365084978997047,46368,77.61328807558341,78.84174250892193,0.018365084978997047,8.307980464971663e-5,TRUE,0,NA,NA,NA,NA,NA,NA,NA,NA,NA,NA,NA,NA,NA,NA,NA,NA,NA,NA,NA,NA,NA,NA,NA,NA,NA,NA,NA,NA,NA,NA,NA,NA,NA,NA,NA,NA,NA,NA,NA,NA,NA,NA,NA,NA,NA,NA,NA,NA,NA,NA,NA,NA,NA,NA,NA,NA,NA,NA,NA,to_lifespan,none,none,none,NA,NA,FALSE
fg_manning__lifespan__raw,fg_manning,lifespan,raw,IVW-FE,FALSE,FALSE,per unit of GWAS beta,0.03257398081391571,0.015767871487912585,0.001668952697607043,0.06347900893022437,0.038843103496541694,21,NA,NA,NA,NA,NA,NA,NA,NA,NA,NA,21,23.2321903297842,20,0.2775378515160677,0.1391255100747198,22.81771756738081,0.2454660083283975,0.9559044965726917,0.03439574179747413,58074,95.52552991973178,98.46987796527318,0.03439574179747413,7.06632803023462e-5,TRUE,0,NA,NA,NA,NA,NA,NA,NA,NA,NA,NA,NA,NA,NA,NA,NA,NA,NA,NA,NA,NA,NA,NA,NA,NA,NA,NA,NA,NA,NA,NA,NA,NA,NA,NA,NA,NA,NA,NA,NA,NA,NA,NA,NA,NA,NA,NA,NA,NA,NA,NA,NA,NA,NA,NA,NA,NA,NA,NA,NA,to_lifespan,none,none,none,NA,NA,FALSE
fg_manning__lifespan__raw,fg_manning,lifespan,raw,IVW-MRE,FALSE,FALSE,per unit of GWAS beta,0.03257398081391571,0.01699429498211983,-7.348373510391581e-4,0.06588279897887057,0.0552684589807606,21,1.0777799016910687,NA,NA,NA,NA,NA,NA,NA,NA,NA,21,23.2321903297842,20,0.2775378515160677,0.1391255100747198,22.81771756738081,0.2454660083283975,0.9559044965726917,0.03439574179747413,58074,95.52552991973178,98.46987796527318,0.03439574179747413,7.06632803023462e-5,TRUE,0,NA,NA,NA,NA,NA,NA,NA,NA,NA,NA,NA,NA,NA,NA,NA,NA,NA,NA,NA,NA,NA,NA,NA,NA,NA,NA,NA,NA,NA,NA,NA,NA,NA,NA,NA,NA,NA,NA,NA,NA,NA,NA,NA,NA,NA,NA,NA,NA,NA,NA,NA,NA,NA,NA,NA,NA,NA,NA,NA,to_lifespan,none,none,none,NA,NA,FALSE
fg_manning__lifespan__raw,fg_manning,lifespan,raw,MR-Egger,FALSE,FALSE,per unit of GWAS beta,0.051121944199832785,0.035991650629256765,-0.01942169103351047,0.12166557943317605,0.17169869688628145,21,NA,-8.000039898574949e-4,0.0013617690355149825,0.5638025868046914,NA,NA,NA,NA,NA,NA,21,23.2321903297842,20,0.2775378515160677,0.1391255100747198,22.81771756738081,0.2454660083283975,0.9559044965726917,0.03439574179747413,58074,95.52552991973178,98.46987796527318,0.03439574179747413,7.06632803023462e-5,TRUE,0,NA,NA,NA,NA,NA,NA,NA,NA,NA,NA,NA,NA,NA,NA,NA,NA,NA,NA,NA,NA,NA,NA,NA,NA,NA,NA,NA,NA,NA,NA,NA,NA,NA,NA,NA,NA,NA,NA,NA,NA,NA,NA,NA,NA,NA,NA,NA,NA,NA,NA,NA,NA,NA,NA,NA,NA,NA,NA,NA,to_lifespan,none,none,none,NA,NA,FALSE
fg_manning__lifespan__raw,fg_manning,lifespan,raw,MR-PRESSO,FALSE,FALSE,per unit of GWAS beta,0.0325739808139157,0.0169942949821198,-7.348373510391026e-4,0.0658827989788705,0.0696683969714248,21,NA,NA,NA,NA,0.336,0,Raw,NA,NA,NA,21,23.2321903297842,20,0.2775378515160677,0.1391255100747198,22.81771756738081,0.2454660083283975,0.9559044965726917,0.03439574179747413,58074,95.52552991973178,98.46987796527318,0.03439574179747413,7.06632803023462e-5,TRUE,0,NA,NA,NA,NA,NA,NA,NA,NA,NA,NA,NA,NA,NA,NA,NA,NA,NA,NA,NA,NA,NA,NA,NA,NA,NA,NA,NA,NA,NA,NA,NA,NA,NA,NA,NA,NA,NA,NA,NA,NA,NA,NA,NA,NA,NA,NA,NA,NA,NA,NA,NA,NA,NA,NA,NA,NA,NA,NA,NA,to_lifespan,none,none,none,NA,NA,FALSE
fg_manning__lifespan__raw,fg_manning,lifespan,raw,MR-RAPS,FALSE,FALSE,per unit of GWAS beta,0.030514962421310077,0.016375780393149696,-0.0015815671492633299,0.06261149199188348,0.062403149215155586,21,NA,NA,NA,NA,NA,NA,NA,NA,NA,NA,21,23.2321903297842,20,0.2775378515160677,0.1391255100747198,22.81771756738081,0.2454660083283975,0.9559044965726917,0.03439574179747413,58074,95.52552991973178,98.46987796527318,0.03439574179747413,7.06632803023462e-5,TRUE,0,NA,NA,NA,NA,NA,NA,NA,NA,NA,NA,NA,NA,NA,NA,NA,NA,NA,NA,NA,NA,NA,NA,NA,NA,NA,NA,NA,NA,NA,NA,NA,NA,NA,NA,NA,NA,NA,NA,NA,NA,NA,NA,NA,NA,NA,NA,NA,NA,NA,NA,NA,NA,NA,NA,NA,NA,NA,NA,NA,to_lifespan,none,none,none,TRUE,warnings: Estimated overdispersion is negative. Using tau2 = 0.,FALSE
fg_manning__lifespan__raw,fg_manning,lifespan,raw,MRBEE,FALSE,FALSE,per unit of GWAS beta,0.026520557655887813,0.01176569282276444,0.0034597997232695132,0.04958131558850611,0.024192500060516632,21,NA,NA,NA,NA,NA,NA,NA,NA,1,0.023971885371287662,21,23.2321903297842,20,0.2775378515160677,0.1391255100747198,22.81771756738081,0.2454660083283975,0.9559044965726917,0.03439574179747413,58074,95.52552991973178,98.46987796527318,0.03439574179747413,7.06632803023462e-5,TRUE,0,NA,NA,NA,NA,NA,NA,NA,NA,NA,NA,NA,NA,NA,NA,NA,NA,NA,NA,NA,NA,NA,NA,NA,NA,NA,NA,NA,NA,NA,NA,NA,NA,NA,NA,NA,NA,NA,NA,NA,NA,NA,NA,NA,NA,NA,NA,NA,NA,NA,NA,NA,NA,NA,NA,NA,NA,NA,NA,NA,to_lifespan,none,none,none,TRUE,,TRUE
fg_manning__lifespan__raw,fg_manning,lifespan,raw,Weighted median,FALSE,FALSE,per unit of GWAS beta,0.030589462445165076,0.021277987139303407,-0.011115392347869603,0.07229431723819976,0.1505445371079211,21,NA,NA,NA,NA,NA,NA,NA,NA,NA,NA,21,23.2321903297842,20,0.2775378515160677,0.1391255100747198,22.81771756738081,0.2454660083283975,0.9559044965726917,0.03439574179747413,58074,95.52552991973178,98.46987796527318,0.03439574179747413,7.06632803023462e-5,TRUE,0,NA,NA,NA,NA,NA,NA,NA,NA,NA,NA,NA,NA,NA,NA,NA,NA,NA,NA,NA,NA,NA,NA,NA,NA,NA,NA,NA,NA,NA,NA,NA,NA,NA,NA,NA,NA,NA,NA,NA,NA,NA,NA,NA,NA,NA,NA,NA,NA,NA,NA,NA,NA,NA,NA,NA,NA,NA,NA,NA,to_lifespan,none,none,none,NA,NA,FALSE
fg_manning__lifespan__raw,fg_manning,lifespan,raw,Weighted mode,FALSE,FALSE,per unit of GWAS beta,0.030144856780064826,0.06582806951023278,-0.09887815945999141,0.15916787302012106,0.6519367771783386,21,NA,NA,NA,NA,NA,NA,NA,NA,NA,NA,21,23.2321903297842,20,0.2775378515160677,0.1391255100747198,22.81771756738081,0.2454660083283975,0.9559044965726917,0.03439574179747413,58074,95.52552991973178,98.46987796527318,0.03439574179747413,7.06632803023462e-5,TRUE,0,NA,NA,NA,NA,NA,NA,NA,NA,NA,NA,NA,NA,NA,NA,NA,NA,NA,NA,NA,NA,NA,NA,NA,NA,NA,NA,NA,NA,NA,NA,NA,NA,NA,NA,NA,NA,NA,NA,NA,NA,NA,NA,NA,NA,NA,NA,NA,NA,NA,NA,NA,NA,NA,NA,NA,NA,NA,NA,NA,to_lifespan,none,none,none,NA,NA,FALSE
glu2h_chen__lifespan__raw,glu2h_chen,lifespan,raw,IVW-FE,FALSE,FALSE,per unit of GWAS beta,0.02649523760510982,0.010482098046477598,0.005950325434013731,0.04704014977620591,0.011482369170849107,12,NA,NA,NA,NA,NA,NA,NA,NA,NA,NA,12,19.720009307739303,11,0.04933159923887395,0.4421909326542282,13.129318399272796,0.21653111299673966,0.8757353676698695,0.011209434538058477,63396,59.28711767676538,59.87850327315742,0.011209434538058477,6.708960661705919e-5,TRUE,0,NA,NA,NA,NA,NA,NA,NA,NA,NA,NA,NA,NA,NA,NA,NA,NA,NA,NA,NA,NA,NA,NA,NA,NA,NA,NA,NA,NA,NA,NA,NA,NA,NA,NA,NA,NA,NA,NA,NA,NA,NA,NA,NA,NA,NA,NA,NA,NA,NA,NA,NA,NA,NA,NA,NA,NA,NA,NA,NA,to_lifespan,none,none,none,NA,NA,FALSE
glu2h_chen__lifespan__raw,glu2h_chen,lifespan,raw,IVW-MRE,FALSE,FALSE,per unit of GWAS beta,0.02649523760510982,0.014034774297999947,-0.001012920018970076,0.05400339522918972,0.059049066820414414,12,1.3389279737481743,NA,NA,NA,NA,NA,NA,NA,NA,NA,12,19.720009307739303,11,0.04933159923887395,0.4421909326542282,13.129318399272796,0.21653111299673966,0.8757353676698695,0.011209434538058477,63396,59.28711767676538,59.87850327315742,0.011209434538058477,6.708960661705919e-5,TRUE,0,NA,NA,NA,NA,NA,NA,NA,NA,NA,NA,NA,NA,NA,NA,NA,NA,NA,NA,NA,NA,NA,NA,NA,NA,NA,NA,NA,NA,NA,NA,NA,NA,NA,NA,NA,NA,NA,NA,NA,NA,NA,NA,NA,NA,NA,NA,NA,NA,NA,NA,NA,NA,NA,NA,NA,NA,NA,NA,NA,to_lifespan,none,none,none,NA,NA,FALSE
glu2h_chen__lifespan__raw,glu2h_chen,lifespan,raw,MR-Egger,FALSE,FALSE,per unit of GWAS beta,-0.03903228456223967,0.03161703425657791,-0.10100167170513237,0.022937102580653027,0.2452269797873104,12,NA,0.0051706667472429125,0.0023078212404521034,0.04896293095483008,NA,NA,NA,NA,NA,NA,12,19.720009307739303,11,0.04933159923887395,0.4421909326542282,13.129318399272796,0.21653111299673966,0.8757353676698695,0.011209434538058477,63396,59.28711767676538,59.87850327315742,0.011209434538058477,6.708960661705919e-5,TRUE,0,NA,NA,NA,NA,NA,NA,NA,NA,NA,NA,NA,NA,NA,NA,NA,NA,NA,NA,NA,NA,NA,NA,NA,NA,NA,NA,NA,NA,NA,NA,NA,NA,NA,NA,NA,NA,NA,NA,NA,NA,NA,NA,NA,NA,NA,NA,NA,NA,NA,NA,NA,NA,NA,NA,NA,NA,NA,NA,NA,to_lifespan,none,none,none,NA,NA,FALSE
glu2h_chen__lifespan__raw,glu2h_chen,lifespan,raw,MR-PRESSO,FALSE,FALSE,per unit of GWAS beta,0.0264952376051098,0.0140347742979999,-0.0010129200189700031,0.05400339522918961,0.0856963904627808,12,NA,NA,NA,NA,0.058,0,Raw,NA,NA,NA,12,19.720009307739303,11,0.04933159923887395,0.4421909326542282,13.129318399272796,0.21653111299673966,0.8757353676698695,0.011209434538058477,63396,59.28711767676538,59.87850327315742,0.011209434538058477,6.708960661705919e-5,TRUE,0,NA,NA,NA,NA,NA,NA,NA,NA,NA,NA,NA,NA,NA,NA,NA,NA,NA,NA,NA,NA,NA,NA,NA,NA,NA,NA,NA,NA,NA,NA,NA,NA,NA,NA,NA,NA,NA,NA,NA,NA,NA,NA,NA,NA,NA,NA,NA,NA,NA,NA,NA,NA,NA,NA,NA,NA,NA,NA,NA,to_lifespan,none,none,none,NA,NA,FALSE
glu2h_chen__lifespan__raw,glu2h_chen,lifespan,raw,MR-RAPS,FALSE,FALSE,per unit of GWAS beta,0.032639214357229246,0.011107867245990456,0.010867794555087951,0.054410634159370544,0.0032992474680107954,12,NA,NA,NA,NA,NA,NA,NA,NA,NA,NA,12,19.720009307739303,11,0.04933159923887395,0.4421909326542282,13.129318399272796,0.21653111299673966,0.8757353676698695,0.011209434538058477,63396,59.28711767676538,59.87850327315742,0.011209434538058477,6.708960661705919e-5,TRUE,0,NA,NA,NA,NA,NA,NA,NA,NA,NA,NA,NA,NA,NA,NA,NA,NA,NA,NA,NA,NA,NA,NA,NA,NA,NA,NA,NA,NA,NA,NA,NA,NA,NA,NA,NA,NA,NA,NA,NA,NA,NA,NA,NA,NA,NA,NA,NA,NA,NA,NA,NA,NA,NA,NA,NA,NA,NA,NA,NA,to_lifespan,none,none,none,FALSE,over-dispersion optimiser failed (tau2 forced to 0),FALSE
glu2h_chen__lifespan__raw,glu2h_chen,lifespan,raw,MRBEE,FALSE,FALSE,per unit of GWAS beta,0.026912589776193527,0.016432984920125657,-0.005296060667252758,0.05912124021963981,0.10148060279634184,12,NA,NA,NA,NA,NA,NA,NA,NA,0,0.006099815040807833,12,19.720009307739303,11,0.04933159923887395,0.4421909326542282,13.129318399272796,0.21653111299673966,0.8757353676698695,0.011209434538058477,63396,59.28711767676538,59.87850327315742,0.011209434538058477,6.708960661705919e-5,TRUE,0,NA,NA,NA,NA,NA,NA,NA,NA,NA,NA,NA,NA,NA,NA,NA,NA,NA,NA,NA,NA,NA,NA,NA,NA,NA,NA,NA,NA,NA,NA,NA,NA,NA,NA,NA,NA,NA,NA,NA,NA,NA,NA,NA,NA,NA,NA,NA,NA,NA,NA,NA,NA,NA,NA,NA,NA,NA,NA,NA,to_lifespan,none,none,none,TRUE,,TRUE
glu2h_chen__lifespan__raw,glu2h_chen,lifespan,raw,Weighted median,FALSE,FALSE,per unit of GWAS beta,0.03950163689332026,0.01566094902175715,0.008806176810676247,0.07019709697596427,0.01165896954517633,12,NA,NA,NA,NA,NA,NA,NA,NA,NA,NA,12,19.720009307739303,11,0.04933159923887395,0.4421909326542282,13.129318399272796,0.21653111299673966,0.8757353676698695,0.011209434538058477,63396,59.28711767676538,59.87850327315742,0.011209434538058477,6.708960661705919e-5,TRUE,0,NA,NA,NA,NA,NA,NA,NA,NA,NA,NA,NA,NA,NA,NA,NA,NA,NA,NA,NA,NA,NA,NA,NA,NA,NA,NA,NA,NA,NA,NA,NA,NA,NA,NA,NA,NA,NA,NA,NA,NA,NA,NA,NA,NA,NA,NA,NA,NA,NA,NA,NA,NA,NA,NA,NA,NA,NA,NA,NA,to_lifespan,none,none,none,NA,NA,FALSE
glu2h_chen__lifespan__raw,glu2h_chen,lifespan,raw,Weighted mode,FALSE,FALSE,per unit of GWAS beta,0.04102505289864929,0.04408062185062385,-0.04537296592857345,0.12742307172587203,0.37199303139357265,12,NA,NA,NA,NA,NA,NA,NA,NA,NA,NA,12,19.720009307739303,11,0.04933159923887395,0.4421909326542282,13.129318399272796,0.21653111299673966,0.8757353676698695,0.011209434538058477,63396,59.28711767676538,59.87850327315742,0.011209434538058477,6.708960661705919e-5,TRUE,0,NA,NA,NA,NA,NA,NA,NA,NA,NA,NA,NA,NA,NA,NA,NA,NA,NA,NA,NA,NA,NA,NA,NA,NA,NA,NA,NA,NA,NA,NA,NA,NA,NA,NA,NA,NA,NA,NA,NA,NA,NA,NA,NA,NA,NA,NA,NA,NA,NA,NA,NA,NA,NA,NA,NA,NA,NA,NA,NA,to_lifespan,none,none,none,NA,NA,FALSE
leanmass_pei__lifespan__raw,leanmass_pei,lifespan,raw,IVW-FE,FALSE,FALSE,per unit of GWAS beta,-0.010489581530378588,0.005087576002942947,-0.020461230496146763,-5.179325646104127e-4,0.039226456691926585,548,NA,NA,NA,NA,NA,NA,NA,NA,NA,NA,548,1002.6363552879284,547,3.0943877008900053e-29,0.45443829448721984,1000.1158696024662,4.0618839652033075e-29,0.9473798644712312,0.1207727719107472,450243,99.27811561084503,112.72089794619285,0.1207727719107472,0.0025872512283005972,TRUE,0,NA,NA,NA,NA,NA,NA,NA,NA,NA,NA,NA,NA,NA,NA,NA,NA,NA,NA,NA,NA,NA,NA,NA,NA,NA,NA,NA,NA,NA,NA,NA,NA,NA,NA,NA,NA,NA,NA,NA,NA,NA,NA,NA,NA,NA,NA,NA,NA,NA,NA,NA,NA,NA,NA,NA,NA,NA,NA,NA,to_lifespan,none,none,UKB,NA,NA,FALSE
leanmass_pei__lifespan__raw,leanmass_pei,lifespan,raw,IVW-MRE,FALSE,FALSE,per unit of GWAS beta,-0.010489581530378588,0.00688793390351517,-0.023989931981268323,0.003010768920511145,0.12778565159054564,548,1.3538734162459278,NA,NA,NA,NA,NA,NA,NA,NA,NA,548,1002.6363552879284,547,3.0943877008900053e-29,0.45443829448721984,1000.1158696024662,4.0618839652033075e-29,0.9473798644712312,0.1207727719107472,450243,99.27811561084503,112.72089794619285,0.1207727719107472,0.0025872512283005972,TRUE,0,NA,NA,NA,NA,NA,NA,NA,NA,NA,NA,NA,NA,NA,NA,NA,NA,NA,NA,NA,NA,NA,NA,NA,NA,NA,NA,NA,NA,NA,NA,NA,NA,NA,NA,NA,NA,NA,NA,NA,NA,NA,NA,NA,NA,NA,NA,NA,NA,NA,NA,NA,NA,NA,NA,NA,NA,NA,NA,NA,to_lifespan,none,none,UKB,NA,NA,FALSE
leanmass_pei__lifespan__raw,leanmass_pei,lifespan,raw,MR-Egger,FALSE,FALSE,per unit of GWAS beta,0.006114789723239718,0.015740851431433257,-0.024737279082369466,0.0369668585288489,0.6978224417604599,548,NA,-4.114211161839425e-4,3.5073030943569614e-4,0.2412907601455176,NA,NA,NA,NA,NA,NA,548,1002.6363552879284,547,3.0943877008900053e-29,0.45443829448721984,1000.1158696024662,4.0618839652033075e-29,0.9473798644712312,0.1207727719107472,450243,99.27811561084503,112.72089794619285,0.1207727719107472,0.0025872512283005972,TRUE,0,NA,NA,NA,NA,NA,NA,NA,NA,NA,NA,NA,NA,NA,NA,NA,NA,NA,NA,NA,NA,NA,NA,NA,NA,NA,NA,NA,NA,NA,NA,NA,NA,NA,NA,NA,NA,NA,NA,NA,NA,NA,NA,NA,NA,NA,NA,NA,NA,NA,NA,NA,NA,NA,NA,NA,NA,NA,NA,NA,to_lifespan,none,none,UKB,NA,NA,FALSE
leanmass_pei__lifespan__raw,leanmass_pei,lifespan,raw,MR-PRESSO,FALSE,FALSE,per unit of GWAS beta,-0.00860753313142441,0.00642247218802221,-0.02119557861994794,0.003980512357099121,0.180738118045895,540,NA,NA,NA,NA,0.001,8,Outlier-corrected,0.71,NA,NA,548,1002.6363552879284,547,3.0943877008900053e-29,0.45443829448721984,1000.1158696024662,4.0618839652033075e-29,0.9473798644712312,0.1207727719107472,450243,99.27811561084503,112.72089794619285,0.1207727719107472,0.0025872512283005972,TRUE,0,NA,NA,NA,NA,NA,NA,NA,NA,NA,NA,NA,NA,NA,NA,NA,NA,NA,NA,NA,NA,NA,NA,NA,NA,NA,NA,NA,NA,NA,NA,NA,NA,NA,NA,NA,NA,NA,NA,NA,NA,NA,NA,NA,NA,NA,NA,NA,NA,NA,NA,NA,NA,NA,NA,NA,NA,NA,NA,NA,to_lifespan,none,none,UKB,NA,NA,FALSE
leanmass_pei__lifespan__raw,leanmass_pei,lifespan,raw,MR-RAPS,FALSE,FALSE,per unit of GWAS beta,-0.008069338127720567,0.006755812787246363,-0.021310731190723436,0.005172054935282304,0.2323102322762943,548,NA,NA,NA,NA,NA,NA,NA,NA,NA,NA,548,1002.6363552879284,547,3.0943877008900053e-29,0.45443829448721984,1000.1158696024662,4.0618839652033075e-29,0.9473798644712312,0.1207727719107472,450243,99.27811561084503,112.72089794619285,0.1207727719107472,0.0025872512283005972,TRUE,0,NA,NA,NA,NA,NA,NA,NA,NA,NA,NA,NA,NA,NA,NA,NA,NA,NA,NA,NA,NA,NA,NA,NA,NA,NA,NA,NA,NA,NA,NA,NA,NA,NA,NA,NA,NA,NA,NA,NA,NA,NA,NA,NA,NA,NA,NA,NA,NA,NA,NA,NA,NA,NA,NA,NA,NA,NA,NA,NA,to_lifespan,none,none,UKB,TRUE,,FALSE
leanmass_pei__lifespan__raw,leanmass_pei,lifespan,raw,MRBEE,FALSE,FALSE,per unit of GWAS beta,-0.008748895361039361,0.0070540429963141405,-0.022574819633815076,0.005077028911736354,0.21487672652705986,548,NA,NA,NA,NA,NA,NA,NA,NA,1,-0.02105954880851643,548,1002.6363552879284,547,3.0943877008900053e-29,0.45443829448721984,1000.1158696024662,4.0618839652033075e-29,0.9473798644712312,0.1207727719107472,450243,99.27811561084503,112.72089794619285,0.1207727719107472,0.0025872512283005972,TRUE,0,NA,NA,NA,NA,NA,NA,NA,NA,NA,NA,NA,NA,NA,NA,NA,NA,NA,NA,NA,NA,NA,NA,NA,NA,NA,NA,NA,NA,NA,NA,NA,NA,NA,NA,NA,NA,NA,NA,NA,NA,NA,NA,NA,NA,NA,NA,NA,NA,NA,NA,NA,NA,NA,NA,NA,NA,NA,NA,NA,to_lifespan,none,none,UKB,TRUE,,TRUE
leanmass_pei__lifespan__raw,leanmass_pei,lifespan,raw,Weighted median,FALSE,FALSE,per unit of GWAS beta,-0.010723749556502675,0.009062612126758572,-0.028486469324949474,0.007038970211944124,0.23669199404108493,548,NA,NA,NA,NA,NA,NA,NA,NA,NA,NA,548,1002.6363552879284,547,3.0943877008900053e-29,0.45443829448721984,1000.1158696024662,4.0618839652033075e-29,0.9473798644712312,0.1207727719107472,450243,99.27811561084503,112.72089794619285,0.1207727719107472,0.0025872512283005972,TRUE,0,NA,NA,NA,NA,NA,NA,NA,NA,NA,NA,NA,NA,NA,NA,NA,NA,NA,NA,NA,NA,NA,NA,NA,NA,NA,NA,NA,NA,NA,NA,NA,NA,NA,NA,NA,NA,NA,NA,NA,NA,NA,NA,NA,NA,NA,NA,NA,NA,NA,NA,NA,NA,NA,NA,NA,NA,NA,NA,NA,to_lifespan,none,none,UKB,NA,NA,FALSE
leanmass_pei__lifespan__raw,leanmass_pei,lifespan,raw,Weighted mode,FALSE,FALSE,per unit of GWAS beta,-0.01813328913927648,0.044432302353721545,-0.1052206017525707,0.06895402347401774,0.6833522477097351,548,NA,NA,NA,NA,NA,NA,NA,NA,NA,NA,548,1002.6363552879284,547,3.0943877008900053e-29,0.45443829448721984,1000.1158696024662,4.0618839652033075e-29,0.9473798644712312,0.1207727719107472,450243,99.27811561084503,112.72089794619285,0.1207727719107472,0.0025872512283005972,TRUE,0,NA,NA,NA,NA,NA,NA,NA,NA,NA,NA,NA,NA,NA,NA,NA,NA,NA,NA,NA,NA,NA,NA,NA,NA,NA,NA,NA,NA,NA,NA,NA,NA,NA,NA,NA,NA,NA,NA,NA,NA,NA,NA,NA,NA,NA,NA,NA,NA,NA,NA,NA,NA,NA,NA,NA,NA,NA,NA,NA,to_lifespan,none,none,UKB,NA,NA,FALSE
t2d_xue__lifespan__raw,t2d_xue,lifespan,raw,IVW-FE,FALSE,FALSE,per unit of GWAS beta,0.02730048244633533,0.0033888458876650943,0.020658344506511744,0.03394262038615892,7.884305095234009e-16,109,NA,NA,NA,NA,NA,NA,NA,NA,NA,NA,109,238.71142719065918,108,7.182260751749939e-12,0.5475708839286515,225.67290391804266,1.7683919780251476e-10,0.9357206893259892,0.01254898559662421,655666,75.52930428916248,76.43219980177557,0.01254898559662421,7.801404698350274e-4,TRUE,0,NA,NA,NA,NA,NA,NA,NA,NA,NA,NA,NA,NA,NA,NA,NA,NA,NA,NA,NA,NA,NA,NA,NA,NA,NA,NA,NA,NA,NA,NA,NA,NA,NA,NA,NA,NA,NA,NA,NA,NA,NA,NA,NA,NA,NA,NA,NA,NA,NA,NA,NA,NA,NA,NA,NA,NA,NA,NA,NA,to_lifespan,none,none,UKB,NA,NA,FALSE
t2d_xue__lifespan__raw,t2d_xue,lifespan,raw,IVW-MRE,FALSE,FALSE,per unit of GWAS beta,0.02730048244633533,0.005038213254085885,0.017425584468326996,0.037175380424343665,6.00395347610482e-8,109,1.486704742881418,NA,NA,NA,NA,NA,NA,NA,NA,NA,109,238.71142719065918,108,7.182260751749939e-12,0.5475708839286515,225.67290391804266,1.7683919780251476e-10,0.9357206893259892,0.01254898559662421,655666,75.52930428916248,76.43219980177557,0.01254898559662421,7.801404698350274e-4,TRUE,0,NA,NA,NA,NA,NA,NA,NA,NA,NA,NA,NA,NA,NA,NA,NA,NA,NA,NA,NA,NA,NA,NA,NA,NA,NA,NA,NA,NA,NA,NA,NA,NA,NA,NA,NA,NA,NA,NA,NA,NA,NA,NA,NA,NA,NA,NA,NA,NA,NA,NA,NA,NA,NA,NA,NA,NA,NA,NA,NA,to_lifespan,none,none,UKB,NA,NA,FALSE
t2d_xue__lifespan__raw,t2d_xue,lifespan,raw,MR-Egger,FALSE,FALSE,per unit of GWAS beta,0.0025733638943719055,0.011096192720056233,-0.01917517383693831,0.02432190162568212,0.8170476663615425,109,NA,0.002002149153247125,8.052487222798904e-4,0.014451189610144863,NA,NA,NA,NA,NA,NA,109,238.71142719065918,108,7.182260751749939e-12,0.5475708839286515,225.67290391804266,1.7683919780251476e-10,0.9357206893259892,0.01254898559662421,655666,75.52930428916248,76.43219980177557,0.01254898559662421,7.801404698350274e-4,TRUE,0,NA,NA,NA,NA,NA,NA,NA,NA,NA,NA,NA,NA,NA,NA,NA,NA,NA,NA,NA,NA,NA,NA,NA,NA,NA,NA,NA,NA,NA,NA,NA,NA,NA,NA,NA,NA,NA,NA,NA,NA,NA,NA,NA,NA,NA,NA,NA,NA,NA,NA,NA,NA,NA,NA,NA,NA,NA,NA,NA,to_lifespan,none,none,UKB,NA,NA,FALSE
t2d_xue__lifespan__raw,t2d_xue,lifespan,raw,MR-PRESSO,FALSE,FALSE,per unit of GWAS beta,0.0244336803309382,0.00459401730586422,0.015429406411444328,0.03343795425043207,5.94245801247389e-7,106,NA,NA,NA,NA,0.001,3,Outlier-corrected,0.47,NA,NA,109,238.71142719065918,108,7.182260751749939e-12,0.5475708839286515,225.67290391804266,1.7683919780251476e-10,0.9357206893259892,0.01254898559662421,655666,75.52930428916248,76.43219980177557,0.01254898559662421,7.801404698350274e-4,TRUE,0,NA,NA,NA,NA,NA,NA,NA,NA,NA,NA,NA,NA,NA,NA,NA,NA,NA,NA,NA,NA,NA,NA,NA,NA,NA,NA,NA,NA,NA,NA,NA,NA,NA,NA,NA,NA,NA,NA,NA,NA,NA,NA,NA,NA,NA,NA,NA,NA,NA,NA,NA,NA,NA,NA,NA,NA,NA,NA,NA,to_lifespan,none,none,UKB,NA,NA,FALSE
t2d_xue__lifespan__raw,t2d_xue,lifespan,raw,MR-RAPS,FALSE,FALSE,per unit of GWAS beta,0.0250260265146608,0.00499956554328406,0.015226878049824042,0.03482517497949756,5.567665653895185e-7,109,NA,NA,NA,NA,NA,NA,NA,NA,NA,NA,109,238.71142719065918,108,7.182260751749939e-12,0.5475708839286515,225.67290391804266,1.7683919780251476e-10,0.9357206893259892,0.01254898559662421,655666,75.52930428916248,76.43219980177557,0.01254898559662421,7.801404698350274e-4,TRUE,0,NA,NA,NA,NA,NA,NA,NA,NA,NA,NA,NA,NA,NA,NA,NA,NA,NA,NA,NA,NA,NA,NA,NA,NA,NA,NA,NA,NA,NA,NA,NA,NA,NA,NA,NA,NA,NA,NA,NA,NA,NA,NA,NA,NA,NA,NA,NA,NA,NA,NA,NA,NA,NA,NA,NA,NA,NA,NA,NA,to_lifespan,none,none,UKB,TRUE,,FALSE
t2d_xue__lifespan__raw,t2d_xue,lifespan,raw,MRBEE,FALSE,FALSE,per unit of GWAS beta,0.027384473902480787,0.0050881991424734044,0.017411603583232915,0.037357344221728664,7.367997291795275e-8,109,NA,NA,NA,NA,NA,NA,NA,NA,0,0.0704966964858283,109,238.71142719065918,108,7.182260751749939e-12,0.5475708839286515,225.67290391804266,1.7683919780251476e-10,0.9357206893259892,0.01254898559662421,655666,75.52930428916248,76.43219980177557,0.01254898559662421,7.801404698350274e-4,TRUE,0,NA,NA,NA,NA,NA,NA,NA,NA,NA,NA,NA,NA,NA,NA,NA,NA,NA,NA,NA,NA,NA,NA,NA,NA,NA,NA,NA,NA,NA,NA,NA,NA,NA,NA,NA,NA,NA,NA,NA,NA,NA,NA,NA,NA,NA,NA,NA,NA,NA,NA,NA,NA,NA,NA,NA,NA,NA,NA,NA,to_lifespan,none,none,UKB,TRUE,,TRUE
t2d_xue__lifespan__raw,t2d_xue,lifespan,raw,Weighted median,FALSE,FALSE,per unit of GWAS beta,0.018237084638691763,0.006889441821170774,0.004733778669197046,0.03174039060818648,0.008118383644793165,109,NA,NA,NA,NA,NA,NA,NA,NA,NA,NA,109,238.71142719065918,108,7.182260751749939e-12,0.5475708839286515,225.67290391804266,1.7683919780251476e-10,0.9357206893259892,0.01254898559662421,655666,75.52930428916248,76.43219980177557,0.01254898559662421,7.801404698350274e-4,TRUE,0,NA,NA,NA,NA,NA,NA,NA,NA,NA,NA,NA,NA,NA,NA,NA,NA,NA,NA,NA,NA,NA,NA,NA,NA,NA,NA,NA,NA,NA,NA,NA,NA,NA,NA,NA,NA,NA,NA,NA,NA,NA,NA,NA,NA,NA,NA,NA,NA,NA,NA,NA,NA,NA,NA,NA,NA,NA,NA,NA,to_lifespan,none,none,UKB,NA,NA,FALSE
t2d_xue__lifespan__raw,t2d_xue,lifespan,raw,Weighted mode,FALSE,FALSE,per unit of GWAS beta,0.015403614648757474,0.036998619751024295,-0.05711368006325014,0.08792090936076509,0.6779951619849596,109,NA,NA,NA,NA,NA,NA,NA,NA,NA,NA,109,238.71142719065918,108,7.182260751749939e-12,0.5475708839286515,225.67290391804266,1.7683919780251476e-10,0.9357206893259892,0.01254898559662421,655666,75.52930428916248,76.43219980177557,0.01254898559662421,7.801404698350274e-4,TRUE,0,NA,NA,NA,NA,NA,NA,NA,NA,NA,NA,NA,NA,NA,NA,NA,NA,NA,NA,NA,NA,NA,NA,NA,NA,NA,NA,NA,NA,NA,NA,NA,NA,NA,NA,NA,NA,NA,NA,NA,NA,NA,NA,NA,NA,NA,NA,NA,NA,NA,NA,NA,NA,NA,NA,NA,NA,NA,NA,NA,to_lifespan,none,none,UKB,NA,NA,FALSE
