num_snps,samplesize.exposure,cumulative_R2,mean_F,median_F,mean_maf,mean_beta,overall_F
360,420607,0.10443059241953802,122.24241869369504,48.858540397490266,0.3172824052777778,0.031082222222222223,136.12239434384097
