num_snps,samplesize.exposure,cumulative_R2,mean_F,median_F,mean_maf,mean_beta,overall_F
261,420607,0.09192032658043886,148.44499120755634,52.68925046473354,0.3498815329501916,0.030468659003831416,163.02453972297533
