num_snps,mean_beta,mean_se,mean_maf
236,0.009978389830508475,0.009746610169491526,0.24833050847457627
