num_snps,samplesize.exposure,cumulative_R2,mean_F,median_F,mean_maf,mean_beta,overall_F
262,420607,0.09160288516493263,147.3678707471377,52.58700795411003,0.3523363438931298,0.030439045801526718,161.78452113112863
