num_snps,samplesize.exposure,cumulative_R2,mean_F,median_F,mean_maf,mean_beta,overall_F
370,420607,0.10606395500608738,120.79572113112758,48.90980759752415,0.31708397135135136,0.03087727027027027,134.7574853672623
