num_snps,samplesize.exposure,cumulative_R2,mean_F,median_F,mean_maf,mean_beta,overall_F
236,419831,0.08861631524956197,158.02547626979066,51.04585662350958,0.34286653855932203,0.03213343220338983,172.87400932221735
