num_snps,samplesize.exposure,cumulative_R2,mean_F,median_F,mean_maf,mean_beta,overall_F
268,420607,0.09392771348442006,147.72047025460802,52.68953777538384,0.3525340313432836,0.03030399253731343,162.59034876344015
