num_snps,samplesize.exposure,cumulative_R2,mean_F,median_F,mean_maf,mean_beta,overall_F
236,420607,0.08861631524956197,158.31756607203243,51.14020833513465,0.34286653855932203,0.03213343220338983,173.19372369190336
