num_snps,mean_beta,mean_se,mean_maf
285,0.009180701754385965,0.009341052631578948,0.2567684210526316
