num_snps,samplesize.exposure,cumulative_R2,mean_F,median_F,mean_maf,mean_beta,overall_F
285,420607,0.09721884211094334,143.76725777203714,53.492500950645514,0.3497575747368421,0.03012659649122807,158.819632475174
