num_snps,mean_beta,mean_se,mean_maf
277,0.014672924187725632,0.008944404332129964,0.2610072202166065
