num_snps,mean_beta,mean_se,mean_maf
277,0.012755234657039712,0.012143682310469313,0.2610072202166065
