num_snps,samplesize.exposure,cumulative_R2,mean_F,median_F,mean_maf,mean_beta,overall_F
277,385066,0.06383648844245107,88.84670273367871,54.59161445642173,0.36708631949458487,0.02598736462093863,94.72378204670869
