outcome,exposure,method,nsnp,b,se,pval
Calcium (MGI-BioVU LabWAS),Total Cholesterol (UK Biobank),Inverse variance weighted,280,0.06451097970308692,0.0187437705300958,5.780088723057784e-4
Calcium (MGI-BioVU LabWAS),Total Cholesterol (UK Biobank),MR Egger,280,0.037581375435293746,0.030393755926894493,0.21732253641611757
Calcium (MGI-BioVU LabWAS),Total Cholesterol (UK Biobank),Weighted median,280,0.053730108781016354,0.026208997515321804,0.04035823610533066
Calcium (MGI-BioVU LabWAS),Total Cholesterol (UK Biobank),Weighted mode,280,0.05516288955980498,0.027527517963173587,0.046045414582247667
