outcome,exposure,method,nsnp,b,se,pval
Total Cholesterol (MGI-BioVU LabWAS),Calcium (UK Biobank),Inverse variance weighted,275,0.032309563363227975,0.03794539118727927,0.3945053781345162
Total Cholesterol (MGI-BioVU LabWAS),Calcium (UK Biobank),MR Egger,275,0.01242770707656269,0.08064169050281807,0.8776367086079488
Total Cholesterol (MGI-BioVU LabWAS),Calcium (UK Biobank),Weighted median,275,0.010951745423981259,0.05523257104322498,0.8428227233132584
Total Cholesterol (MGI-BioVU LabWAS),Calcium (UK Biobank),Weighted mode,275,0.01825767232107489,0.05689147391037794,0.7485148467104576
