outcome,exposure,method,nsnp,b,se,pval
LDL Cholesterol (MGI-BioVU LabWAS),Calcium (UK Biobank),Inverse variance weighted,275,-0.0010878546042173876,0.03832134210754954,0.977352937539125
LDL Cholesterol (MGI-BioVU LabWAS),Calcium (UK Biobank),MR Egger,275,-0.0659224207243666,0.08060789267236568,0.4141754822742644
LDL Cholesterol (MGI-BioVU LabWAS),Calcium (UK Biobank),Weighted median,275,-0.05986478273852861,0.04896827332079238,0.22151035665468183
LDL Cholesterol (MGI-BioVU LabWAS),Calcium (UK Biobank),Weighted mode,275,-3.8379406955972584e-4,0.05801518554518837,0.994726521215866
