outcome,exposure,method,nsnp,b,se,pval
Calcium (Michigan GWAS),Calcium (UK Biobank),IVW-RE,275,0.5437074732992949,0.02344944470094175,6.249923780266899e-119
Calcium (Michigan GWAS),Calcium (UK Biobank),IVW-FE,275,0.5437074732992949,0.018302988707139332,6.435451225809973e-194
Calcium (Michigan GWAS),Calcium (UK Biobank),Weighted median,275,0.557602131662894,0.033810757253218963,4.198536313576494e-61
Calcium (Michigan GWAS),Calcium (UK Biobank),MR Egger,275,0.6806915722464949,0.048589609638304,5.752554954623555e-34
Calcium (Michigan GWAS),Calcium (UK Biobank),Weighted mode,275,0.5572371172368944,0.06372566650632894,2.3101834399179406e-16
Calcium (Michigan GWAS),Calcium (UK Biobank),MR-PRESSO (Raw),275,0.5451829504759725,0.023376718161136793,3.2811225408546084e-67
Calcium (Michigan GWAS),Calcium (UK Biobank),MR-PRESSO (Corrected),275,0.5355131691017965,0.02173214857397482,1.816145807335162e-71
Calcium (Michigan GWAS),Calcium (UK Biobank),MR-RAPS,275,0.5420479907683398,0.021704404610220808,1.1689105613810305e-137
Calcium (Michigan GWAS),Calcium (UK Biobank),MR-CAUSE,275,0.48308502952563587,0.03571428571428573,NA
