outcome,exposure,method,nsnp,b,se,pval
Calcium (Michigan GWAS),Calcium (UK Biobank),Inverse variance weighted,275,0.5437074732992947,0.02344944470094175,6.249923780267931e-119
Calcium (Michigan GWAS),Calcium (UK Biobank),MR Egger,275,0.6806915722464946,0.04858960963830399,5.7525549546237185e-34
Calcium (Michigan GWAS),Calcium (UK Biobank),Robust adjusted profile score (RAPS),275,0.5420479907683599,0.021704404610300595,1.168910564038238e-137
Calcium (Michigan GWAS),Calcium (UK Biobank),Weighted median,275,0.557602131662894,0.032099536655491194,1.3674034595849674e-67
Calcium (Michigan GWAS),Calcium (UK Biobank),Weighted mode,275,0.5572371172368944,0.057786608484224,3.8978638071458736e-19
