outcome,exposure,method,nsnp,b,se,pval
Calcium (Michigan GWAS),Calcium (UK Biobank),Inverse variance weighted,275,0.5437074732992947,0.02344944470094175,6.249923780267931e-119
Calcium (Michigan GWAS),Calcium (UK Biobank),MR Egger,275,0.6806915722464946,0.04858960963830399,5.7525549546237185e-34
Calcium (Michigan GWAS),Calcium (UK Biobank),Weighted median,275,0.557602131662894,0.03450781138936085,9.858427378876492e-59
Calcium (Michigan GWAS),Calcium (UK Biobank),Weighted mode,275,0.5572371172368944,0.05769051148498067,3.467822826094387e-19
