outcome,exposure,method,nsnp,b,se,pval
Calcium (Michigan GWAS),Calcium (UK Biobank),Inverse variance weighted (multiplicative random effects),275,0.5437074732992949,0.02344944470094175,6.249923780266899e-119
Calcium (Michigan GWAS),Calcium (UK Biobank),Inverse variance weighted (fixed effects),275,0.5437074732992949,0.018302988707139332,6.435451225809973e-194
Calcium (Michigan GWAS),Calcium (UK Biobank),MR Egger,275,0.6806915722464949,0.048589609638304,5.752554954623555e-34
Calcium (Michigan GWAS),Calcium (UK Biobank),Robust adjusted profile score (RAPS),275,0.5420479907689666,0.021704404612724267,1.1689106447628066e-137
Calcium (Michigan GWAS),Calcium (UK Biobank),Weighted median,275,0.557602131662894,0.03352286473373514,3.98700699881755e-62
Calcium (Michigan GWAS),Calcium (UK Biobank),Weighted mode,275,0.5572371172368944,0.05838632213448251,7.998372872855717e-19
Calcium (Michigan GWAS),Calcium (UK Biobank),MR-PRESSO (Raw),275,0.5451829504759725,0.023376718161136793,3.2811225408546084e-67
Calcium (Michigan GWAS),Calcium (UK Biobank),MR-PRESSO (Outlier-corrected),275,0.5355131691017965,0.02173214857397482,1.816145807335162e-71
