outcome,exposure,method,nsnp,b,se,pval
Calcium (MGI-BioVU LabWAS),LDL Cholesterol (UK Biobank),Inverse variance weighted,232,0.053282441351653366,0.019368537105742656,0.005941742870690957
Calcium (MGI-BioVU LabWAS),LDL Cholesterol (UK Biobank),MR Egger,232,0.0501729456830838,0.02885836024737543,0.08344451758594448
Calcium (MGI-BioVU LabWAS),LDL Cholesterol (UK Biobank),Weighted median,232,0.05490734385724091,0.024321180903516045,0.023971004170052337
Calcium (MGI-BioVU LabWAS),LDL Cholesterol (UK Biobank),Weighted mode,232,0.05527702646388676,0.02429199118257228,0.023791338308012392
