outcome,exposure,method,nsnp,b,se,pval
Calcium (Michigan GWAS),Calcium (UK Biobank),Inverse variance weighted,275,0.5437074732992947,0.02344944470094175,6.249923780267931e-119
Calcium (Michigan GWAS),Calcium (UK Biobank),MR Egger,275,0.6806915722464946,0.04858960963830399,5.7525549546237185e-34
Calcium (Michigan GWAS),Calcium (UK Biobank),Robust adjusted profile score (RAPS),275,0.5420479907683773,0.021704404610369276,1.1689105663255347e-137
Calcium (Michigan GWAS),Calcium (UK Biobank),Weighted median,275,0.557602131662894,0.03255098948093726,8.848252631792788e-66
Calcium (Michigan GWAS),Calcium (UK Biobank),Weighted mode,275,0.5572371172368944,0.0643559378296536,4.172988586113664e-16
Calcium (Michigan GWAS),Calcium (UK Biobank),MR-PRESSO (Raw),275,0.5451829504759724,0.023376718161136793,3.2811225408546084e-67
Calcium (Michigan GWAS),Calcium (UK Biobank),MR-PRESSO (Outlier-corrected),275,0.5355131691017968,0.021732148573974822,1.816145807335007e-71
