num_snps,mean_beta,mean_se,mean_maf
277,0.012199638989169675,0.012583032490974729,0.2610072202166065
